{
  "type": "FeatureCollection",
  "name": "circuito_04",
  "features": [
    {
      "type": "Feature",
      "properties": {
        "gid": 83,
        "distrito": 4,
        "provincia": "Córdoba",
        "departamen": "Capital",
        "cabecera": "Córdoba",
        "circuito": "013E",
        "indec_p": 14,
        "indec_d": 14
      },
      "geometry": {
        "type": "Polygon",
        "coordinates": [
          [
            [
              -64.0979721,
              -31.3805755,
              0.0
            ],
            [
              -64.0971061,
              -31.3591532,
              0.0
            ],
            [
              -64.1177978,
              -31.3594573,
              0.0
            ],
            [
              -64.1182807,
              -31.3664343,
              0.0
            ],
            [
              -64.1188816,
              -31.3751126,
              0.0
            ],
            [
              -64.1196045,
              -31.3855511,
              0.0
            ],
            [
              -64.1180861,
              -31.3852246,
              0.0
            ],
            [
              -64.1106858,
              -31.3834846,
              0.0
            ],
            [
              -64.1086913,
              -31.3830272,
              0.0
            ],
            [
              -64.1049755,
              -31.3821749,
              0.0
            ],
            [
              -64.10443,
              -31.3820504,
              0.0
            ],
            [
              -64.0979721,
              -31.3805755,
              0.0
            ]
          ]
        ]
      }
    },
    {
      "type": "Feature",
      "properties": {
        "gid": 1,
        "distrito": 4,
        "provincia": "Córdoba",
        "departamen": "Capital",
        "cabecera": "Córdoba",
        "circuito": "0001",
        "indec_p": 14,
        "indec_d": 14
      },
      "geometry": {
        "type": "Polygon",
        "coordinates": [
          [
            [
              -64.1861092,
              -31.4207653,
              0.0
            ],
            [
              -64.1847592,
              -31.4211252,
              0.0
            ],
            [
              -64.1843892,
              -31.4212252,
              0.0
            ],
            [
              -64.1837792,
              -31.4213951,
              0.0
            ],
            [
              -64.1834392,
              -31.4214752,
              0.0
            ],
            [
              -64.1820592,
              -31.4218151,
              0.0
            ],
            [
              -64.1807291,
              -31.422145,
              0.0
            ],
            [
              -64.1793291,
              -31.4224851,
              0.0
            ],
            [
              -64.1778691,
              -31.4228551,
              0.0
            ],
            [
              -64.1766891,
              -31.423175,
              0.0
            ],
            [
              -64.174799,
              -31.4236951,
              0.0
            ],
            [
              -64.174429,
              -31.4235351,
              0.0
            ],
            [
              -64.174119,
              -31.4233951,
              0.0
            ],
            [
              -64.1741007,
              -31.4233961,
              0.0
            ],
            [
              -64.1719142,
              -31.4225098,
              0.0
            ],
            [
              -64.1720189,
              -31.4224051,
              0.0
            ],
            [
              -64.1726189,
              -31.4213751,
              0.0
            ],
            [
              -64.1735477,
              -31.4179489,
              0.0
            ],
            [
              -64.1737088,
              -31.417355,
              0.0
            ],
            [
              -64.1744487,
              -31.4159849,
              0.0
            ],
            [
              -64.1744831,
              -31.4149256,
              0.0
            ],
            [
              -64.175263,
              -31.4146049,
              0.0
            ],
            [
              -64.1758639,
              -31.4144426,
              0.0
            ],
            [
              -64.1773035,
              -31.4139724,
              0.0
            ],
            [
              -64.1773087,
              -31.4139848,
              0.0
            ],
            [
              -64.1786087,
              -31.4136048,
              0.0
            ],
            [
              -64.1800188,
              -31.4132348,
              0.0
            ],
            [
              -64.1813288,
              -31.4128549,
              0.0
            ],
            [
              -64.1826588,
              -31.4124649,
              0.0
            ],
            [
              -64.1839889,
              -31.4120849,
              0.0
            ],
            [
              -64.1853789,
              -31.411665,
              0.0
            ],
            [
              -64.1868089,
              -31.411255,
              0.0
            ],
            [
              -64.1880989,
              -31.4108652,
              0.0
            ],
            [
              -64.189509,
              -31.4104553,
              0.0
            ],
            [
              -64.1895088,
              -31.410455,
              0.0
            ],
            [
              -64.190678,
              -31.4101129,
              0.0
            ],
            [
              -64.190679,
              -31.4101153,
              0.0
            ],
            [
              -64.191189,
              -31.4111954,
              0.0
            ],
            [
              -64.191479,
              -31.4116855,
              0.0
            ],
            [
              -64.1916091,
              -31.4123855,
              0.0
            ],
            [
              -64.1918891,
              -31.4124056,
              0.0
            ],
            [
              -64.1918991,
              -31.4127356,
              0.0
            ],
            [
              -64.1922091,
              -31.4135056,
              0.0
            ],
            [
              -64.1922177,
              -31.4135032,
              0.0
            ],
            [
              -64.1926576,
              -31.4146832,
              0.0
            ],
            [
              -64.1930884,
              -31.4158389,
              0.0
            ],
            [
              -64.1935486,
              -31.4170732,
              0.0
            ],
            [
              -64.1935393,
              -31.4170759,
              0.0
            ],
            [
              -64.1922393,
              -31.4174657,
              0.0
            ],
            [
              -64.1909392,
              -31.4178556,
              0.0
            ],
            [
              -64.1903492,
              -31.4180056,
              0.0
            ],
            [
              -64.1900193,
              -31.4181055,
              0.0
            ],
            [
              -64.1899592,
              -31.4182955,
              0.0
            ],
            [
              -64.1898793,
              -31.4185656,
              0.0
            ],
            [
              -64.1896792,
              -31.4181255,
              0.0
            ],
            [
              -64.1882692,
              -31.4185054,
              0.0
            ],
            [
              -64.1888893,
              -31.4200154,
              0.0
            ],
            [
              -64.1875293,
              -31.4203753,
              0.0
            ],
            [
              -64.1861092,
              -31.4207653,
              0.0
            ]
          ]
        ]
      }
    },
    {
      "type": "Feature",
      "properties": {
        "gid": 2,
        "distrito": 4,
        "provincia": "Córdoba",
        "departamen": "Capital",
        "cabecera": "Córdoba",
        "circuito": "0002",
        "indec_p": 14,
        "indec_d": 14
      },
      "geometry": {
        "type": "Polygon",
        "coordinates": [
          [
            [
              -64.1744995,
              -31.4115278,
              0.0
            ],
            [
              -64.1744195,
              -31.4101868,
              0.0
            ],
            [
              -64.1744995,
              -31.4095338,
              0.0
            ],
            [
              -64.1746204,
              -31.4085367,
              0.0
            ],
            [
              -64.1748224,
              -31.4076767,
              0.0
            ],
            [
              -64.1750235,
              -31.4071956,
              0.0
            ],
            [
              -64.1756195,
              -31.4067106,
              0.0
            ],
            [
              -64.1767284,
              -31.4058147,
              0.0
            ],
            [
              -64.1794985,
              -31.4049247,
              0.0
            ],
            [
              -64.1809248,
              -31.404765,
              0.0
            ],
            [
              -64.1823674,
              -31.404226,
              0.0
            ],
            [
              -64.1827102,
              -31.4041942,
              0.0
            ],
            [
              -64.1851658,
              -31.4040523,
              0.0
            ],
            [
              -64.1851687,
              -31.4040548,
              0.0
            ],
            [
              -64.1863987,
              -31.4039849,
              0.0
            ],
            [
              -64.1875487,
              -31.403765,
              0.0
            ],
            [
              -64.1888087,
              -31.403355,
              0.0
            ],
            [
              -64.1888156,
              -31.4033519,
              0.0
            ],
            [
              -64.188813,
              -31.4033878,
              0.0
            ],
            [
              -64.1888481,
              -31.4039635,
              0.0
            ],
            [
              -64.1888882,
              -31.4042839,
              0.0
            ],
            [
              -64.1889367,
              -31.4047704,
              0.0
            ],
            [
              -64.1889975,
              -31.4054652,
              0.0
            ],
            [
              -64.1889983,
              -31.4054753,
              0.0
            ],
            [
              -64.1892381,
              -31.4062349,
              0.0
            ],
            [
              -64.1894258,
              -31.4068424,
              0.0
            ],
            [
              -64.1896873,
              -31.4076857,
              0.0
            ],
            [
              -64.1896861,
              -31.407686,
              0.0
            ],
            [
              -64.1902198,
              -31.4089847,
              0.0
            ],
            [
              -64.190219,
              -31.4089853,
              0.0
            ],
            [
              -64.190678,
              -31.4101129,
              0.0
            ],
            [
              -64.1895088,
              -31.410455,
              0.0
            ],
            [
              -64.189509,
              -31.4104553,
              0.0
            ],
            [
              -64.1880989,
              -31.4108652,
              0.0
            ],
            [
              -64.1868089,
              -31.411255,
              0.0
            ],
            [
              -64.1853789,
              -31.411665,
              0.0
            ],
            [
              -64.1839889,
              -31.4120849,
              0.0
            ],
            [
              -64.1826588,
              -31.4124649,
              0.0
            ],
            [
              -64.1813288,
              -31.4128549,
              0.0
            ],
            [
              -64.1800188,
              -31.4132348,
              0.0
            ],
            [
              -64.1786087,
              -31.4136048,
              0.0
            ],
            [
              -64.1773087,
              -31.4139848,
              0.0
            ],
            [
              -64.1773035,
              -31.4139724,
              0.0
            ],
            [
              -64.1758639,
              -31.4144426,
              0.0
            ],
            [
              -64.175263,
              -31.4146049,
              0.0
            ],
            [
              -64.1744831,
              -31.4149256,
              0.0
            ],
            [
              -64.1744997,
              -31.4144158,
              0.0
            ],
            [
              -64.1745806,
              -31.4130408,
              0.0
            ],
            [
              -64.1744995,
              -31.4115278,
              0.0
            ]
          ]
        ]
      }
    },
    {
      "type": "Feature",
      "properties": {
        "gid": 3,
        "distrito": 4,
        "provincia": "Córdoba",
        "departamen": "Capital",
        "cabecera": "Córdoba",
        "circuito": "0003",
        "indec_p": 14,
        "indec_d": 14
      },
      "geometry": {
        "type": "Polygon",
        "coordinates": [
          [
            [
              -64.1918891,
              -31.4124056,
              0.0
            ],
            [
              -64.1916091,
              -31.4123855,
              0.0
            ],
            [
              -64.191479,
              -31.4116855,
              0.0
            ],
            [
              -64.191189,
              -31.4111954,
              0.0
            ],
            [
              -64.190679,
              -31.4101153,
              0.0
            ],
            [
              -64.190678,
              -31.4101129,
              0.0
            ],
            [
              -64.190219,
              -31.4089853,
              0.0
            ],
            [
              -64.1902198,
              -31.4089847,
              0.0
            ],
            [
              -64.1896861,
              -31.407686,
              0.0
            ],
            [
              -64.1896873,
              -31.4076857,
              0.0
            ],
            [
              -64.1894258,
              -31.4068424,
              0.0
            ],
            [
              -64.1892381,
              -31.4062349,
              0.0
            ],
            [
              -64.1889983,
              -31.4054753,
              0.0
            ],
            [
              -64.1889975,
              -31.4054652,
              0.0
            ],
            [
              -64.1889988,
              -31.4054651,
              0.0
            ],
            [
              -64.1900188,
              -31.4054252,
              0.0
            ],
            [
              -64.1912388,
              -31.4053753,
              0.0
            ],
            [
              -64.1924389,
              -31.4052954,
              0.0
            ],
            [
              -64.1935289,
              -31.4052256,
              0.0
            ],
            [
              -64.1938889,
              -31.4051957,
              0.0
            ],
            [
              -64.1940059,
              -31.4057007,
              0.0
            ],
            [
              -64.196519,
              -31.405323,
              0.0
            ],
            [
              -64.1977849,
              -31.4050492,
              0.0
            ],
            [
              -64.199434,
              -31.4047744,
              0.0
            ],
            [
              -64.2006,
              -31.4044487,
              0.0
            ],
            [
              -64.201906,
              -31.4039688,
              0.0
            ],
            [
              -64.202229,
              -31.4045269,
              0.0
            ],
            [
              -64.202233,
              -31.4045362,
              0.0
            ],
            [
              -64.2025511,
              -31.4043607,
              0.0
            ],
            [
              -64.2042272,
              -31.4034926,
              0.0
            ],
            [
              -64.2049898,
              -31.402953,
              0.0
            ],
            [
              -64.205035,
              -31.4029312,
              0.0
            ],
            [
              -64.2065683,
              -31.4021959,
              0.0
            ],
            [
              -64.2065691,
              -31.4021978,
              0.0
            ],
            [
              -64.2067691,
              -31.4027178,
              0.0
            ],
            [
              -64.2069691,
              -31.4031879,
              0.0
            ],
            [
              -64.2071791,
              -31.403688,
              0.0
            ],
            [
              -64.2073791,
              -31.404188,
              0.0
            ],
            [
              -64.2075591,
              -31.4045981,
              0.0
            ],
            [
              -64.2077692,
              -31.4050981,
              0.0
            ],
            [
              -64.2081792,
              -31.4061982,
              0.0
            ],
            [
              -64.2084392,
              -31.4067783,
              0.0
            ],
            [
              -64.2086092,
              -31.4071582,
              0.0
            ],
            [
              -64.2090293,
              -31.4081781,
              0.0
            ],
            [
              -64.2094693,
              -31.409148,
              0.0
            ],
            [
              -64.2098794,
              -31.4100979,
              0.0
            ],
            [
              -64.2102995,
              -31.4110479,
              0.0
            ],
            [
              -64.2090894,
              -31.4114382,
              0.0
            ],
            [
              -64.2090902,
              -31.4114406,
              0.0
            ],
            [
              -64.2081604,
              -31.4117426,
              0.0
            ],
            [
              -64.2081594,
              -31.4117384,
              0.0
            ],
            [
              -64.2079864,
              -31.411796,
              0.0
            ],
            [
              -64.2067889,
              -31.4123254,
              0.0
            ],
            [
              -64.2067944,
              -31.4123411,
              0.0
            ],
            [
              -64.2063593,
              -31.412418,
              0.0
            ],
            [
              -64.2050494,
              -31.4128477,
              0.0
            ],
            [
              -64.2042593,
              -31.4131076,
              0.0
            ],
            [
              -64.2036594,
              -31.4133275,
              0.0
            ],
            [
              -64.2026493,
              -31.4138473,
              0.0
            ],
            [
              -64.2020693,
              -31.4141572,
              0.0
            ],
            [
              -64.2014293,
              -31.414517,
              0.0
            ],
            [
              -64.201435,
              -31.4145415,
              0.0
            ],
            [
              -64.2001948,
              -31.4148565,
              0.0
            ],
            [
              -64.1988168,
              -31.4153993,
              0.0
            ],
            [
              -64.1988109,
              -31.415401,
              0.0
            ],
            [
              -64.1975179,
              -31.4157726,
              0.0
            ],
            [
              -64.1975194,
              -31.4157765,
              0.0
            ],
            [
              -64.1965493,
              -31.4160662,
              0.0
            ],
            [
              -64.1961293,
              -31.4162062,
              0.0
            ],
            [
              -64.1961343,
              -31.4162199,
              0.0
            ],
            [
              -64.1953848,
              -31.4165555,
              0.0
            ],
            [
              -64.1948532,
              -31.4166991,
              0.0
            ],
            [
              -64.1947371,
              -31.4167306,
              0.0
            ],
            [
              -64.1943113,
              -31.4168457,
              0.0
            ],
            [
              -64.1942093,
              -31.4168759,
              0.0
            ],
            [
              -64.1935486,
              -31.4170732,
              0.0
            ],
            [
              -64.1930884,
              -31.4158389,
              0.0
            ],
            [
              -64.1926576,
              -31.4146832,
              0.0
            ],
            [
              -64.1922177,
              -31.4135032,
              0.0
            ],
            [
              -64.1922091,
              -31.4135056,
              0.0
            ],
            [
              -64.1918991,
              -31.4127356,
              0.0
            ],
            [
              -64.1918891,
              -31.4124056,
              0.0
            ]
          ]
        ]
      }
    },
    {
      "type": "Feature",
      "properties": {
        "gid": 4,
        "distrito": 4,
        "provincia": "Córdoba",
        "departamen": "Capital",
        "cabecera": "Córdoba",
        "circuito": "0004",
        "indec_p": 14,
        "indec_d": 14
      },
      "geometry": {
        "type": "Polygon",
        "coordinates": [
          [
            [
              -64.1907395,
              -31.4245858,
              0.0
            ],
            [
              -64.1912296,
              -31.4258159,
              0.0
            ],
            [
              -64.1915097,
              -31.4265459,
              0.0
            ],
            [
              -64.1920397,
              -31.427756,
              0.0
            ],
            [
              -64.1925398,
              -31.4289261,
              0.0
            ],
            [
              -64.1926698,
              -31.4292261,
              0.0
            ],
            [
              -64.1930598,
              -31.4301562,
              0.0
            ],
            [
              -64.1931598,
              -31.4303762,
              0.0
            ],
            [
              -64.1934397,
              -31.4310263,
              0.0
            ],
            [
              -64.1936497,
              -31.4315163,
              0.0
            ],
            [
              -64.1938297,
              -31.4319363,
              0.0
            ],
            [
              -64.1940497,
              -31.4324563,
              0.0
            ],
            [
              -64.1944297,
              -31.4324464,
              0.0
            ],
            [
              -64.1945797,
              -31.4325764,
              0.0
            ],
            [
              -64.1946897,
              -31.4329364,
              0.0
            ],
            [
              -64.1944397,
              -31.4334864,
              0.0
            ],
            [
              -64.1950997,
              -31.4355765,
              0.0
            ],
            [
              -64.1954516,
              -31.4366406,
              0.0
            ],
            [
              -64.1959686,
              -31.4382047,
              0.0
            ],
            [
              -64.1963696,
              -31.4394168,
              0.0
            ],
            [
              -64.1966395,
              -31.4402269,
              0.0
            ],
            [
              -64.1974795,
              -31.442817,
              0.0
            ],
            [
              -64.1977295,
              -31.4436071,
              0.0
            ],
            [
              -64.1978995,
              -31.4439571,
              0.0
            ],
            [
              -64.1951794,
              -31.4436167,
              0.0
            ],
            [
              -64.1934694,
              -31.4434165,
              0.0
            ],
            [
              -64.1900194,
              -31.443016,
              0.0
            ],
            [
              -64.1892693,
              -31.442926,
              0.0
            ],
            [
              -64.1881393,
              -31.4427959,
              0.0
            ],
            [
              -64.1867593,
              -31.4426558,
              0.0
            ],
            [
              -64.1846393,
              -31.4425956,
              0.0
            ],
            [
              -64.1826592,
              -31.4426055,
              0.0
            ],
            [
              -64.1826091,
              -31.4421455,
              0.0
            ],
            [
              -64.1805691,
              -31.4419254,
              0.0
            ],
            [
              -64.1797691,
              -31.4418354,
              0.0
            ],
            [
              -64.178959,
              -31.4417553,
              0.0
            ],
            [
              -64.177939,
              -31.4416454,
              0.0
            ],
            [
              -64.176589,
              -31.4414854,
              0.0
            ],
            [
              -64.1741889,
              -31.4412154,
              0.0
            ],
            [
              -64.1733289,
              -31.4411154,
              0.0
            ],
            [
              -64.1705688,
              -31.4408055,
              0.0
            ],
            [
              -64.1697188,
              -31.4407155,
              0.0
            ],
            [
              -64.1687488,
              -31.4406056,
              0.0
            ],
            [
              -64.1687388,
              -31.4402956,
              0.0
            ],
            [
              -64.1687587,
              -31.4401256,
              0.0
            ],
            [
              -64.1687587,
              -31.4397956,
              0.0
            ],
            [
              -64.1687588,
              -31.4388655,
              0.0
            ],
            [
              -64.1687588,
              -31.4380455,
              0.0
            ],
            [
              -64.1687588,
              -31.4371056,
              0.0
            ],
            [
              -64.1687689,
              -31.4366356,
              0.0
            ],
            [
              -64.1687889,
              -31.4359955,
              0.0
            ],
            [
              -64.1687889,
              -31.4354155,
              0.0
            ],
            [
              -64.1687889,
              -31.4351455,
              0.0
            ],
            [
              -64.1687989,
              -31.4346715,
              0.0
            ],
            [
              -64.1687987,
              -31.4346653,
              0.0
            ],
            [
              -64.1697866,
              -31.4333241,
              0.0
            ],
            [
              -64.1697873,
              -31.4313242,
              0.0
            ],
            [
              -64.169779,
              -31.4313154,
              0.0
            ],
            [
              -64.1697991,
              -31.4303054,
              0.0
            ],
            [
              -64.1697891,
              -31.4301654,
              0.0
            ],
            [
              -64.1697891,
              -31.4296454,
              0.0
            ],
            [
              -64.1698891,
              -31.4292354,
              0.0
            ],
            [
              -64.1698291,
              -31.4289754,
              0.0
            ],
            [
              -64.1695791,
              -31.4282054,
              0.0
            ],
            [
              -64.1693991,
              -31.4274054,
              0.0
            ],
            [
              -64.170469,
              -31.4251152,
              0.0
            ],
            [
              -64.1691889,
              -31.4253353,
              0.0
            ],
            [
              -64.1690189,
              -31.4248353,
              0.0
            ],
            [
              -64.1674289,
              -31.4240107,
              0.0
            ],
            [
              -64.1674271,
              -31.4240098,
              0.0
            ],
            [
              -64.1674538,
              -31.4234693,
              0.0
            ],
            [
              -64.1674688,
              -31.4234755,
              0.0
            ],
            [
              -64.1688218,
              -31.4238173,
              0.0
            ],
            [
              -64.1701789,
              -31.4236352,
              0.0
            ],
            [
              -64.1706389,
              -31.4234552,
              0.0
            ],
            [
              -64.1711289,
              -31.4232152,
              0.0
            ],
            [
              -64.1716089,
              -31.4228151,
              0.0
            ],
            [
              -64.1719142,
              -31.4225098,
              0.0
            ],
            [
              -64.1741007,
              -31.4233961,
              0.0
            ],
            [
              -64.174119,
              -31.4233951,
              0.0
            ],
            [
              -64.174429,
              -31.4235351,
              0.0
            ],
            [
              -64.174799,
              -31.4236951,
              0.0
            ],
            [
              -64.1766891,
              -31.423175,
              0.0
            ],
            [
              -64.1778691,
              -31.4228551,
              0.0
            ],
            [
              -64.1793291,
              -31.4224851,
              0.0
            ],
            [
              -64.1807291,
              -31.422145,
              0.0
            ],
            [
              -64.1820592,
              -31.4218151,
              0.0
            ],
            [
              -64.1834392,
              -31.4214752,
              0.0
            ],
            [
              -64.1837792,
              -31.4213951,
              0.0
            ],
            [
              -64.1843892,
              -31.4212252,
              0.0
            ],
            [
              -64.1847592,
              -31.4211252,
              0.0
            ],
            [
              -64.1861092,
              -31.4207653,
              0.0
            ],
            [
              -64.1875293,
              -31.4203753,
              0.0
            ],
            [
              -64.1888893,
              -31.4200154,
              0.0
            ],
            [
              -64.1889793,
              -31.4202255,
              0.0
            ],
            [
              -64.1893693,
              -31.4211755,
              0.0
            ],
            [
              -64.1898295,
              -31.4222857,
              0.0
            ],
            [
              -64.1902995,
              -31.4234757,
              0.0
            ],
            [
              -64.1907395,
              -31.4245858,
              0.0
            ]
          ]
        ]
      }
    },
    {
      "type": "Feature",
      "properties": {
        "gid": 5,
        "distrito": 4,
        "provincia": "Córdoba",
        "departamen": "Capital",
        "cabecera": "Córdoba",
        "circuito": "004A",
        "indec_p": 14,
        "indec_d": 14
      },
      "geometry": {
        "type": "Polygon",
        "coordinates": [
          [
            [
              -64.2010978,
              -31.4560701,
              0.0
            ],
            [
              -64.2011094,
              -31.4560679,
              0.0
            ],
            [
              -64.2007494,
              -31.4571678,
              0.0
            ],
            [
              -64.2007494,
              -31.4576379,
              0.0
            ],
            [
              -64.2011394,
              -31.458888,
              0.0
            ],
            [
              -64.2012294,
              -31.459168,
              0.0
            ],
            [
              -64.2016094,
              -31.4604281,
              0.0
            ],
            [
              -64.2019694,
              -31.4616382,
              0.0
            ],
            [
              -64.2023094,
              -31.4628283,
              0.0
            ],
            [
              -64.2023494,
              -31.4632083,
              0.0
            ],
            [
              -64.2023416,
              -31.4632258,
              0.0
            ],
            [
              -64.2029521,
              -31.4657039,
              0.0
            ],
            [
              -64.1872313,
              -31.4674824,
              0.0
            ],
            [
              -64.1869591,
              -31.4669662,
              0.0
            ],
            [
              -64.186839,
              -31.4664862,
              0.0
            ],
            [
              -64.1868191,
              -31.4663562,
              0.0
            ],
            [
              -64.1867691,
              -31.4656461,
              0.0
            ],
            [
              -64.186749,
              -31.4645562,
              0.0
            ],
            [
              -64.1867291,
              -31.4606461,
              0.0
            ],
            [
              -64.1867191,
              -31.459406,
              0.0
            ],
            [
              -64.186719,
              -31.458756,
              0.0
            ],
            [
              -64.1867191,
              -31.4581961,
              0.0
            ],
            [
              -64.1867191,
              -31.456746,
              0.0
            ],
            [
              -64.1866991,
              -31.4540759,
              0.0
            ],
            [
              -64.1867092,
              -31.4518359,
              0.0
            ],
            [
              -64.1866992,
              -31.4506358,
              0.0
            ],
            [
              -64.1867092,
              -31.4500058,
              0.0
            ],
            [
              -64.1867092,
              -31.4491958,
              0.0
            ],
            [
              -64.1866891,
              -31.4479259,
              0.0
            ],
            [
              -64.1867192,
              -31.4472358,
              0.0
            ],
            [
              -64.1867192,
              -31.4463958,
              0.0
            ],
            [
              -64.1867192,
              -31.4455358,
              0.0
            ],
            [
              -64.1867292,
              -31.4453357,
              0.0
            ],
            [
              -64.1867392,
              -31.4446658,
              0.0
            ],
            [
              -64.1867483,
              -31.4439528,
              0.0
            ],
            [
              -64.1867493,
              -31.4435857,
              0.0
            ],
            [
              -64.1867492,
              -31.4432058,
              0.0
            ],
            [
              -64.1867593,
              -31.4426558,
              0.0
            ],
            [
              -64.1881393,
              -31.4427959,
              0.0
            ],
            [
              -64.1892693,
              -31.442926,
              0.0
            ],
            [
              -64.1900194,
              -31.443016,
              0.0
            ],
            [
              -64.1934694,
              -31.4434165,
              0.0
            ],
            [
              -64.1951794,
              -31.4436167,
              0.0
            ],
            [
              -64.1978995,
              -31.4439571,
              0.0
            ],
            [
              -64.1982695,
              -31.4449872,
              0.0
            ],
            [
              -64.1986295,
              -31.4460373,
              0.0
            ],
            [
              -64.1989794,
              -31.4470673,
              0.0
            ],
            [
              -64.1993395,
              -31.4480974,
              0.0
            ],
            [
              -64.1995294,
              -31.4486575,
              0.0
            ],
            [
              -64.1996894,
              -31.4490975,
              0.0
            ],
            [
              -64.2000595,
              -31.4502176,
              0.0
            ],
            [
              -64.2003994,
              -31.4512077,
              0.0
            ],
            [
              -64.2007094,
              -31.4520377,
              0.0
            ],
            [
              -64.2009094,
              -31.4529578,
              0.0
            ],
            [
              -64.2009086,
              -31.452958,
              0.0
            ],
            [
              -64.2010732,
              -31.453688,
              0.0
            ],
            [
              -64.2011782,
              -31.4542773,
              0.0
            ],
            [
              -64.2013839,
              -31.4550673,
              0.0
            ],
            [
              -64.2010978,
              -31.4560701,
              0.0
            ]
          ]
        ]
      }
    },
    {
      "type": "Feature",
      "properties": {
        "gid": 36,
        "distrito": 4,
        "provincia": "Córdoba",
        "departamen": "Capital",
        "cabecera": "Córdoba",
        "circuito": "0009",
        "indec_p": 14,
        "indec_d": 14
      },
      "geometry": {
        "type": "Polygon",
        "coordinates": [
          [
            [
              -64.2152773,
              -31.3933545,
              0.0
            ],
            [
              -64.2145213,
              -31.3928016,
              0.0
            ],
            [
              -64.2135852,
              -31.3922488,
              0.0
            ],
            [
              -64.2127481,
              -31.391904,
              0.0
            ],
            [
              -64.2124911,
              -31.3917761,
              0.0
            ],
            [
              -64.2130391,
              -31.3912469,
              0.0
            ],
            [
              -64.2141491,
              -31.3902467,
              0.0
            ],
            [
              -64.2149392,
              -31.3895365,
              0.0
            ],
            [
              -64.2160093,
              -31.3885863,
              0.0
            ],
            [
              -64.2164982,
              -31.3881682,
              0.0
            ],
            [
              -64.2170393,
              -31.387656,
              0.0
            ],
            [
              -64.2178493,
              -31.3868759,
              0.0
            ],
            [
              -64.2191394,
              -31.3856557,
              0.0
            ],
            [
              -64.2201594,
              -31.3846655,
              0.0
            ],
            [
              -64.2204694,
              -31.3845954,
              0.0
            ],
            [
              -64.2213495,
              -31.3837353,
              0.0
            ],
            [
              -64.2220295,
              -31.3834251,
              0.0
            ],
            [
              -64.2224995,
              -31.3830951,
              0.0
            ],
            [
              -64.2229995,
              -31.382725,
              0.0
            ],
            [
              -64.2233795,
              -31.3824549,
              0.0
            ],
            [
              -64.2244796,
              -31.3837449,
              0.0
            ],
            [
              -64.2247196,
              -31.3840048,
              0.0
            ],
            [
              -64.2254696,
              -31.3848948,
              0.0
            ],
            [
              -64.2260197,
              -31.3855146,
              0.0
            ],
            [
              -64.2264797,
              -31.3860046,
              0.0
            ],
            [
              -64.2274598,
              -31.3864745,
              0.0
            ],
            [
              -64.2281098,
              -31.3870545,
              0.0
            ],
            [
              -64.2291498,
              -31.3879643,
              0.0
            ],
            [
              -64.2304899,
              -31.3886643,
              0.0
            ],
            [
              -64.23157,
              -31.3890242,
              0.0
            ],
            [
              -64.23224,
              -31.3892442,
              0.0
            ],
            [
              -64.2324558,
              -31.3893225,
              0.0
            ],
            [
              -64.2325136,
              -31.3897149,
              0.0
            ],
            [
              -64.23268,
              -31.3904826,
              0.0
            ],
            [
              -64.2312199,
              -31.3913173,
              0.0
            ],
            [
              -64.2302799,
              -31.3918524,
              0.0
            ],
            [
              -64.2292949,
              -31.3923115,
              0.0
            ],
            [
              -64.2257267,
              -31.3935668,
              0.0
            ],
            [
              -64.2226817,
              -31.3946142,
              0.0
            ],
            [
              -64.2218286,
              -31.3948284,
              0.0
            ],
            [
              -64.2208566,
              -31.3949825,
              0.0
            ],
            [
              -64.2199926,
              -31.3951357,
              0.0
            ],
            [
              -64.2191295,
              -31.3951058,
              0.0
            ],
            [
              -64.2181935,
              -31.39486,
              0.0
            ],
            [
              -64.2171134,
              -31.3943382,
              0.0
            ],
            [
              -64.2159973,
              -31.3937843,
              0.0
            ],
            [
              -64.2152773,
              -31.3933545,
              0.0
            ]
          ]
        ]
      }
    },
    {
      "type": "Feature",
      "properties": {
        "gid": 6,
        "distrito": 4,
        "provincia": "Córdoba",
        "departamen": "Capital",
        "cabecera": "Córdoba",
        "circuito": "004B",
        "indec_p": 14,
        "indec_d": 14
      },
      "geometry": {
        "type": "Polygon",
        "coordinates": [
          [
            [
              -64.1866992,
              -31.4506358,
              0.0
            ],
            [
              -64.1867092,
              -31.4518359,
              0.0
            ],
            [
              -64.1866991,
              -31.4540759,
              0.0
            ],
            [
              -64.1867191,
              -31.456746,
              0.0
            ],
            [
              -64.1867191,
              -31.4581961,
              0.0
            ],
            [
              -64.186719,
              -31.458756,
              0.0
            ],
            [
              -64.1867191,
              -31.459406,
              0.0
            ],
            [
              -64.1867291,
              -31.4606461,
              0.0
            ],
            [
              -64.186749,
              -31.4645562,
              0.0
            ],
            [
              -64.1867691,
              -31.4656461,
              0.0
            ],
            [
              -64.1868191,
              -31.4663562,
              0.0
            ],
            [
              -64.186839,
              -31.4664862,
              0.0
            ],
            [
              -64.1869591,
              -31.4669662,
              0.0
            ],
            [
              -64.1872313,
              -31.4674824,
              0.0
            ],
            [
              -64.1872491,
              -31.4675162,
              0.0
            ],
            [
              -64.185629,
              -31.4676561,
              0.0
            ],
            [
              -64.183769,
              -31.467816,
              0.0
            ],
            [
              -64.183329,
              -31.467836,
              0.0
            ],
            [
              -64.1780388,
              -31.4681258,
              0.0
            ],
            [
              -64.1721586,
              -31.4684559,
              0.0
            ],
            [
              -64.1714586,
              -31.4684259,
              0.0
            ],
            [
              -64.1707086,
              -31.468526,
              0.0
            ],
            [
              -64.1693385,
              -31.468616,
              0.0
            ],
            [
              -64.1679785,
              -31.468636,
              0.0
            ],
            [
              -64.1680584,
              -31.467656,
              0.0
            ],
            [
              -64.1684985,
              -31.466446,
              0.0
            ],
            [
              -64.1685685,
              -31.465836,
              0.0
            ],
            [
              -64.1685684,
              -31.4649659,
              0.0
            ],
            [
              -64.1685785,
              -31.464036,
              0.0
            ],
            [
              -64.1685885,
              -31.4631159,
              0.0
            ],
            [
              -64.1685984,
              -31.4622359,
              0.0
            ],
            [
              -64.1686185,
              -31.4582259,
              0.0
            ],
            [
              -64.1686185,
              -31.4569159,
              0.0
            ],
            [
              -64.1686285,
              -31.4554559,
              0.0
            ],
            [
              -64.1686285,
              -31.4548258,
              0.0
            ],
            [
              -64.1686385,
              -31.4541258,
              0.0
            ],
            [
              -64.1686485,
              -31.4521957,
              0.0
            ],
            [
              -64.1686385,
              -31.4509758,
              0.0
            ],
            [
              -64.1686485,
              -31.4500257,
              0.0
            ],
            [
              -64.1686585,
              -31.4497357,
              0.0
            ],
            [
              -64.1686586,
              -31.4493757,
              0.0
            ],
            [
              -64.1686586,
              -31.4484857,
              0.0
            ],
            [
              -64.1686586,
              -31.4475657,
              0.0
            ],
            [
              -64.1686586,
              -31.4470657,
              0.0
            ],
            [
              -64.1686686,
              -31.4464457,
              0.0
            ],
            [
              -64.1686686,
              -31.4457157,
              0.0
            ],
            [
              -64.1686786,
              -31.4455657,
              0.0
            ],
            [
              -64.1686887,
              -31.4450756,
              0.0
            ],
            [
              -64.1686787,
              -31.4446256,
              0.0
            ],
            [
              -64.1686886,
              -31.4441556,
              0.0
            ],
            [
              -64.1686886,
              -31.4436257,
              0.0
            ],
            [
              -64.1687187,
              -31.4425457,
              0.0
            ],
            [
              -64.1687387,
              -31.4412156,
              0.0
            ],
            [
              -64.1687488,
              -31.4406056,
              0.0
            ],
            [
              -64.1697188,
              -31.4407155,
              0.0
            ],
            [
              -64.1705688,
              -31.4408055,
              0.0
            ],
            [
              -64.1733289,
              -31.4411154,
              0.0
            ],
            [
              -64.1741889,
              -31.4412154,
              0.0
            ],
            [
              -64.176589,
              -31.4414854,
              0.0
            ],
            [
              -64.177939,
              -31.4416454,
              0.0
            ],
            [
              -64.178959,
              -31.4417553,
              0.0
            ],
            [
              -64.1797691,
              -31.4418354,
              0.0
            ],
            [
              -64.1805691,
              -31.4419254,
              0.0
            ],
            [
              -64.1826091,
              -31.4421455,
              0.0
            ],
            [
              -64.1826592,
              -31.4426055,
              0.0
            ],
            [
              -64.1846393,
              -31.4425956,
              0.0
            ],
            [
              -64.1867593,
              -31.4426558,
              0.0
            ],
            [
              -64.1867492,
              -31.4432058,
              0.0
            ],
            [
              -64.1867493,
              -31.4435857,
              0.0
            ],
            [
              -64.1867483,
              -31.4439528,
              0.0
            ],
            [
              -64.1867392,
              -31.4446658,
              0.0
            ],
            [
              -64.1867292,
              -31.4453357,
              0.0
            ],
            [
              -64.1867192,
              -31.4455358,
              0.0
            ],
            [
              -64.1867192,
              -31.4463958,
              0.0
            ],
            [
              -64.1867192,
              -31.4472358,
              0.0
            ],
            [
              -64.1866891,
              -31.4479259,
              0.0
            ],
            [
              -64.1867092,
              -31.4491958,
              0.0
            ],
            [
              -64.1867092,
              -31.4500058,
              0.0
            ],
            [
              -64.1866992,
              -31.4506358,
              0.0
            ]
          ]
        ]
      }
    },
    {
      "type": "Feature",
      "properties": {
        "gid": 7,
        "distrito": 4,
        "provincia": "Córdoba",
        "departamen": "Capital",
        "cabecera": "Córdoba",
        "circuito": "004C",
        "indec_p": 14,
        "indec_d": 14
      },
      "geometry": {
        "type": "Polygon",
        "coordinates": [
          [
            [
              -64.2019664,
              -31.4744505,
              0.0
            ],
            [
              -64.2020685,
              -31.4754815,
              0.0
            ],
            [
              -64.2021824,
              -31.4766156,
              0.0
            ],
            [
              -64.2023005,
              -31.4778026,
              0.0
            ],
            [
              -64.2023964,
              -31.4787636,
              0.0
            ],
            [
              -64.2023485,
              -31.4792207,
              0.0
            ],
            [
              -64.2024795,
              -31.4796377,
              0.0
            ],
            [
              -64.2026055,
              -31.4800378,
              0.0
            ],
            [
              -64.2027905,
              -31.4806228,
              0.0
            ],
            [
              -64.2028495,
              -31.4808108,
              0.0
            ],
            [
              -64.2030645,
              -31.4814928,
              0.0
            ],
            [
              -64.2034066,
              -31.482579,
              0.0
            ],
            [
              -64.2037316,
              -31.4836081,
              0.0
            ],
            [
              -64.2040626,
              -31.4846582,
              0.0
            ],
            [
              -64.2041246,
              -31.4848542,
              0.0
            ],
            [
              -64.2043577,
              -31.4855903,
              0.0
            ],
            [
              -64.2046127,
              -31.4864044,
              0.0
            ],
            [
              -64.204649,
              -31.4863998,
              0.0
            ],
            [
              -64.2081381,
              -31.4918176,
              0.0
            ],
            [
              -64.2081489,
              -31.4918176,
              0.0
            ],
            [
              -64.2131693,
              -31.4982566,
              0.0
            ],
            [
              -64.2132684,
              -31.4982559,
              0.0
            ],
            [
              -64.2129902,
              -31.5254031,
              0.0
            ],
            [
              -64.2127369,
              -31.5253996,
              0.0
            ],
            [
              -64.2111701,
              -31.525378,
              0.0
            ],
            [
              -64.2107558,
              -31.5253723,
              0.0
            ],
            [
              -64.1963829,
              -31.5251695,
              0.0
            ],
            [
              -64.1924915,
              -31.5251139,
              0.0
            ],
            [
              -64.1913408,
              -31.5250975,
              0.0
            ],
            [
              -64.1909518,
              -31.4966064,
              0.0
            ],
            [
              -64.1909106,
              -31.4966063,
              0.0
            ],
            [
              -64.1902244,
              -31.490532,
              0.0
            ],
            [
              -64.1897548,
              -31.4863765,
              0.0
            ],
            [
              -64.1883591,
              -31.4740265,
              0.0
            ],
            [
              -64.1881291,
              -31.4701164,
              0.0
            ],
            [
              -64.1880991,
              -31.4697363,
              0.0
            ],
            [
              -64.1880591,
              -31.4691464,
              0.0
            ],
            [
              -64.1880391,
              -31.4691063,
              0.0
            ],
            [
              -64.1878591,
              -31.4687263,
              0.0
            ],
            [
              -64.1875991,
              -31.4681663,
              0.0
            ],
            [
              -64.187339,
              -31.4676862,
              0.0
            ],
            [
              -64.1872491,
              -31.4675162,
              0.0
            ],
            [
              -64.1872313,
              -31.4674824,
              0.0
            ],
            [
              -64.2029521,
              -31.4657039,
              0.0
            ],
            [
              -64.20301,
              -31.4659391,
              0.0
            ],
            [
              -64.2032878,
              -31.4670667,
              0.0
            ],
            [
              -64.2044586,
              -31.471508,
              0.0
            ],
            [
              -64.2044718,
              -31.4715579,
              0.0
            ],
            [
              -64.2044984,
              -31.4720118,
              0.0
            ],
            [
              -64.2036348,
              -31.4729064,
              0.0
            ],
            [
              -64.2019664,
              -31.4744505,
              0.0
            ]
          ]
        ]
      }
    },
    {
      "type": "Feature",
      "properties": {
        "gid": 8,
        "distrito": 4,
        "provincia": "Córdoba",
        "departamen": "Capital",
        "cabecera": "Córdoba",
        "circuito": "004D",
        "indec_p": 14,
        "indec_d": 14
      },
      "geometry": {
        "type": "Polygon",
        "coordinates": [
          [
            [
              -64.1897548,
              -31.4863765,
              0.0
            ],
            [
              -64.1902244,
              -31.490532,
              0.0
            ],
            [
              -64.1909106,
              -31.4966063,
              0.0
            ],
            [
              -64.1909518,
              -31.4966064,
              0.0
            ],
            [
              -64.1913408,
              -31.5250975,
              0.0
            ],
            [
              -64.1905243,
              -31.5250859,
              0.0
            ],
            [
              -64.1904006,
              -31.5250841,
              0.0
            ],
            [
              -64.1903124,
              -31.5250828,
              0.0
            ],
            [
              -64.190312,
              -31.5250828,
              0.0
            ],
            [
              -64.189615,
              -31.5250728,
              0.0
            ],
            [
              -64.1893321,
              -31.5250688,
              0.0
            ],
            [
              -64.1813779,
              -31.5249553,
              0.0
            ],
            [
              -64.1794749,
              -31.524928,
              0.0
            ],
            [
              -64.1780045,
              -31.5249071,
              0.0
            ],
            [
              -64.1735504,
              -31.5248435,
              0.0
            ],
            [
              -64.1700361,
              -31.5247933,
              0.0
            ],
            [
              -64.168127,
              -31.5247661,
              0.0
            ],
            [
              -64.167884,
              -31.5247626,
              0.0
            ],
            [
              -64.168366,
              -31.4865616,
              0.0
            ],
            [
              -64.1685166,
              -31.4746059,
              0.0
            ],
            [
              -64.1683365,
              -31.4746112,
              0.0
            ],
            [
              -64.1685685,
              -31.4721161,
              0.0
            ],
            [
              -64.1685885,
              -31.4711861,
              0.0
            ],
            [
              -64.1685384,
              -31.4709161,
              0.0
            ],
            [
              -64.1683385,
              -31.470536,
              0.0
            ],
            [
              -64.1681185,
              -31.4700161,
              0.0
            ],
            [
              -64.1681284,
              -31.4698561,
              0.0
            ],
            [
              -64.1679684,
              -31.4689461,
              0.0
            ],
            [
              -64.1679785,
              -31.468636,
              0.0
            ],
            [
              -64.1693385,
              -31.468616,
              0.0
            ],
            [
              -64.1707086,
              -31.468526,
              0.0
            ],
            [
              -64.1714586,
              -31.4684259,
              0.0
            ],
            [
              -64.1721586,
              -31.4684559,
              0.0
            ],
            [
              -64.1780388,
              -31.4681258,
              0.0
            ],
            [
              -64.183329,
              -31.467836,
              0.0
            ],
            [
              -64.183769,
              -31.467816,
              0.0
            ],
            [
              -64.185629,
              -31.4676561,
              0.0
            ],
            [
              -64.1872491,
              -31.4675162,
              0.0
            ],
            [
              -64.187339,
              -31.4676862,
              0.0
            ],
            [
              -64.1875991,
              -31.4681663,
              0.0
            ],
            [
              -64.1878591,
              -31.4687263,
              0.0
            ],
            [
              -64.1880591,
              -31.4691464,
              0.0
            ],
            [
              -64.1880991,
              -31.4697363,
              0.0
            ],
            [
              -64.1881291,
              -31.4701164,
              0.0
            ],
            [
              -64.1883591,
              -31.4740265,
              0.0
            ],
            [
              -64.1897548,
              -31.4863765,
              0.0
            ]
          ]
        ]
      }
    },
    {
      "type": "Feature",
      "properties": {
        "gid": 9,
        "distrito": 4,
        "provincia": "Córdoba",
        "departamen": "Capital",
        "cabecera": "Córdoba",
        "circuito": "0005",
        "indec_p": 14,
        "indec_d": 14
      },
      "geometry": {
        "type": "Polygon",
        "coordinates": [
          [
            [
              -64.1404285,
              -31.424056,
              0.0
            ],
            [
              -64.1407244,
              -31.4261885,
              0.0
            ],
            [
              -64.1400778,
              -31.4262481,
              0.0
            ],
            [
              -64.1395177,
              -31.426298,
              0.0
            ],
            [
              -64.1383477,
              -31.4264077,
              0.0
            ],
            [
              -64.1372277,
              -31.4265175,
              0.0
            ],
            [
              -64.1363777,
              -31.4265974,
              0.0
            ],
            [
              -64.1357777,
              -31.4266473,
              0.0
            ],
            [
              -64.1352577,
              -31.4266772,
              0.0
            ],
            [
              -64.1345177,
              -31.4266871,
              0.0
            ],
            [
              -64.1344877,
              -31.4277772,
              0.0
            ],
            [
              -64.1347178,
              -31.4277572,
              0.0
            ],
            [
              -64.1348078,
              -31.4283772,
              0.0
            ],
            [
              -64.1346978,
              -31.4286872,
              0.0
            ],
            [
              -64.1344977,
              -31.4293172,
              0.0
            ],
            [
              -64.1344877,
              -31.4297972,
              0.0
            ],
            [
              -64.1346577,
              -31.4302972,
              0.0
            ],
            [
              -64.1334177,
              -31.430347,
              0.0
            ],
            [
              -64.1330177,
              -31.4303769,
              0.0
            ],
            [
              -64.1326976,
              -31.4307369,
              0.0
            ],
            [
              -64.1325376,
              -31.4308969,
              0.0
            ],
            [
              -64.1322577,
              -31.4312068,
              0.0
            ],
            [
              -64.1312076,
              -31.4304367,
              0.0
            ],
            [
              -64.1306877,
              -31.4300466,
              0.0
            ],
            [
              -64.1303277,
              -31.4297766,
              0.0
            ],
            [
              -64.1300276,
              -31.4295565,
              0.0
            ],
            [
              -64.1293176,
              -31.4290164,
              0.0
            ],
            [
              -64.1289076,
              -31.4287164,
              0.0
            ],
            [
              -64.1286276,
              -31.4285063,
              0.0
            ],
            [
              -64.1277776,
              -31.4278762,
              0.0
            ],
            [
              -64.1270676,
              -31.4274661,
              0.0
            ],
            [
              -64.1270775,
              -31.4275762,
              0.0
            ],
            [
              -64.1263875,
              -31.4275561,
              0.0
            ],
            [
              -64.1257376,
              -31.427556,
              0.0
            ],
            [
              -64.1253275,
              -31.427556,
              0.0
            ],
            [
              -64.1251376,
              -31.427546,
              0.0
            ],
            [
              -64.1242275,
              -31.4275459,
              0.0
            ],
            [
              -64.1229975,
              -31.4275259,
              0.0
            ],
            [
              -64.1216574,
              -31.4275058,
              0.0
            ],
            [
              -64.1203174,
              -31.4274757,
              0.0
            ],
            [
              -64.1190574,
              -31.4274457,
              0.0
            ],
            [
              -64.1189973,
              -31.4265056,
              0.0
            ],
            [
              -64.1190072,
              -31.4255256,
              0.0
            ],
            [
              -64.1190072,
              -31.4245555,
              0.0
            ],
            [
              -64.1189871,
              -31.4236255,
              0.0
            ],
            [
              -64.1189871,
              -31.4226555,
              0.0
            ],
            [
              -64.1189871,
              -31.4217455,
              0.0
            ],
            [
              -64.1196871,
              -31.4217555,
              0.0
            ],
            [
              -64.1206071,
              -31.4217656,
              0.0
            ],
            [
              -64.1211071,
              -31.4217655,
              0.0
            ],
            [
              -64.1217972,
              -31.4217756,
              0.0
            ],
            [
              -64.1223772,
              -31.4217757,
              0.0
            ],
            [
              -64.1230672,
              -31.4217756,
              0.0
            ],
            [
              -64.1242372,
              -31.4217757,
              0.0
            ],
            [
              -64.1253273,
              -31.4217858,
              0.0
            ],
            [
              -64.1263773,
              -31.4217759,
              0.0
            ],
            [
              -64.1275873,
              -31.4217661,
              0.0
            ],
            [
              -64.1275872,
              -31.4213461,
              0.0
            ],
            [
              -64.1275772,
              -31.4207361,
              0.0
            ],
            [
              -64.1275672,
              -31.420326,
              0.0
            ],
            [
              -64.1275572,
              -31.419776,
              0.0
            ],
            [
              -64.1275472,
              -31.419246,
              0.0
            ],
            [
              -64.1275272,
              -31.418876,
              0.0
            ],
            [
              -64.1275272,
              -31.418566,
              0.0
            ],
            [
              -64.1275272,
              -31.417986,
              0.0
            ],
            [
              -64.1285872,
              -31.4179661,
              0.0
            ],
            [
              -64.1294572,
              -31.4179561,
              0.0
            ],
            [
              -64.1298172,
              -31.4179562,
              0.0
            ],
            [
              -64.1307272,
              -31.4179463,
              0.0
            ],
            [
              -64.1310172,
              -31.4179464,
              0.0
            ],
            [
              -64.1315172,
              -31.4179364,
              0.0
            ],
            [
              -64.1319872,
              -31.4179265,
              0.0
            ],
            [
              -64.1321772,
              -31.4179265,
              0.0
            ],
            [
              -64.1333172,
              -31.4179066,
              0.0
            ],
            [
              -64.1340271,
              -31.4179068,
              0.0
            ],
            [
              -64.1340714,
              -31.42023,
              0.0
            ],
            [
              -64.1339974,
              -31.4202369,
              0.0
            ],
            [
              -64.1341874,
              -31.4212969,
              0.0
            ],
            [
              -64.1343374,
              -31.4223069,
              0.0
            ],
            [
              -64.1344775,
              -31.423537,
              0.0
            ],
            [
              -64.1353275,
              -31.4234571,
              0.0
            ],
            [
              -64.1361976,
              -31.4233673,
              0.0
            ],
            [
              -64.1369275,
              -31.4232874,
              0.0
            ],
            [
              -64.1369273,
              -31.4232855,
              0.0
            ],
            [
              -64.1389854,
              -31.4231145,
              0.0
            ],
            [
              -64.1389876,
              -31.4231278,
              0.0
            ],
            [
              -64.1396276,
              -31.4230579,
              0.0
            ],
            [
              -64.1396332,
              -31.4231031,
              0.0
            ],
            [
              -64.1402886,
              -31.423048,
              0.0
            ],
            [
              -64.1404285,
              -31.424056,
              0.0
            ]
          ]
        ]
      }
    },
    {
      "type": "Feature",
      "properties": {
        "gid": 10,
        "distrito": 4,
        "provincia": "Córdoba",
        "departamen": "Capital",
        "cabecera": "Córdoba",
        "circuito": "005A",
        "indec_p": 14,
        "indec_d": 14
      },
      "geometry": {
        "type": "Polygon",
        "coordinates": [
          [
            [
              -64.111716,
              -31.4215079,
              0.0
            ],
            [
              -64.1117169,
              -31.4214854,
              0.0
            ],
            [
              -64.1127869,
              -31.4215254,
              0.0
            ],
            [
              -64.1139069,
              -31.4215454,
              0.0
            ],
            [
              -64.115407,
              -31.4215954,
              0.0
            ],
            [
              -64.1157869,
              -31.4216054,
              0.0
            ],
            [
              -64.116857,
              -31.4216254,
              0.0
            ],
            [
              -64.118017,
              -31.4216454,
              0.0
            ],
            [
              -64.1189871,
              -31.4217455,
              0.0
            ],
            [
              -64.1189871,
              -31.4226555,
              0.0
            ],
            [
              -64.1189871,
              -31.4236255,
              0.0
            ],
            [
              -64.1190072,
              -31.4245555,
              0.0
            ],
            [
              -64.1190072,
              -31.4255256,
              0.0
            ],
            [
              -64.1189973,
              -31.4265056,
              0.0
            ],
            [
              -64.1190574,
              -31.4274457,
              0.0
            ],
            [
              -64.1178773,
              -31.4274256,
              0.0
            ],
            [
              -64.1167173,
              -31.4274055,
              0.0
            ],
            [
              -64.1155972,
              -31.4273855,
              0.0
            ],
            [
              -64.1153673,
              -31.4273755,
              0.0
            ],
            [
              -64.1143672,
              -31.4273556,
              0.0
            ],
            [
              -64.1137772,
              -31.4273455,
              0.0
            ],
            [
              -64.1127171,
              -31.4273255,
              0.0
            ],
            [
              -64.1116371,
              -31.4273055,
              0.0
            ],
            [
              -64.1105071,
              -31.4272856,
              0.0
            ],
            [
              -64.109287,
              -31.4272357,
              0.0
            ],
            [
              -64.1092885,
              -31.4272305,
              0.0
            ],
            [
              -64.0733973,
              -31.4268532,
              0.0
            ],
            [
              -64.0733829,
              -31.4215874,
              0.0
            ],
            [
              -64.0733826,
              -31.421466,
              0.0
            ],
            [
              -64.1098794,
              -31.4215371,
              0.0
            ],
            [
              -64.1098764,
              -31.4215439,
              0.0
            ],
            [
              -64.111716,
              -31.4215079,
              0.0
            ]
          ]
        ]
      }
    },
    {
      "type": "Feature",
      "properties": {
        "gid": 11,
        "distrito": 4,
        "provincia": "Córdoba",
        "departamen": "Capital",
        "cabecera": "Córdoba",
        "circuito": "005B",
        "indec_p": 14,
        "indec_d": 14
      },
      "geometry": {
        "type": "Polygon",
        "coordinates": [
          [
            [
              -64.0734329,
              -31.4403923,
              0.0
            ],
            [
              -64.103836,
              -31.4408443,
              0.0
            ],
            [
              -64.1038365,
              -31.4406862,
              0.0
            ],
            [
              -64.1092867,
              -31.4408658,
              0.0
            ],
            [
              -64.1136269,
              -31.4409558,
              0.0
            ],
            [
              -64.1140069,
              -31.4409557,
              0.0
            ],
            [
              -64.1151769,
              -31.4409358,
              0.0
            ],
            [
              -64.116307,
              -31.4409157,
              0.0
            ],
            [
              -64.1168169,
              -31.4409157,
              0.0
            ],
            [
              -64.117587,
              -31.4408958,
              0.0
            ],
            [
              -64.118347,
              -31.4408958,
              0.0
            ],
            [
              -64.1199771,
              -31.4408958,
              0.0
            ],
            [
              -64.1221171,
              -31.440896,
              0.0
            ],
            [
              -64.1230872,
              -31.440936,
              0.0
            ],
            [
              -64.1243071,
              -31.4409462,
              0.0
            ],
            [
              -64.1254672,
              -31.4409662,
              0.0
            ],
            [
              -64.1266772,
              -31.4409763,
              0.0
            ],
            [
              -64.1270072,
              -31.4409764,
              0.0
            ],
            [
              -64.1302173,
              -31.4408768,
              0.0
            ],
            [
              -64.1315573,
              -31.4408769,
              0.0
            ],
            [
              -64.1329374,
              -31.4408772,
              0.0
            ],
            [
              -64.1331989,
              -31.4408792,
              0.0
            ],
            [
              -64.1318096,
              -31.4422337,
              0.0
            ],
            [
              -64.1301912,
              -31.4438115,
              0.0
            ],
            [
              -64.1290622,
              -31.4449799,
              0.0
            ],
            [
              -64.1262173,
              -31.4490261,
              0.0
            ],
            [
              -64.1249749,
              -31.4509379,
              0.0
            ],
            [
              -64.1166169,
              -31.4510768,
              0.0
            ],
            [
              -64.1130126,
              -31.4511367,
              0.0
            ],
            [
              -64.1128866,
              -31.4511859,
              0.0
            ],
            [
              -64.1116466,
              -31.4510459,
              0.0
            ],
            [
              -64.1080065,
              -31.451016,
              0.0
            ],
            [
              -64.1038063,
              -31.4507663,
              0.0
            ],
            [
              -64.1013232,
              -31.4508385,
              0.0
            ],
            [
              -64.0953859,
              -31.4508772,
              0.0
            ],
            [
              -64.0864555,
              -31.4508788,
              0.0
            ],
            [
              -64.0780352,
              -31.4508891,
              0.0
            ],
            [
              -64.0745561,
              -31.4510444,
              0.0
            ],
            [
              -64.0734603,
              -31.4507608,
              0.0
            ],
            [
              -64.0734567,
              -31.4494201,
              0.0
            ],
            [
              -64.073453,
              -31.4479869,
              0.0
            ],
            [
              -64.0734329,
              -31.4403923,
              0.0
            ]
          ]
        ]
      }
    },
    {
      "type": "Feature",
      "properties": {
        "gid": 12,
        "distrito": 4,
        "provincia": "Córdoba",
        "departamen": "Capital",
        "cabecera": "Córdoba",
        "circuito": "005C",
        "indec_p": 14,
        "indec_d": 14
      },
      "geometry": {
        "type": "Polygon",
        "coordinates": [
          [
            [
              -64.1230872,
              -31.437646,
              0.0
            ],
            [
              -64.1230973,
              -31.436976,
              0.0
            ],
            [
              -64.1230973,
              -31.436406,
              0.0
            ],
            [
              -64.1231173,
              -31.4361959,
              0.0
            ],
            [
              -64.1231173,
              -31.4353359,
              0.0
            ],
            [
              -64.1231063,
              -31.4341749,
              0.0
            ],
            [
              -64.1230873,
              -31.4330859,
              0.0
            ],
            [
              -64.1230774,
              -31.4319759,
              0.0
            ],
            [
              -64.1230574,
              -31.4308959,
              0.0
            ],
            [
              -64.1230374,
              -31.4297459,
              0.0
            ],
            [
              -64.1230175,
              -31.4286958,
              0.0
            ],
            [
              -64.1229975,
              -31.4275259,
              0.0
            ],
            [
              -64.1242275,
              -31.4275459,
              0.0
            ],
            [
              -64.1251376,
              -31.427546,
              0.0
            ],
            [
              -64.1253275,
              -31.427556,
              0.0
            ],
            [
              -64.1257376,
              -31.427556,
              0.0
            ],
            [
              -64.1263875,
              -31.4275561,
              0.0
            ],
            [
              -64.1270775,
              -31.4275762,
              0.0
            ],
            [
              -64.1270676,
              -31.4274661,
              0.0
            ],
            [
              -64.1277776,
              -31.4278762,
              0.0
            ],
            [
              -64.1286276,
              -31.4285063,
              0.0
            ],
            [
              -64.1289076,
              -31.4287164,
              0.0
            ],
            [
              -64.1293176,
              -31.4290164,
              0.0
            ],
            [
              -64.1300276,
              -31.4295565,
              0.0
            ],
            [
              -64.1303277,
              -31.4297766,
              0.0
            ],
            [
              -64.1306877,
              -31.4300466,
              0.0
            ],
            [
              -64.1312076,
              -31.4304367,
              0.0
            ],
            [
              -64.1322577,
              -31.4312068,
              0.0
            ],
            [
              -64.1325376,
              -31.4308969,
              0.0
            ],
            [
              -64.1326976,
              -31.4307369,
              0.0
            ],
            [
              -64.1330177,
              -31.4303769,
              0.0
            ],
            [
              -64.1334177,
              -31.430347,
              0.0
            ],
            [
              -64.1346577,
              -31.4302972,
              0.0
            ],
            [
              -64.1344877,
              -31.4297972,
              0.0
            ],
            [
              -64.1344977,
              -31.4293172,
              0.0
            ],
            [
              -64.1346978,
              -31.4286872,
              0.0
            ],
            [
              -64.1348078,
              -31.4283772,
              0.0
            ],
            [
              -64.1347178,
              -31.4277572,
              0.0
            ],
            [
              -64.1344877,
              -31.4277772,
              0.0
            ],
            [
              -64.1345177,
              -31.4266871,
              0.0
            ],
            [
              -64.1352577,
              -31.4266772,
              0.0
            ],
            [
              -64.1357777,
              -31.4266473,
              0.0
            ],
            [
              -64.1363777,
              -31.4265974,
              0.0
            ],
            [
              -64.1372277,
              -31.4265175,
              0.0
            ],
            [
              -64.1383477,
              -31.4264077,
              0.0
            ],
            [
              -64.1395177,
              -31.426298,
              0.0
            ],
            [
              -64.1400778,
              -31.4262481,
              0.0
            ],
            [
              -64.1407244,
              -31.4261885,
              0.0
            ],
            [
              -64.1415409,
              -31.4320747,
              0.0
            ],
            [
              -64.1416228,
              -31.4326654,
              0.0
            ],
            [
              -64.138882,
              -31.4353381,
              0.0
            ],
            [
              -64.1363645,
              -31.4377927,
              0.0
            ],
            [
              -64.1353775,
              -31.4387551,
              0.0
            ],
            [
              -64.1331989,
              -31.4408792,
              0.0
            ],
            [
              -64.1329374,
              -31.4408772,
              0.0
            ],
            [
              -64.1315573,
              -31.4408769,
              0.0
            ],
            [
              -64.1302173,
              -31.4408768,
              0.0
            ],
            [
              -64.1270072,
              -31.4409764,
              0.0
            ],
            [
              -64.1266772,
              -31.4409763,
              0.0
            ],
            [
              -64.1254672,
              -31.4409662,
              0.0
            ],
            [
              -64.1243071,
              -31.4409462,
              0.0
            ],
            [
              -64.1230872,
              -31.440936,
              0.0
            ],
            [
              -64.1230872,
              -31.440246,
              0.0
            ],
            [
              -64.1230871,
              -31.439586,
              0.0
            ],
            [
              -64.1230872,
              -31.438916,
              0.0
            ],
            [
              -64.1230872,
              -31.438336,
              0.0
            ],
            [
              -64.1230872,
              -31.437646,
              0.0
            ]
          ]
        ]
      }
    },
    {
      "type": "Feature",
      "properties": {
        "gid": 55,
        "distrito": 4,
        "provincia": "Córdoba",
        "departamen": "Capital",
        "cabecera": "Córdoba",
        "circuito": "010K",
        "indec_p": 14,
        "indec_d": 14
      },
      "geometry": {
        "type": "Polygon",
        "coordinates": [
          [
            [
              -64.2578777,
              -31.5260218,
              0.0
            ],
            [
              -64.2580002,
              -31.4979625,
              0.0
            ],
            [
              -64.2580695,
              -31.4979608,
              0.0
            ],
            [
              -64.2577708,
              -31.4929583,
              0.0
            ],
            [
              -64.2578938,
              -31.489729,
              0.0
            ],
            [
              -64.2581875,
              -31.4820221,
              0.0
            ],
            [
              -64.258302,
              -31.4820252,
              0.0
            ],
            [
              -64.2585757,
              -31.4732939,
              0.0
            ],
            [
              -64.261266,
              -31.4733421,
              0.0
            ],
            [
              -64.2623567,
              -31.4733615,
              0.0
            ],
            [
              -64.264082,
              -31.4733923,
              0.0
            ],
            [
              -64.2736843,
              -31.473562,
              0.0
            ],
            [
              -64.2734483,
              -31.4975678,
              0.0
            ],
            [
              -64.273166,
              -31.5262304,
              0.0
            ],
            [
              -64.2696299,
              -31.5261834,
              0.0
            ],
            [
              -64.2588604,
              -31.5260353,
              0.0
            ],
            [
              -64.2578777,
              -31.5260218,
              0.0
            ]
          ]
        ]
      }
    },
    {
      "type": "Feature",
      "properties": {
        "gid": 13,
        "distrito": 4,
        "provincia": "Córdoba",
        "departamen": "Capital",
        "cabecera": "Córdoba",
        "circuito": "005D",
        "indec_p": 14,
        "indec_d": 14
      },
      "geometry": {
        "type": "Polygon",
        "coordinates": [
          [
            [
              -64.1230672,
              -31.4217756,
              0.0
            ],
            [
              -64.1230871,
              -31.4211157,
              0.0
            ],
            [
              -64.1230772,
              -31.4206757,
              0.0
            ],
            [
              -64.1230871,
              -31.4197356,
              0.0
            ],
            [
              -64.1230871,
              -31.4195456,
              0.0
            ],
            [
              -64.1230662,
              -31.4195453,
              0.0
            ],
            [
              -64.1231557,
              -31.4150448,
              0.0
            ],
            [
              -64.1224213,
              -31.415034,
              0.0
            ],
            [
              -64.1224667,
              -31.414245,
              0.0
            ],
            [
              -64.1228169,
              -31.4140054,
              0.0
            ],
            [
              -64.1239332,
              -31.4130686,
              0.0
            ],
            [
              -64.1239137,
              -31.4115532,
              0.0
            ],
            [
              -64.1258215,
              -31.4110878,
              0.0
            ],
            [
              -64.1268582,
              -31.4110374,
              0.0
            ],
            [
              -64.1268533,
              -31.4112839,
              0.0
            ],
            [
              -64.1275061,
              -31.4112442,
              0.0
            ],
            [
              -64.1280626,
              -31.4094239,
              0.0
            ],
            [
              -64.1280743,
              -31.4094182,
              0.0
            ],
            [
              -64.1286708,
              -31.4073469,
              0.0
            ],
            [
              -64.1309617,
              -31.4072108,
              0.0
            ],
            [
              -64.1313398,
              -31.4067751,
              0.0
            ],
            [
              -64.1335378,
              -31.4053013,
              0.0
            ],
            [
              -64.1362849,
              -31.4048997,
              0.0
            ],
            [
              -64.1384049,
              -31.4051681,
              0.0
            ],
            [
              -64.140626,
              -31.4054376,
              0.0
            ],
            [
              -64.141681,
              -31.4059718,
              0.0
            ],
            [
              -64.142241,
              -31.4066189,
              0.0
            ],
            [
              -64.14234,
              -31.407209,
              0.0
            ],
            [
              -64.1422411,
              -31.407913,
              0.0
            ],
            [
              -64.1416811,
              -31.4087279,
              0.0
            ],
            [
              -64.1409231,
              -31.4092908,
              0.0
            ],
            [
              -64.1401321,
              -31.4099086,
              0.0
            ],
            [
              -64.1399011,
              -31.4105276,
              0.0
            ],
            [
              -64.1401147,
              -31.4108718,
              0.0
            ],
            [
              -64.1404942,
              -31.4114837,
              0.0
            ],
            [
              -64.1411862,
              -31.4127779,
              0.0
            ],
            [
              -64.1416813,
              -31.4140161,
              0.0
            ],
            [
              -64.1424853,
              -31.4150912,
              0.0
            ],
            [
              -64.1438734,
              -31.4171506,
              0.0
            ],
            [
              -64.1437784,
              -31.4175796,
              0.0
            ],
            [
              -64.1436394,
              -31.4179106,
              0.0
            ],
            [
              -64.1434174,
              -31.4182485,
              0.0
            ],
            [
              -64.1435551,
              -31.4193305,
              0.0
            ],
            [
              -64.1384774,
              -31.4198076,
              0.0
            ],
            [
              -64.1372474,
              -31.4199274,
              0.0
            ],
            [
              -64.1366674,
              -31.4199773,
              0.0
            ],
            [
              -64.1360574,
              -31.4200471,
              0.0
            ],
            [
              -64.1340714,
              -31.42023,
              0.0
            ],
            [
              -64.1340271,
              -31.4179068,
              0.0
            ],
            [
              -64.1333172,
              -31.4179066,
              0.0
            ],
            [
              -64.1321772,
              -31.4179265,
              0.0
            ],
            [
              -64.1319872,
              -31.4179265,
              0.0
            ],
            [
              -64.1315172,
              -31.4179364,
              0.0
            ],
            [
              -64.1310172,
              -31.4179464,
              0.0
            ],
            [
              -64.1307272,
              -31.4179463,
              0.0
            ],
            [
              -64.1298172,
              -31.4179562,
              0.0
            ],
            [
              -64.1294572,
              -31.4179561,
              0.0
            ],
            [
              -64.1285872,
              -31.4179661,
              0.0
            ],
            [
              -64.1275272,
              -31.417986,
              0.0
            ],
            [
              -64.1275272,
              -31.418566,
              0.0
            ],
            [
              -64.1275272,
              -31.418876,
              0.0
            ],
            [
              -64.1275472,
              -31.419246,
              0.0
            ],
            [
              -64.1275572,
              -31.419776,
              0.0
            ],
            [
              -64.1275672,
              -31.420326,
              0.0
            ],
            [
              -64.1275772,
              -31.4207361,
              0.0
            ],
            [
              -64.1275872,
              -31.4213461,
              0.0
            ],
            [
              -64.1275873,
              -31.4217661,
              0.0
            ],
            [
              -64.1263773,
              -31.4217759,
              0.0
            ],
            [
              -64.1253273,
              -31.4217858,
              0.0
            ],
            [
              -64.1242372,
              -31.4217757,
              0.0
            ],
            [
              -64.1230672,
              -31.4217756,
              0.0
            ]
          ]
        ]
      }
    },
    {
      "type": "Feature",
      "properties": {
        "gid": 30,
        "distrito": 4,
        "provincia": "Córdoba",
        "departamen": "Capital",
        "cabecera": "Córdoba",
        "circuito": "007F",
        "indec_p": 14,
        "indec_d": 14
      },
      "geometry": {
        "type": "Polygon",
        "coordinates": [
          [
            [
              -64.1841566,
              -31.3359537,
              0.0
            ],
            [
              -64.1856629,
              -31.3465586,
              0.0
            ],
            [
              -64.1874838,
              -31.3550132,
              0.0
            ],
            [
              -64.1854123,
              -31.3555261,
              0.0
            ],
            [
              -64.1851511,
              -31.3555908,
              0.0
            ],
            [
              -64.1821514,
              -31.3562632,
              0.0
            ],
            [
              -64.1784704,
              -31.3570884,
              0.0
            ],
            [
              -64.1759982,
              -31.3574637,
              0.0
            ],
            [
              -64.1760583,
              -31.3550837,
              0.0
            ],
            [
              -64.1760582,
              -31.3542737,
              0.0
            ],
            [
              -64.1760582,
              -31.3540637,
              0.0
            ],
            [
              -64.1760583,
              -31.3532937,
              0.0
            ],
            [
              -64.1760583,
              -31.3528537,
              0.0
            ],
            [
              -64.1760583,
              -31.3523236,
              0.0
            ],
            [
              -64.1760483,
              -31.3513236,
              0.0
            ],
            [
              -64.1760583,
              -31.3506036,
              0.0
            ],
            [
              -64.1760583,
              -31.3497836,
              0.0
            ],
            [
              -64.1761684,
              -31.3492156,
              0.0
            ],
            [
              -64.1760984,
              -31.3477136,
              0.0
            ],
            [
              -64.1760586,
              -31.3412335,
              0.0
            ],
            [
              -64.1760485,
              -31.3407635,
              0.0
            ],
            [
              -64.1760386,
              -31.3403135,
              0.0
            ],
            [
              -64.1760486,
              -31.3398035,
              0.0
            ],
            [
              -64.1760385,
              -31.3393335,
              0.0
            ],
            [
              -64.1760284,
              -31.3384235,
              0.0
            ],
            [
              -64.1760284,
              -31.3380935,
              0.0
            ],
            [
              -64.1760284,
              -31.3377835,
              0.0
            ],
            [
              -64.1760284,
              -31.3374134,
              0.0
            ],
            [
              -64.1760284,
              -31.3373834,
              0.0
            ],
            [
              -64.1760284,
              -31.3369534,
              0.0
            ],
            [
              -64.1760184,
              -31.3364334,
              0.0
            ],
            [
              -64.1757284,
              -31.3359634,
              0.0
            ],
            [
              -64.1780784,
              -31.3359534,
              0.0
            ],
            [
              -64.1797985,
              -31.3359634,
              0.0
            ],
            [
              -64.1821916,
              -31.3359494,
              0.0
            ],
            [
              -64.1826275,
              -31.3359464,
              0.0
            ],
            [
              -64.1831286,
              -31.3359435,
              0.0
            ],
            [
              -64.1841186,
              -31.3359535,
              0.0
            ],
            [
              -64.1841566,
              -31.3359537,
              0.0
            ]
          ]
        ]
      }
    },
    {
      "type": "Feature",
      "properties": {
        "gid": 14,
        "distrito": 4,
        "provincia": "Córdoba",
        "departamen": "Capital",
        "cabecera": "Córdoba",
        "circuito": "005E",
        "indec_p": 14,
        "indec_d": 14
      },
      "geometry": {
        "type": "Polygon",
        "coordinates": [
          [
            [
              -64.0733973,
              -31.4268532,
              0.0
            ],
            [
              -64.1092885,
              -31.4272305,
              0.0
            ],
            [
              -64.109287,
              -31.4272357,
              0.0
            ],
            [
              -64.1105071,
              -31.4272856,
              0.0
            ],
            [
              -64.1116371,
              -31.4273055,
              0.0
            ],
            [
              -64.1127171,
              -31.4273255,
              0.0
            ],
            [
              -64.1137772,
              -31.4273455,
              0.0
            ],
            [
              -64.1143672,
              -31.4273556,
              0.0
            ],
            [
              -64.1153673,
              -31.4273755,
              0.0
            ],
            [
              -64.1155972,
              -31.4273855,
              0.0
            ],
            [
              -64.1167173,
              -31.4274055,
              0.0
            ],
            [
              -64.1178773,
              -31.4274256,
              0.0
            ],
            [
              -64.1190574,
              -31.4274457,
              0.0
            ],
            [
              -64.1203174,
              -31.4274757,
              0.0
            ],
            [
              -64.1216574,
              -31.4275058,
              0.0
            ],
            [
              -64.1229975,
              -31.4275259,
              0.0
            ],
            [
              -64.1230175,
              -31.4286958,
              0.0
            ],
            [
              -64.1230374,
              -31.4297459,
              0.0
            ],
            [
              -64.1230574,
              -31.4308959,
              0.0
            ],
            [
              -64.1230774,
              -31.4319759,
              0.0
            ],
            [
              -64.1230873,
              -31.4330859,
              0.0
            ],
            [
              -64.1231063,
              -31.4341749,
              0.0
            ],
            [
              -64.1231173,
              -31.4353359,
              0.0
            ],
            [
              -64.1231173,
              -31.4361959,
              0.0
            ],
            [
              -64.1230973,
              -31.436406,
              0.0
            ],
            [
              -64.1230973,
              -31.436976,
              0.0
            ],
            [
              -64.1230872,
              -31.437646,
              0.0
            ],
            [
              -64.1230872,
              -31.438336,
              0.0
            ],
            [
              -64.1230872,
              -31.438916,
              0.0
            ],
            [
              -64.1230871,
              -31.439586,
              0.0
            ],
            [
              -64.1230872,
              -31.440246,
              0.0
            ],
            [
              -64.1230872,
              -31.440936,
              0.0
            ],
            [
              -64.1221171,
              -31.440896,
              0.0
            ],
            [
              -64.1199771,
              -31.4408958,
              0.0
            ],
            [
              -64.118347,
              -31.4408958,
              0.0
            ],
            [
              -64.117587,
              -31.4408958,
              0.0
            ],
            [
              -64.1168169,
              -31.4409157,
              0.0
            ],
            [
              -64.116307,
              -31.4409157,
              0.0
            ],
            [
              -64.1151769,
              -31.4409358,
              0.0
            ],
            [
              -64.1140069,
              -31.4409557,
              0.0
            ],
            [
              -64.1136269,
              -31.4409558,
              0.0
            ],
            [
              -64.1092867,
              -31.4408658,
              0.0
            ],
            [
              -64.1038365,
              -31.4406862,
              0.0
            ],
            [
              -64.103836,
              -31.4408443,
              0.0
            ],
            [
              -64.0734329,
              -31.4403923,
              0.0
            ],
            [
              -64.0734327,
              -31.4402825,
              0.0
            ],
            [
              -64.073427,
              -31.438132,
              0.0
            ],
            [
              -64.073427,
              -31.4381315,
              0.0
            ],
            [
              -64.0734264,
              -31.4379085,
              0.0
            ],
            [
              -64.0734205,
              -31.4356979,
              0.0
            ],
            [
              -64.0734184,
              -31.4348647,
              0.0
            ],
            [
              -64.0734139,
              -31.433158,
              0.0
            ],
            [
              -64.0733975,
              -31.4269464,
              0.0
            ],
            [
              -64.0733975,
              -31.4269439,
              0.0
            ],
            [
              -64.0733973,
              -31.4268532,
              0.0
            ]
          ]
        ]
      }
    },
    {
      "type": "Feature",
      "properties": {
        "gid": 15,
        "distrito": 4,
        "provincia": "Córdoba",
        "departamen": "Capital",
        "cabecera": "Córdoba",
        "circuito": "005F",
        "indec_p": 14,
        "indec_d": 14
      },
      "geometry": {
        "type": "Polygon",
        "coordinates": [
          [
            [
              -64.1230662,
              -31.4195453,
              0.0
            ],
            [
              -64.1230871,
              -31.4195456,
              0.0
            ],
            [
              -64.1230871,
              -31.4197356,
              0.0
            ],
            [
              -64.1230772,
              -31.4206757,
              0.0
            ],
            [
              -64.1230871,
              -31.4211157,
              0.0
            ],
            [
              -64.1230672,
              -31.4217756,
              0.0
            ],
            [
              -64.1223772,
              -31.4217757,
              0.0
            ],
            [
              -64.1217972,
              -31.4217756,
              0.0
            ],
            [
              -64.1211071,
              -31.4217655,
              0.0
            ],
            [
              -64.1206071,
              -31.4217656,
              0.0
            ],
            [
              -64.1196871,
              -31.4217555,
              0.0
            ],
            [
              -64.1189871,
              -31.4217455,
              0.0
            ],
            [
              -64.118017,
              -31.4216454,
              0.0
            ],
            [
              -64.116857,
              -31.4216254,
              0.0
            ],
            [
              -64.1157869,
              -31.4216054,
              0.0
            ],
            [
              -64.115407,
              -31.4215954,
              0.0
            ],
            [
              -64.1139069,
              -31.4215454,
              0.0
            ],
            [
              -64.1127869,
              -31.4215254,
              0.0
            ],
            [
              -64.1117169,
              -31.4214854,
              0.0
            ],
            [
              -64.111716,
              -31.4215079,
              0.0
            ],
            [
              -64.1098764,
              -31.4215439,
              0.0
            ],
            [
              -64.1098794,
              -31.4215371,
              0.0
            ],
            [
              -64.0733826,
              -31.421466,
              0.0
            ],
            [
              -64.0733788,
              -31.420057,
              0.0
            ],
            [
              -64.0733788,
              -31.4200567,
              0.0
            ],
            [
              -64.073369,
              -31.4163693,
              0.0
            ],
            [
              -64.0739407,
              -31.4163483,
              0.0
            ],
            [
              -64.0743237,
              -31.4163541,
              0.0
            ],
            [
              -64.0748125,
              -31.4161863,
              0.0
            ],
            [
              -64.0760484,
              -31.4157013,
              0.0
            ],
            [
              -64.0771762,
              -31.4142508,
              0.0
            ],
            [
              -64.0785105,
              -31.4126939,
              0.0
            ],
            [
              -64.0804272,
              -31.4113868,
              0.0
            ],
            [
              -64.0807998,
              -31.4106477,
              0.0
            ],
            [
              -64.081799,
              -31.4097436,
              0.0
            ],
            [
              -64.0820617,
              -31.4095059,
              0.0
            ],
            [
              -64.0832281,
              -31.4090571,
              0.0
            ],
            [
              -64.0837607,
              -31.4088521,
              0.0
            ],
            [
              -64.0845486,
              -31.4090389,
              0.0
            ],
            [
              -64.0847642,
              -31.4092171,
              0.0
            ],
            [
              -64.0860056,
              -31.4102433,
              0.0
            ],
            [
              -64.0869841,
              -31.4111119,
              0.0
            ],
            [
              -64.0881846,
              -31.4111077,
              0.0
            ],
            [
              -64.0899184,
              -31.4099942,
              0.0
            ],
            [
              -64.0903979,
              -31.4096507,
              0.0
            ],
            [
              -64.092316,
              -31.4095257,
              0.0
            ],
            [
              -64.0933786,
              -31.4112937,
              0.0
            ],
            [
              -64.0946174,
              -31.4119252,
              0.0
            ],
            [
              -64.0977994,
              -31.4111836,
              0.0
            ],
            [
              -64.098459,
              -31.4107771,
              0.0
            ],
            [
              -64.0993641,
              -31.4102209,
              0.0
            ],
            [
              -64.0995428,
              -31.4102235,
              0.0
            ],
            [
              -64.102076,
              -31.4099979,
              0.0
            ],
            [
              -64.1040971,
              -31.4098305,
              0.0
            ],
            [
              -64.104838,
              -31.4098195,
              0.0
            ],
            [
              -64.1059373,
              -31.40977,
              0.0
            ],
            [
              -64.1063964,
              -31.4097987,
              0.0
            ],
            [
              -64.1071598,
              -31.409306,
              0.0
            ],
            [
              -64.1073193,
              -31.4087861,
              0.0
            ],
            [
              -64.1078156,
              -31.407169,
              0.0
            ],
            [
              -64.1078477,
              -31.4055703,
              0.0
            ],
            [
              -64.1092884,
              -31.4050439,
              0.0
            ],
            [
              -64.1114683,
              -31.4045941,
              0.0
            ],
            [
              -64.1127211,
              -31.4045249,
              0.0
            ],
            [
              -64.1137284,
              -31.4052407,
              0.0
            ],
            [
              -64.1166897,
              -31.4053062,
              0.0
            ],
            [
              -64.1188102,
              -31.4052717,
              0.0
            ],
            [
              -64.1202276,
              -31.4046354,
              0.0
            ],
            [
              -64.1226669,
              -31.4052627,
              0.0
            ],
            [
              -64.1248332,
              -31.4060472,
              0.0
            ],
            [
              -64.1248182,
              -31.4060662,
              0.0
            ],
            [
              -64.1270182,
              -31.4070292,
              0.0
            ],
            [
              -64.1284161,
              -31.4073621,
              0.0
            ],
            [
              -64.1286708,
              -31.4073469,
              0.0
            ],
            [
              -64.1280743,
              -31.4094182,
              0.0
            ],
            [
              -64.1280626,
              -31.4094239,
              0.0
            ],
            [
              -64.1275061,
              -31.4112442,
              0.0
            ],
            [
              -64.1268533,
              -31.4112839,
              0.0
            ],
            [
              -64.1268582,
              -31.4110374,
              0.0
            ],
            [
              -64.1258215,
              -31.4110878,
              0.0
            ],
            [
              -64.1239137,
              -31.4115532,
              0.0
            ],
            [
              -64.1239332,
              -31.4130686,
              0.0
            ],
            [
              -64.1228169,
              -31.4140054,
              0.0
            ],
            [
              -64.1224667,
              -31.414245,
              0.0
            ],
            [
              -64.1224213,
              -31.415034,
              0.0
            ],
            [
              -64.1231557,
              -31.4150448,
              0.0
            ],
            [
              -64.1230662,
              -31.4195453,
              0.0
            ]
          ]
        ]
      }
    },
    {
      "type": "Feature",
      "properties": {
        "gid": 16,
        "distrito": 4,
        "provincia": "Córdoba",
        "departamen": "Capital",
        "cabecera": "Córdoba",
        "circuito": "005G",
        "indec_p": 14,
        "indec_d": 14
      },
      "geometry": {
        "type": "Polygon",
        "coordinates": [
          [
            [
              -64.1369273,
              -31.4232855,
              0.0
            ],
            [
              -64.1369275,
              -31.4232874,
              0.0
            ],
            [
              -64.1361976,
              -31.4233673,
              0.0
            ],
            [
              -64.1353275,
              -31.4234571,
              0.0
            ],
            [
              -64.1344775,
              -31.423537,
              0.0
            ],
            [
              -64.1343374,
              -31.4223069,
              0.0
            ],
            [
              -64.1341874,
              -31.4212969,
              0.0
            ],
            [
              -64.1339974,
              -31.4202369,
              0.0
            ],
            [
              -64.1340714,
              -31.42023,
              0.0
            ],
            [
              -64.1360574,
              -31.4200471,
              0.0
            ],
            [
              -64.1366674,
              -31.4199773,
              0.0
            ],
            [
              -64.1372474,
              -31.4199274,
              0.0
            ],
            [
              -64.1384774,
              -31.4198076,
              0.0
            ],
            [
              -64.1435551,
              -31.4193305,
              0.0
            ],
            [
              -64.1434174,
              -31.4182485,
              0.0
            ],
            [
              -64.1436394,
              -31.4179106,
              0.0
            ],
            [
              -64.1437784,
              -31.4175796,
              0.0
            ],
            [
              -64.1438734,
              -31.4171506,
              0.0
            ],
            [
              -64.1449184,
              -31.4178999,
              0.0
            ],
            [
              -64.1462345,
              -31.4182737,
              0.0
            ],
            [
              -64.1475846,
              -31.4185044,
              0.0
            ],
            [
              -64.1487317,
              -31.4184461,
              0.0
            ],
            [
              -64.1496107,
              -31.4183009,
              0.0
            ],
            [
              -64.1504517,
              -31.4181008,
              0.0
            ],
            [
              -64.1513288,
              -31.4178986,
              0.0
            ],
            [
              -64.1521048,
              -31.4176684,
              0.0
            ],
            [
              -64.1530158,
              -31.4173802,
              0.0
            ],
            [
              -64.1537249,
              -31.416977,
              0.0
            ],
            [
              -64.1543318,
              -31.4165449,
              0.0
            ],
            [
              -64.1549058,
              -31.4160268,
              0.0
            ],
            [
              -64.1552809,
              -31.4154957,
              0.0
            ],
            [
              -64.1558689,
              -31.4157187,
              0.0
            ],
            [
              -64.156458,
              -31.4161095,
              0.0
            ],
            [
              -64.156883,
              -31.4164165,
              0.0
            ],
            [
              -64.15721,
              -31.4168625,
              0.0
            ],
            [
              -64.1574061,
              -31.4171414,
              0.0
            ],
            [
              -64.1576031,
              -31.4175884,
              0.0
            ],
            [
              -64.1576971,
              -31.4180314,
              0.0
            ],
            [
              -64.1579302,
              -31.4194584,
              0.0
            ],
            [
              -64.1582572,
              -31.4203794,
              0.0
            ],
            [
              -64.1587373,
              -31.4210614,
              0.0
            ],
            [
              -64.1594673,
              -31.4216622,
              0.0
            ],
            [
              -64.1603174,
              -31.4220251,
              0.0
            ],
            [
              -64.1613314,
              -31.422192,
              0.0
            ],
            [
              -64.1623985,
              -31.4223459,
              0.0
            ],
            [
              -64.1631785,
              -31.4224058,
              0.0
            ],
            [
              -64.1644485,
              -31.4225157,
              0.0
            ],
            [
              -64.1658787,
              -31.4228456,
              0.0
            ],
            [
              -64.1660287,
              -31.4228855,
              0.0
            ],
            [
              -64.1667687,
              -31.4231155,
              0.0
            ],
            [
              -64.1672487,
              -31.4233855,
              0.0
            ],
            [
              -64.1674538,
              -31.4234693,
              0.0
            ],
            [
              -64.1674271,
              -31.4240098,
              0.0
            ],
            [
              -64.1674289,
              -31.4240107,
              0.0
            ],
            [
              -64.167427,
              -31.4240129,
              0.0
            ],
            [
              -64.166448,
              -31.4251245,
              0.0
            ],
            [
              -64.1664387,
              -31.4251255,
              0.0
            ],
            [
              -64.1646387,
              -31.4254257,
              0.0
            ],
            [
              -64.1635187,
              -31.4259058,
              0.0
            ],
            [
              -64.1622487,
              -31.426096,
              0.0
            ],
            [
              -64.1616487,
              -31.426166,
              0.0
            ],
            [
              -64.1609986,
              -31.4262261,
              0.0
            ],
            [
              -64.1605186,
              -31.4263162,
              0.0
            ],
            [
              -64.1597286,
              -31.4264664,
              0.0
            ],
            [
              -64.1591985,
              -31.4264864,
              0.0
            ],
            [
              -64.1585285,
              -31.4265665,
              0.0
            ],
            [
              -64.1578485,
              -31.4266666,
              0.0
            ],
            [
              -64.1572685,
              -31.4267667,
              0.0
            ],
            [
              -64.1569784,
              -31.4270968,
              0.0
            ],
            [
              -64.1558884,
              -31.427427,
              0.0
            ],
            [
              -64.1546284,
              -31.4278672,
              0.0
            ],
            [
              -64.1538184,
              -31.4281873,
              0.0
            ],
            [
              -64.1534083,
              -31.4283474,
              0.0
            ],
            [
              -64.1523483,
              -31.4288176,
              0.0
            ],
            [
              -64.1512483,
              -31.4293378,
              0.0
            ],
            [
              -64.1501682,
              -31.4298381,
              0.0
            ],
            [
              -64.150166,
              -31.4298355,
              0.0
            ],
            [
              -64.1501556,
              -31.4298401,
              0.0
            ],
            [
              -64.149234,
              -31.4300743,
              0.0
            ],
            [
              -64.1479951,
              -31.4306841,
              0.0
            ],
            [
              -64.147998,
              -31.4306885,
              0.0
            ],
            [
              -64.1469279,
              -31.4312088,
              0.0
            ],
            [
              -64.1464957,
              -31.4314984,
              0.0
            ],
            [
              -64.146423,
              -31.4311068,
              0.0
            ],
            [
              -64.145229,
              -31.4313314,
              0.0
            ],
            [
              -64.1452278,
              -31.4313191,
              0.0
            ],
            [
              -64.1441278,
              -31.4315691,
              0.0
            ],
            [
              -64.1428978,
              -31.4318688,
              0.0
            ],
            [
              -64.1423552,
              -31.4319511,
              0.0
            ],
            [
              -64.1416228,
              -31.4326654,
              0.0
            ],
            [
              -64.1415409,
              -31.4320747,
              0.0
            ],
            [
              -64.1407244,
              -31.4261885,
              0.0
            ],
            [
              -64.1404285,
              -31.424056,
              0.0
            ],
            [
              -64.1402886,
              -31.423048,
              0.0
            ],
            [
              -64.1396332,
              -31.4231031,
              0.0
            ],
            [
              -64.1396276,
              -31.4230579,
              0.0
            ],
            [
              -64.1389876,
              -31.4231278,
              0.0
            ],
            [
              -64.1389854,
              -31.4231145,
              0.0
            ],
            [
              -64.1369273,
              -31.4232855,
              0.0
            ]
          ]
        ]
      }
    },
    {
      "type": "Feature",
      "properties": {
        "gid": 17,
        "distrito": 4,
        "provincia": "Córdoba",
        "departamen": "Capital",
        "cabecera": "Córdoba",
        "circuito": "0006",
        "indec_p": 14,
        "indec_d": 14
      },
      "geometry": {
        "type": "Polygon",
        "coordinates": [
          [
            [
              -64.1546638,
              -31.4037529,
              0.0
            ],
            [
              -64.1560891,
              -31.4041677,
              0.0
            ],
            [
              -64.1566775,
              -31.4043263,
              0.0
            ],
            [
              -64.1592266,
              -31.4050089,
              0.0
            ],
            [
              -64.1588978,
              -31.405926,
              0.0
            ],
            [
              -64.1586877,
              -31.406516,
              0.0
            ],
            [
              -64.1584677,
              -31.4070561,
              0.0
            ],
            [
              -64.1580777,
              -31.4081261,
              0.0
            ],
            [
              -64.1577177,
              -31.4091162,
              0.0
            ],
            [
              -64.1573477,
              -31.4101063,
              0.0
            ],
            [
              -64.1569378,
              -31.4111764,
              0.0
            ],
            [
              -64.1561777,
              -31.4109765,
              0.0
            ],
            [
              -64.1555378,
              -31.4108067,
              0.0
            ],
            [
              -64.1546776,
              -31.4105668,
              0.0
            ],
            [
              -64.1543476,
              -31.4104769,
              0.0
            ],
            [
              -64.1538776,
              -31.4103569,
              0.0
            ],
            [
              -64.1531675,
              -31.410167,
              0.0
            ],
            [
              -64.1523075,
              -31.4099372,
              0.0
            ],
            [
              -64.1515675,
              -31.4097373,
              0.0
            ],
            [
              -64.1515533,
              -31.4097254,
              0.0
            ],
            [
              -64.1497695,
              -31.4092644,
              0.0
            ],
            [
              -64.1481338,
              -31.4088416,
              0.0
            ],
            [
              -64.1481273,
              -31.408858,
              0.0
            ],
            [
              -64.1477973,
              -31.4088581,
              0.0
            ],
            [
              -64.1478373,
              -31.4098381,
              0.0
            ],
            [
              -64.1478933,
              -31.4107111,
              0.0
            ],
            [
              -64.1478973,
              -31.4109581,
              0.0
            ],
            [
              -64.1478974,
              -31.4114301,
              0.0
            ],
            [
              -64.1474544,
              -31.4114238,
              0.0
            ],
            [
              -64.1459854,
              -31.4112382,
              0.0
            ],
            [
              -64.1458525,
              -31.4114834,
              0.0
            ],
            [
              -64.1450389,
              -31.411397,
              0.0
            ],
            [
              -64.1451771,
              -31.4104187,
              0.0
            ],
            [
              -64.1453172,
              -31.4094287,
              0.0
            ],
            [
              -64.1454471,
              -31.4084587,
              0.0
            ],
            [
              -64.1454097,
              -31.4084546,
              0.0
            ],
            [
              -64.1457347,
              -31.4060729,
              0.0
            ],
            [
              -64.1457303,
              -31.4059305,
              0.0
            ],
            [
              -64.1455779,
              -31.4010189,
              0.0
            ],
            [
              -64.1462663,
              -31.4002116,
              0.0
            ],
            [
              -64.1480271,
              -31.400808,
              0.0
            ],
            [
              -64.1492571,
              -31.4012676,
              0.0
            ],
            [
              -64.1513472,
              -31.4022372,
              0.0
            ],
            [
              -64.1513667,
              -31.4022402,
              0.0
            ],
            [
              -64.154656,
              -31.4037506,
              0.0
            ],
            [
              -64.1546638,
              -31.4037529,
              0.0
            ]
          ]
        ]
      }
    },
    {
      "type": "Feature",
      "properties": {
        "gid": 89,
        "distrito": 4,
        "provincia": "Córdoba",
        "departamen": "Capital",
        "cabecera": "Córdoba",
        "circuito": "013K",
        "indec_p": 14,
        "indec_d": 14
      },
      "geometry": {
        "type": "Polygon",
        "coordinates": [
          [
            [
              -64.0933409,
              -31.3416123,
              0.0
            ],
            [
              -64.0731664,
              -31.3412137,
              0.0
            ],
            [
              -64.0731663,
              -31.3412021,
              0.0
            ],
            [
              -64.0731644,
              -31.3404587,
              0.0
            ],
            [
              -64.0731639,
              -31.3403616,
              0.0
            ],
            [
              -64.0730946,
              -31.3377502,
              0.0
            ],
            [
              -64.0729485,
              -31.3322522,
              0.0
            ],
            [
              -64.0728999,
              -31.3304212,
              0.0
            ],
            [
              -64.072807,
              -31.3269249,
              0.0
            ],
            [
              -64.0727151,
              -31.3234625,
              0.0
            ],
            [
              -64.0725077,
              -31.3156494,
              0.0
            ],
            [
              -64.0725077,
              -31.3156492,
              0.0
            ],
            [
              -64.0723726,
              -31.3128066,
              0.0
            ],
            [
              -64.0723389,
              -31.3120966,
              0.0
            ],
            [
              -64.0723255,
              -31.3118147,
              0.0
            ],
            [
              -64.0813164,
              -31.3115138,
              0.0
            ],
            [
              -64.0873636,
              -31.3113101,
              0.0
            ],
            [
              -64.087364,
              -31.3113101,
              0.0
            ],
            [
              -64.0874572,
              -31.311307,
              0.0
            ],
            [
              -64.0916337,
              -31.3111713,
              0.0
            ],
            [
              -64.0917796,
              -31.3111665,
              0.0
            ],
            [
              -64.0947126,
              -31.3110712,
              0.0
            ],
            [
              -64.0947761,
              -31.3110691,
              0.0
            ],
            [
              -64.0967731,
              -31.3110027,
              0.0
            ],
            [
              -64.0969426,
              -31.3109971,
              0.0
            ],
            [
              -64.0965192,
              -31.3374911,
              0.0
            ],
            [
              -64.0964523,
              -31.341673,
              0.0
            ],
            [
              -64.0933409,
              -31.3416123,
              0.0
            ]
          ]
        ]
      }
    },
    {
      "type": "Feature",
      "properties": {
        "gid": 18,
        "distrito": 4,
        "provincia": "Córdoba",
        "departamen": "Capital",
        "cabecera": "Córdoba",
        "circuito": "006A",
        "indec_p": 14,
        "indec_d": 14
      },
      "geometry": {
        "type": "Polygon",
        "coordinates": [
          [
            [
              -64.1454097,
              -31.4084546,
              0.0
            ],
            [
              -64.1454471,
              -31.4084587,
              0.0
            ],
            [
              -64.1453172,
              -31.4094287,
              0.0
            ],
            [
              -64.1451771,
              -31.4104187,
              0.0
            ],
            [
              -64.1450389,
              -31.411397,
              0.0
            ],
            [
              -64.1401147,
              -31.4108718,
              0.0
            ],
            [
              -64.1399011,
              -31.4105276,
              0.0
            ],
            [
              -64.1401321,
              -31.4099086,
              0.0
            ],
            [
              -64.1409231,
              -31.4092908,
              0.0
            ],
            [
              -64.1416811,
              -31.4087279,
              0.0
            ],
            [
              -64.1422411,
              -31.407913,
              0.0
            ],
            [
              -64.14234,
              -31.407209,
              0.0
            ],
            [
              -64.142241,
              -31.4066189,
              0.0
            ],
            [
              -64.141681,
              -31.4059718,
              0.0
            ],
            [
              -64.140626,
              -31.4054376,
              0.0
            ],
            [
              -64.1384049,
              -31.4051681,
              0.0
            ],
            [
              -64.1362849,
              -31.4048997,
              0.0
            ],
            [
              -64.1335378,
              -31.4053013,
              0.0
            ],
            [
              -64.1313398,
              -31.4067751,
              0.0
            ],
            [
              -64.1309617,
              -31.4072108,
              0.0
            ],
            [
              -64.1286708,
              -31.4073469,
              0.0
            ],
            [
              -64.1284161,
              -31.4073621,
              0.0
            ],
            [
              -64.1270182,
              -31.4070292,
              0.0
            ],
            [
              -64.1248182,
              -31.4060662,
              0.0
            ],
            [
              -64.1248332,
              -31.4060472,
              0.0
            ],
            [
              -64.1260167,
              -31.4045454,
              0.0
            ],
            [
              -64.1267566,
              -31.4030155,
              0.0
            ],
            [
              -64.1277566,
              -31.4000855,
              0.0
            ],
            [
              -64.1278765,
              -31.3990255,
              0.0
            ],
            [
              -64.1279166,
              -31.3986555,
              0.0
            ],
            [
              -64.1278665,
              -31.3976355,
              0.0
            ],
            [
              -64.1285565,
              -31.3976556,
              0.0
            ],
            [
              -64.1310866,
              -31.3978058,
              0.0
            ],
            [
              -64.1322766,
              -31.397866,
              0.0
            ],
            [
              -64.1333766,
              -31.3979262,
              0.0
            ],
            [
              -64.1343567,
              -31.3979763,
              0.0
            ],
            [
              -64.1345966,
              -31.3980063,
              0.0
            ],
            [
              -64.1357667,
              -31.3981266,
              0.0
            ],
            [
              -64.1361267,
              -31.3981566,
              0.0
            ],
            [
              -64.1368468,
              -31.3982467,
              0.0
            ],
            [
              -64.1378268,
              -31.3983569,
              0.0
            ],
            [
              -64.1379868,
              -31.398387,
              0.0
            ],
            [
              -64.1390868,
              -31.3985671,
              0.0
            ],
            [
              -64.1411668,
              -31.3989075,
              0.0
            ],
            [
              -64.1413268,
              -31.3989275,
              0.0
            ],
            [
              -64.1413303,
              -31.3989283,
              0.0
            ],
            [
              -64.1425569,
              -31.3991878,
              0.0
            ],
            [
              -64.1442569,
              -31.3996382,
              0.0
            ],
            [
              -64.1462569,
              -31.4002084,
              0.0
            ],
            [
              -64.1462663,
              -31.4002116,
              0.0
            ],
            [
              -64.1455779,
              -31.4010189,
              0.0
            ],
            [
              -64.1457303,
              -31.4059305,
              0.0
            ],
            [
              -64.1457347,
              -31.4060729,
              0.0
            ],
            [
              -64.1454097,
              -31.4084546,
              0.0
            ]
          ]
        ]
      }
    },
    {
      "type": "Feature",
      "properties": {
        "gid": 19,
        "distrito": 4,
        "provincia": "Córdoba",
        "departamen": "Capital",
        "cabecera": "Córdoba",
        "circuito": "006B",
        "indec_p": 14,
        "indec_d": 14
      },
      "geometry": {
        "type": "Polygon",
        "coordinates": [
          [
            [
              -64.0832281,
              -31.4090571,
              0.0
            ],
            [
              -64.0807398,
              -31.3886139,
              0.0
            ],
            [
              -64.081373,
              -31.388788,
              0.0
            ],
            [
              -64.081556,
              -31.3888414,
              0.0
            ],
            [
              -64.0985925,
              -31.3937967,
              0.0
            ],
            [
              -64.1075959,
              -31.396415,
              0.0
            ],
            [
              -64.1127944,
              -31.3964914,
              0.0
            ],
            [
              -64.1128061,
              -31.3965648,
              0.0
            ],
            [
              -64.1233764,
              -31.3974751,
              0.0
            ],
            [
              -64.1278665,
              -31.3976355,
              0.0
            ],
            [
              -64.1279166,
              -31.3986555,
              0.0
            ],
            [
              -64.1278765,
              -31.3990255,
              0.0
            ],
            [
              -64.1277566,
              -31.4000855,
              0.0
            ],
            [
              -64.1267566,
              -31.4030155,
              0.0
            ],
            [
              -64.1260167,
              -31.4045454,
              0.0
            ],
            [
              -64.1248332,
              -31.4060472,
              0.0
            ],
            [
              -64.1226669,
              -31.4052627,
              0.0
            ],
            [
              -64.1202276,
              -31.4046354,
              0.0
            ],
            [
              -64.1188102,
              -31.4052717,
              0.0
            ],
            [
              -64.1166897,
              -31.4053062,
              0.0
            ],
            [
              -64.1137284,
              -31.4052407,
              0.0
            ],
            [
              -64.1127211,
              -31.4045249,
              0.0
            ],
            [
              -64.1114683,
              -31.4045941,
              0.0
            ],
            [
              -64.1092884,
              -31.4050439,
              0.0
            ],
            [
              -64.1078477,
              -31.4055703,
              0.0
            ],
            [
              -64.1078156,
              -31.407169,
              0.0
            ],
            [
              -64.1073193,
              -31.4087861,
              0.0
            ],
            [
              -64.1071598,
              -31.409306,
              0.0
            ],
            [
              -64.1063964,
              -31.4097987,
              0.0
            ],
            [
              -64.1059373,
              -31.40977,
              0.0
            ],
            [
              -64.104838,
              -31.4098195,
              0.0
            ],
            [
              -64.1040971,
              -31.4098305,
              0.0
            ],
            [
              -64.102076,
              -31.4099979,
              0.0
            ],
            [
              -64.0995428,
              -31.4102235,
              0.0
            ],
            [
              -64.0993641,
              -31.4102209,
              0.0
            ],
            [
              -64.098459,
              -31.4107771,
              0.0
            ],
            [
              -64.0977994,
              -31.4111836,
              0.0
            ],
            [
              -64.0946174,
              -31.4119252,
              0.0
            ],
            [
              -64.0933786,
              -31.4112937,
              0.0
            ],
            [
              -64.092316,
              -31.4095257,
              0.0
            ],
            [
              -64.0903979,
              -31.4096507,
              0.0
            ],
            [
              -64.0899184,
              -31.4099942,
              0.0
            ],
            [
              -64.0881846,
              -31.4111077,
              0.0
            ],
            [
              -64.0869841,
              -31.4111119,
              0.0
            ],
            [
              -64.0860056,
              -31.4102433,
              0.0
            ],
            [
              -64.0847642,
              -31.4092171,
              0.0
            ],
            [
              -64.0845486,
              -31.4090389,
              0.0
            ],
            [
              -64.0837607,
              -31.4088521,
              0.0
            ],
            [
              -64.0832281,
              -31.4090571,
              0.0
            ]
          ]
        ]
      }
    },
    {
      "type": "Feature",
      "properties": {
        "gid": 20,
        "distrito": 4,
        "provincia": "Córdoba",
        "departamen": "Capital",
        "cabecera": "Córdoba",
        "circuito": "006C",
        "indec_p": 14,
        "indec_d": 14
      },
      "geometry": {
        "type": "Polygon",
        "coordinates": [
          [
            [
              -64.1610981,
              -31.4144359,
              0.0
            ],
            [
              -64.1609095,
              -31.4148726,
              0.0
            ],
            [
              -64.1594047,
              -31.4144336,
              0.0
            ],
            [
              -64.1579496,
              -31.4140091,
              0.0
            ],
            [
              -64.157938,
              -31.4140163,
              0.0
            ],
            [
              -64.1578679,
              -31.4136763,
              0.0
            ],
            [
              -64.1570079,
              -31.4134364,
              0.0
            ],
            [
              -64.1561878,
              -31.4132166,
              0.0
            ],
            [
              -64.1565478,
              -31.4122365,
              0.0
            ],
            [
              -64.1569378,
              -31.4111764,
              0.0
            ],
            [
              -64.1573477,
              -31.4101063,
              0.0
            ],
            [
              -64.1577177,
              -31.4091162,
              0.0
            ],
            [
              -64.1580777,
              -31.4081261,
              0.0
            ],
            [
              -64.1584677,
              -31.4070561,
              0.0
            ],
            [
              -64.1586877,
              -31.406516,
              0.0
            ],
            [
              -64.1588978,
              -31.405926,
              0.0
            ],
            [
              -64.1592266,
              -31.4050089,
              0.0
            ],
            [
              -64.1592277,
              -31.405006,
              0.0
            ],
            [
              -64.1605578,
              -31.4053557,
              0.0
            ],
            [
              -64.1614078,
              -31.4055856,
              0.0
            ],
            [
              -64.1625779,
              -31.4058855,
              0.0
            ],
            [
              -64.1634979,
              -31.4061254,
              0.0
            ],
            [
              -64.1640479,
              -31.4062653,
              0.0
            ],
            [
              -64.164578,
              -31.4064052,
              0.0
            ],
            [
              -64.1645801,
              -31.4063999,
              0.0
            ],
            [
              -64.1657993,
              -31.4067217,
              0.0
            ],
            [
              -64.1669914,
              -31.4070363,
              0.0
            ],
            [
              -64.1669881,
              -31.4070451,
              0.0
            ],
            [
              -64.1682082,
              -31.407365,
              0.0
            ],
            [
              -64.1692182,
              -31.407625,
              0.0
            ],
            [
              -64.1694082,
              -31.4076749,
              0.0
            ],
            [
              -64.1706183,
              -31.4079848,
              0.0
            ],
            [
              -64.1717883,
              -31.4082848,
              0.0
            ],
            [
              -64.1730984,
              -31.4086247,
              0.0
            ],
            [
              -64.1734884,
              -31.4087247,
              0.0
            ],
            [
              -64.1746204,
              -31.4085367,
              0.0
            ],
            [
              -64.1744995,
              -31.4095338,
              0.0
            ],
            [
              -64.1744195,
              -31.4101868,
              0.0
            ],
            [
              -64.1744995,
              -31.4115278,
              0.0
            ],
            [
              -64.1745806,
              -31.4130408,
              0.0
            ],
            [
              -64.1744997,
              -31.4144158,
              0.0
            ],
            [
              -64.1744831,
              -31.4149256,
              0.0
            ],
            [
              -64.1744487,
              -31.4159849,
              0.0
            ],
            [
              -64.1737088,
              -31.417355,
              0.0
            ],
            [
              -64.1735477,
              -31.4179489,
              0.0
            ],
            [
              -64.1724187,
              -31.417695,
              0.0
            ],
            [
              -64.1711386,
              -31.417355,
              0.0
            ],
            [
              -64.1699186,
              -31.4170251,
              0.0
            ],
            [
              -64.1687385,
              -31.4167251,
              0.0
            ],
            [
              -64.1674785,
              -31.4163652,
              0.0
            ],
            [
              -64.1662984,
              -31.4160454,
              0.0
            ],
            [
              -64.1650583,
              -31.4157055,
              0.0
            ],
            [
              -64.1638082,
              -31.4153856,
              0.0
            ],
            [
              -64.1626782,
              -31.4150557,
              0.0
            ],
            [
              -64.1614881,
              -31.4147258,
              0.0
            ],
            [
              -64.1610981,
              -31.4144359,
              0.0
            ]
          ]
        ]
      }
    },
    {
      "type": "Feature",
      "properties": {
        "gid": 21,
        "distrito": 4,
        "provincia": "Córdoba",
        "departamen": "Capital",
        "cabecera": "Córdoba",
        "circuito": "006D",
        "indec_p": 14,
        "indec_d": 14
      },
      "geometry": {
        "type": "Polygon",
        "coordinates": [
          [
            [
              -64.1579496,
              -31.4140091,
              0.0
            ],
            [
              -64.1594047,
              -31.4144336,
              0.0
            ],
            [
              -64.1609095,
              -31.4148726,
              0.0
            ],
            [
              -64.1610981,
              -31.4144359,
              0.0
            ],
            [
              -64.1614881,
              -31.4147258,
              0.0
            ],
            [
              -64.1626782,
              -31.4150557,
              0.0
            ],
            [
              -64.1638082,
              -31.4153856,
              0.0
            ],
            [
              -64.1650583,
              -31.4157055,
              0.0
            ],
            [
              -64.1662984,
              -31.4160454,
              0.0
            ],
            [
              -64.1674785,
              -31.4163652,
              0.0
            ],
            [
              -64.1687385,
              -31.4167251,
              0.0
            ],
            [
              -64.1699186,
              -31.4170251,
              0.0
            ],
            [
              -64.1711386,
              -31.417355,
              0.0
            ],
            [
              -64.1724187,
              -31.417695,
              0.0
            ],
            [
              -64.1735477,
              -31.4179489,
              0.0
            ],
            [
              -64.1726189,
              -31.4213751,
              0.0
            ],
            [
              -64.1720189,
              -31.4224051,
              0.0
            ],
            [
              -64.1719142,
              -31.4225098,
              0.0
            ],
            [
              -64.1716089,
              -31.4228151,
              0.0
            ],
            [
              -64.1711289,
              -31.4232152,
              0.0
            ],
            [
              -64.1706389,
              -31.4234552,
              0.0
            ],
            [
              -64.1701789,
              -31.4236352,
              0.0
            ],
            [
              -64.1688218,
              -31.4238173,
              0.0
            ],
            [
              -64.1674688,
              -31.4234755,
              0.0
            ],
            [
              -64.1674538,
              -31.4234693,
              0.0
            ],
            [
              -64.1672487,
              -31.4233855,
              0.0
            ],
            [
              -64.1667687,
              -31.4231155,
              0.0
            ],
            [
              -64.1660287,
              -31.4228855,
              0.0
            ],
            [
              -64.1658787,
              -31.4228456,
              0.0
            ],
            [
              -64.1644485,
              -31.4225157,
              0.0
            ],
            [
              -64.1631785,
              -31.4224058,
              0.0
            ],
            [
              -64.1623985,
              -31.4223459,
              0.0
            ],
            [
              -64.1613314,
              -31.422192,
              0.0
            ],
            [
              -64.1603174,
              -31.4220251,
              0.0
            ],
            [
              -64.1594673,
              -31.4216622,
              0.0
            ],
            [
              -64.1587373,
              -31.4210614,
              0.0
            ],
            [
              -64.1582572,
              -31.4203794,
              0.0
            ],
            [
              -64.1579302,
              -31.4194584,
              0.0
            ],
            [
              -64.1576971,
              -31.4180314,
              0.0
            ],
            [
              -64.1576031,
              -31.4175884,
              0.0
            ],
            [
              -64.1574061,
              -31.4171414,
              0.0
            ],
            [
              -64.15721,
              -31.4168625,
              0.0
            ],
            [
              -64.156883,
              -31.4164165,
              0.0
            ],
            [
              -64.156458,
              -31.4161095,
              0.0
            ],
            [
              -64.1558689,
              -31.4157187,
              0.0
            ],
            [
              -64.1552809,
              -31.4154957,
              0.0
            ],
            [
              -64.1554579,
              -31.4152567,
              0.0
            ],
            [
              -64.1558179,
              -31.4142566,
              0.0
            ],
            [
              -64.1561878,
              -31.4132166,
              0.0
            ],
            [
              -64.1570079,
              -31.4134364,
              0.0
            ],
            [
              -64.1578679,
              -31.4136763,
              0.0
            ],
            [
              -64.157938,
              -31.4140163,
              0.0
            ],
            [
              -64.1579496,
              -31.4140091,
              0.0
            ]
          ]
        ]
      }
    },
    {
      "type": "Feature",
      "properties": {
        "gid": 22,
        "distrito": 4,
        "provincia": "Córdoba",
        "departamen": "Capital",
        "cabecera": "Córdoba",
        "circuito": "006E",
        "indec_p": 14,
        "indec_d": 14
      },
      "geometry": {
        "type": "Polygon",
        "coordinates": [
          [
            [
              -64.073355,
              -31.4112398,
              0.0
            ],
            [
              -64.0733276,
              -31.4011791,
              0.0
            ],
            [
              -64.0733226,
              -31.3993458,
              0.0
            ],
            [
              -64.073306,
              -31.39319,
              0.0
            ],
            [
              -64.0732882,
              -31.386564,
              0.0
            ],
            [
              -64.0807398,
              -31.3886139,
              0.0
            ],
            [
              -64.0832281,
              -31.4090571,
              0.0
            ],
            [
              -64.0820617,
              -31.4095059,
              0.0
            ],
            [
              -64.081799,
              -31.4097436,
              0.0
            ],
            [
              -64.0807998,
              -31.4106477,
              0.0
            ],
            [
              -64.0804272,
              -31.4113868,
              0.0
            ],
            [
              -64.0785105,
              -31.4126939,
              0.0
            ],
            [
              -64.0771762,
              -31.4142508,
              0.0
            ],
            [
              -64.0760484,
              -31.4157013,
              0.0
            ],
            [
              -64.0748125,
              -31.4161863,
              0.0
            ],
            [
              -64.0743237,
              -31.4163541,
              0.0
            ],
            [
              -64.0739407,
              -31.4163483,
              0.0
            ],
            [
              -64.073369,
              -31.4163693,
              0.0
            ],
            [
              -64.0733689,
              -31.4163589,
              0.0
            ],
            [
              -64.0733589,
              -31.4126688,
              0.0
            ],
            [
              -64.073355,
              -31.4112398,
              0.0
            ]
          ]
        ]
      }
    },
    {
      "type": "Feature",
      "properties": {
        "gid": 23,
        "distrito": 4,
        "provincia": "Córdoba",
        "departamen": "Capital",
        "cabecera": "Córdoba",
        "circuito": "006F",
        "indec_p": 14,
        "indec_d": 14
      },
      "geometry": {
        "type": "Polygon",
        "coordinates": [
          [
            [
              -64.1523075,
              -31.4099372,
              0.0
            ],
            [
              -64.1531675,
              -31.410167,
              0.0
            ],
            [
              -64.1538776,
              -31.4103569,
              0.0
            ],
            [
              -64.1543476,
              -31.4104769,
              0.0
            ],
            [
              -64.1546776,
              -31.4105668,
              0.0
            ],
            [
              -64.1555378,
              -31.4108067,
              0.0
            ],
            [
              -64.1561777,
              -31.4109765,
              0.0
            ],
            [
              -64.1569378,
              -31.4111764,
              0.0
            ],
            [
              -64.1565478,
              -31.4122365,
              0.0
            ],
            [
              -64.1561878,
              -31.4132166,
              0.0
            ],
            [
              -64.1558179,
              -31.4142566,
              0.0
            ],
            [
              -64.1554579,
              -31.4152567,
              0.0
            ],
            [
              -64.1552809,
              -31.4154957,
              0.0
            ],
            [
              -64.1549058,
              -31.4160268,
              0.0
            ],
            [
              -64.1543318,
              -31.4165449,
              0.0
            ],
            [
              -64.1537249,
              -31.416977,
              0.0
            ],
            [
              -64.1530158,
              -31.4173802,
              0.0
            ],
            [
              -64.1521048,
              -31.4176684,
              0.0
            ],
            [
              -64.1513288,
              -31.4178986,
              0.0
            ],
            [
              -64.1504517,
              -31.4181008,
              0.0
            ],
            [
              -64.1496107,
              -31.4183009,
              0.0
            ],
            [
              -64.1487317,
              -31.4184461,
              0.0
            ],
            [
              -64.1475846,
              -31.4185044,
              0.0
            ],
            [
              -64.1462345,
              -31.4182737,
              0.0
            ],
            [
              -64.1449184,
              -31.4178999,
              0.0
            ],
            [
              -64.1438734,
              -31.4171506,
              0.0
            ],
            [
              -64.1424853,
              -31.4150912,
              0.0
            ],
            [
              -64.1416813,
              -31.4140161,
              0.0
            ],
            [
              -64.1411862,
              -31.4127779,
              0.0
            ],
            [
              -64.1404942,
              -31.4114837,
              0.0
            ],
            [
              -64.1401147,
              -31.4108718,
              0.0
            ],
            [
              -64.1450389,
              -31.411397,
              0.0
            ],
            [
              -64.1458525,
              -31.4114834,
              0.0
            ],
            [
              -64.1459854,
              -31.4112382,
              0.0
            ],
            [
              -64.1474544,
              -31.4114238,
              0.0
            ],
            [
              -64.1478974,
              -31.4114301,
              0.0
            ],
            [
              -64.1478973,
              -31.4109581,
              0.0
            ],
            [
              -64.1478933,
              -31.4107111,
              0.0
            ],
            [
              -64.1478373,
              -31.4098381,
              0.0
            ],
            [
              -64.1477973,
              -31.4088581,
              0.0
            ],
            [
              -64.1481273,
              -31.408858,
              0.0
            ],
            [
              -64.1481338,
              -31.4088416,
              0.0
            ],
            [
              -64.1497695,
              -31.4092644,
              0.0
            ],
            [
              -64.1515533,
              -31.4097254,
              0.0
            ],
            [
              -64.1515675,
              -31.4097373,
              0.0
            ],
            [
              -64.1523075,
              -31.4099372,
              0.0
            ]
          ]
        ]
      }
    },
    {
      "type": "Feature",
      "properties": {
        "gid": 24,
        "distrito": 4,
        "provincia": "Córdoba",
        "departamen": "Capital",
        "cabecera": "Córdoba",
        "circuito": "0007",
        "indec_p": 14,
        "indec_d": 14
      },
      "geometry": {
        "type": "Polygon",
        "coordinates": [
          [
            [
              -64.2078616,
              -31.33455,
              0.0
            ],
            [
              -64.2078879,
              -31.3345662,
              0.0
            ],
            [
              -64.2078591,
              -31.3345566,
              0.0
            ],
            [
              -64.1978089,
              -31.3346267,
              0.0
            ],
            [
              -64.1977289,
              -31.3352947,
              0.0
            ],
            [
              -64.1970789,
              -31.3356646,
              0.0
            ],
            [
              -64.1957589,
              -31.3360444,
              0.0
            ],
            [
              -64.1917188,
              -31.336004,
              0.0
            ],
            [
              -64.1917144,
              -31.3360039,
              0.0
            ],
            [
              -64.1914957,
              -31.3227119,
              0.0
            ],
            [
              -64.191247,
              -31.321417,
              0.0
            ],
            [
              -64.191847,
              -31.3204276,
              0.0
            ],
            [
              -64.1929554,
              -31.3196802,
              0.0
            ],
            [
              -64.1929655,
              -31.319152,
              0.0
            ],
            [
              -64.1836782,
              -31.3133581,
              0.0
            ],
            [
              -64.1836778,
              -31.3133329,
              0.0
            ],
            [
              -64.1836778,
              -31.3124228,
              0.0
            ],
            [
              -64.1836888,
              -31.3116428,
              0.0
            ],
            [
              -64.1836878,
              -31.3109928,
              0.0
            ],
            [
              -64.1836878,
              -31.3101528,
              0.0
            ],
            [
              -64.1837177,
              -31.3093328,
              0.0
            ],
            [
              -64.1837018,
              -31.308827,
              0.0
            ],
            [
              -64.1845658,
              -31.3088156,
              0.0
            ],
            [
              -64.1961666,
              -31.3086627,
              0.0
            ],
            [
              -64.2073004,
              -31.308516,
              0.0
            ],
            [
              -64.2099066,
              -31.3084824,
              0.0
            ],
            [
              -64.2097359,
              -31.3133935,
              0.0
            ],
            [
              -64.2114284,
              -31.3144318,
              0.0
            ],
            [
              -64.2131498,
              -31.3161002,
              0.0
            ],
            [
              -64.2148267,
              -31.3179781,
              0.0
            ],
            [
              -64.215238,
              -31.3190502,
              0.0
            ],
            [
              -64.216109,
              -31.3213204,
              0.0
            ],
            [
              -64.2167531,
              -31.3239191,
              0.0
            ],
            [
              -64.2166196,
              -31.3266821,
              0.0
            ],
            [
              -64.2162566,
              -31.328637,
              0.0
            ],
            [
              -64.2157878,
              -31.3297155,
              0.0
            ],
            [
              -64.2103841,
              -31.3281166,
              0.0
            ],
            [
              -64.2094627,
              -31.3278438,
              0.0
            ],
            [
              -64.207547,
              -31.3278166,
              0.0
            ],
            [
              -64.2064084,
              -31.3276605,
              0.0
            ],
            [
              -64.2056748,
              -31.32765,
              0.0
            ],
            [
              -64.20354,
              -31.3284247,
              0.0
            ],
            [
              -64.2033779,
              -31.3305222,
              0.0
            ],
            [
              -64.2043213,
              -31.3323731,
              0.0
            ],
            [
              -64.2078616,
              -31.33455,
              0.0
            ]
          ]
        ]
      }
    },
    {
      "type": "Feature",
      "properties": {
        "gid": 25,
        "distrito": 4,
        "provincia": "Córdoba",
        "departamen": "Capital",
        "cabecera": "Córdoba",
        "circuito": "007A",
        "indec_p": 14,
        "indec_d": 14
      },
      "geometry": {
        "type": "Polygon",
        "coordinates": [
          [
            [
              -64.1757776,
              -31.3159029,
              0.0
            ],
            [
              -64.1758076,
              -31.3137029,
              0.0
            ],
            [
              -64.1758075,
              -31.3132428,
              0.0
            ],
            [
              -64.1762575,
              -31.3119528,
              0.0
            ],
            [
              -64.1760775,
              -31.3110528,
              0.0
            ],
            [
              -64.1757175,
              -31.3092028,
              0.0
            ],
            [
              -64.1756468,
              -31.3087648,
              0.0
            ],
            [
              -64.176352,
              -31.3088842,
              0.0
            ],
            [
              -64.1775434,
              -31.3088751,
              0.0
            ],
            [
              -64.1794696,
              -31.3088601,
              0.0
            ],
            [
              -64.1827899,
              -31.3088344,
              0.0
            ],
            [
              -64.1830794,
              -31.3088321,
              0.0
            ],
            [
              -64.1836416,
              -31.3088278,
              0.0
            ],
            [
              -64.1837018,
              -31.308827,
              0.0
            ],
            [
              -64.1837177,
              -31.3093328,
              0.0
            ],
            [
              -64.1836878,
              -31.3101528,
              0.0
            ],
            [
              -64.1836878,
              -31.3109928,
              0.0
            ],
            [
              -64.1836888,
              -31.3116428,
              0.0
            ],
            [
              -64.1836778,
              -31.3124228,
              0.0
            ],
            [
              -64.1836778,
              -31.3133329,
              0.0
            ],
            [
              -64.1836782,
              -31.3133581,
              0.0
            ],
            [
              -64.1929655,
              -31.319152,
              0.0
            ],
            [
              -64.1929554,
              -31.3196802,
              0.0
            ],
            [
              -64.191847,
              -31.3204276,
              0.0
            ],
            [
              -64.191247,
              -31.321417,
              0.0
            ],
            [
              -64.1914957,
              -31.3227119,
              0.0
            ],
            [
              -64.1917144,
              -31.3360039,
              0.0
            ],
            [
              -64.1841566,
              -31.3359537,
              0.0
            ],
            [
              -64.1841186,
              -31.3359535,
              0.0
            ],
            [
              -64.1831286,
              -31.3359435,
              0.0
            ],
            [
              -64.1826275,
              -31.3359464,
              0.0
            ],
            [
              -64.1821916,
              -31.3359494,
              0.0
            ],
            [
              -64.1797985,
              -31.3359634,
              0.0
            ],
            [
              -64.1780784,
              -31.3359534,
              0.0
            ],
            [
              -64.1757284,
              -31.3359634,
              0.0
            ],
            [
              -64.1754683,
              -31.3356833,
              0.0
            ],
            [
              -64.1755782,
              -31.3322433,
              0.0
            ],
            [
              -64.1756081,
              -31.3303632,
              0.0
            ],
            [
              -64.175618,
              -31.3295433,
              0.0
            ],
            [
              -64.1756187,
              -31.3295071,
              0.0
            ],
            [
              -64.175638,
              -31.3283632,
              0.0
            ],
            [
              -64.175648,
              -31.3264832,
              0.0
            ],
            [
              -64.1756579,
              -31.3262132,
              0.0
            ],
            [
              -64.1757079,
              -31.3229331,
              0.0
            ],
            [
              -64.1757377,
              -31.319683,
              0.0
            ],
            [
              -64.1757776,
              -31.3159029,
              0.0
            ]
          ]
        ]
      }
    },
    {
      "type": "Feature",
      "properties": {
        "gid": 35,
        "distrito": 4,
        "provincia": "Córdoba",
        "departamen": "Capital",
        "cabecera": "Córdoba",
        "circuito": "008C",
        "indec_p": 14,
        "indec_d": 14
      },
      "geometry": {
        "type": "Polygon",
        "coordinates": [
          [
            [
              -64.1375366,
              -31.3901566,
              0.0
            ],
            [
              -64.1382366,
              -31.3903268,
              0.0
            ],
            [
              -64.1389066,
              -31.3904969,
              0.0
            ],
            [
              -64.1394866,
              -31.390637,
              0.0
            ],
            [
              -64.1400066,
              -31.3907471,
              0.0
            ],
            [
              -64.1404767,
              -31.3908472,
              0.0
            ],
            [
              -64.1414666,
              -31.3910474,
              0.0
            ],
            [
              -64.1423266,
              -31.3912276,
              0.0
            ],
            [
              -64.1423166,
              -31.3914976,
              0.0
            ],
            [
              -64.1423067,
              -31.3920476,
              0.0
            ],
            [
              -64.1423167,
              -31.3924776,
              0.0
            ],
            [
              -64.1423067,
              -31.3928876,
              0.0
            ],
            [
              -64.1423067,
              -31.3933676,
              0.0
            ],
            [
              -64.1423067,
              -31.3938076,
              0.0
            ],
            [
              -64.1423067,
              -31.3942876,
              0.0
            ],
            [
              -64.1423171,
              -31.396021,
              0.0
            ],
            [
              -64.1421831,
              -31.3965371,
              0.0
            ],
            [
              -64.1413303,
              -31.3989283,
              0.0
            ],
            [
              -64.1413268,
              -31.3989275,
              0.0
            ],
            [
              -64.1411668,
              -31.3989075,
              0.0
            ],
            [
              -64.1390868,
              -31.3985671,
              0.0
            ],
            [
              -64.1379868,
              -31.398387,
              0.0
            ],
            [
              -64.1378268,
              -31.3983569,
              0.0
            ],
            [
              -64.1368468,
              -31.3982467,
              0.0
            ],
            [
              -64.1361267,
              -31.3981566,
              0.0
            ],
            [
              -64.1357667,
              -31.3981266,
              0.0
            ],
            [
              -64.1345966,
              -31.3980063,
              0.0
            ],
            [
              -64.1343567,
              -31.3979763,
              0.0
            ],
            [
              -64.1333766,
              -31.3979262,
              0.0
            ],
            [
              -64.1322766,
              -31.397866,
              0.0
            ],
            [
              -64.1310866,
              -31.3978058,
              0.0
            ],
            [
              -64.1285565,
              -31.3976556,
              0.0
            ],
            [
              -64.1278665,
              -31.3976355,
              0.0
            ],
            [
              -64.1278565,
              -31.3970554,
              0.0
            ],
            [
              -64.1274665,
              -31.3953354,
              0.0
            ],
            [
              -64.1271164,
              -31.3936953,
              0.0
            ],
            [
              -64.1266164,
              -31.3920853,
              0.0
            ],
            [
              -64.1261264,
              -31.3900352,
              0.0
            ],
            [
              -64.1259364,
              -31.3889751,
              0.0
            ],
            [
              -64.1258263,
              -31.388095,
              0.0
            ],
            [
              -64.1257363,
              -31.387305,
              0.0
            ],
            [
              -64.1268463,
              -31.3876952,
              0.0
            ],
            [
              -64.1274464,
              -31.3878152,
              0.0
            ],
            [
              -64.1279564,
              -31.3879252,
              0.0
            ],
            [
              -64.1284963,
              -31.3880253,
              0.0
            ],
            [
              -64.1291564,
              -31.3881754,
              0.0
            ],
            [
              -64.1316465,
              -31.3887357,
              0.0
            ],
            [
              -64.1323565,
              -31.3888958,
              0.0
            ],
            [
              -64.1331165,
              -31.3890859,
              0.0
            ],
            [
              -64.1338465,
              -31.389266,
              0.0
            ],
            [
              -64.1346065,
              -31.3894462,
              0.0
            ],
            [
              -64.1354565,
              -31.3896563,
              0.0
            ],
            [
              -64.1361665,
              -31.3898264,
              0.0
            ],
            [
              -64.1367666,
              -31.3899765,
              0.0
            ],
            [
              -64.1375366,
              -31.3901566,
              0.0
            ]
          ]
        ]
      }
    },
    {
      "type": "Feature",
      "properties": {
        "gid": 26,
        "distrito": 4,
        "provincia": "Córdoba",
        "departamen": "Capital",
        "cabecera": "Córdoba",
        "circuito": "007B",
        "indec_p": 14,
        "indec_d": 14
      },
      "geometry": {
        "type": "Polygon",
        "coordinates": [
          [
            [
              -64.19311,
              -31.3920197,
              0.0
            ],
            [
              -64.1925877,
              -31.3921313,
              0.0
            ],
            [
              -64.1917994,
              -31.3923721,
              0.0
            ],
            [
              -64.1906349,
              -31.3930803,
              0.0
            ],
            [
              -64.1905931,
              -31.3930975,
              0.0
            ],
            [
              -64.1895186,
              -31.3939949,
              0.0
            ],
            [
              -64.1884385,
              -31.3948348,
              0.0
            ],
            [
              -64.1871585,
              -31.3952447,
              0.0
            ],
            [
              -64.1858885,
              -31.3956646,
              0.0
            ],
            [
              -64.1852085,
              -31.3958846,
              0.0
            ],
            [
              -64.185199,
              -31.3958636,
              0.0
            ],
            [
              -64.1784067,
              -31.3975388,
              0.0
            ],
            [
              -64.176993,
              -31.3978869,
              0.0
            ],
            [
              -64.1758682,
              -31.3981249,
              0.0
            ],
            [
              -64.1758682,
              -31.3981144,
              0.0
            ],
            [
              -64.1758782,
              -31.3973244,
              0.0
            ],
            [
              -64.1758882,
              -31.3962344,
              0.0
            ],
            [
              -64.1758882,
              -31.3949044,
              0.0
            ],
            [
              -64.1758982,
              -31.3937243,
              0.0
            ],
            [
              -64.1759081,
              -31.3923943,
              0.0
            ],
            [
              -64.1759081,
              -31.3913543,
              0.0
            ],
            [
              -64.1759081,
              -31.3911243,
              0.0
            ],
            [
              -64.1759081,
              -31.3906443,
              0.0
            ],
            [
              -64.1759081,
              -31.3899043,
              0.0
            ],
            [
              -64.1759081,
              -31.3897543,
              0.0
            ],
            [
              -64.1759181,
              -31.3888043,
              0.0
            ],
            [
              -64.1759181,
              -31.3886143,
              0.0
            ],
            [
              -64.175928,
              -31.3876542,
              0.0
            ],
            [
              -64.175928,
              -31.3868643,
              0.0
            ],
            [
              -64.1759381,
              -31.3865342,
              0.0
            ],
            [
              -64.1759381,
              -31.3854842,
              0.0
            ],
            [
              -64.175938,
              -31.3850742,
              0.0
            ],
            [
              -64.175938,
              -31.3843942,
              0.0
            ],
            [
              -64.175948,
              -31.3839442,
              0.0
            ],
            [
              -64.175948,
              -31.3833241,
              0.0
            ],
            [
              -64.175958,
              -31.3827741,
              0.0
            ],
            [
              -64.1759581,
              -31.3822041,
              0.0
            ],
            [
              -64.175958,
              -31.3815541,
              0.0
            ],
            [
              -64.175968,
              -31.3810141,
              0.0
            ],
            [
              -64.175958,
              -31.3805441,
              0.0
            ],
            [
              -64.175968,
              -31.3804441,
              0.0
            ],
            [
              -64.175968,
              -31.3802541,
              0.0
            ],
            [
              -64.175968,
              -31.3796841,
              0.0
            ],
            [
              -64.175968,
              -31.3792441,
              0.0
            ],
            [
              -64.175968,
              -31.378744,
              0.0
            ],
            [
              -64.175968,
              -31.378164,
              0.0
            ],
            [
              -64.175968,
              -31.377924,
              0.0
            ],
            [
              -64.175968,
              -31.376614,
              0.0
            ],
            [
              -64.175968,
              -31.375974,
              0.0
            ],
            [
              -64.175968,
              -31.375054,
              0.0
            ],
            [
              -64.175968,
              -31.374792,
              0.0
            ],
            [
              -64.175968,
              -31.374664,
              0.0
            ],
            [
              -64.176628,
              -31.374664,
              0.0
            ],
            [
              -64.1778881,
              -31.375594,
              0.0
            ],
            [
              -64.1789281,
              -31.375964,
              0.0
            ],
            [
              -64.1810182,
              -31.3761041,
              0.0
            ],
            [
              -64.1808582,
              -31.375904,
              0.0
            ],
            [
              -64.1815582,
              -31.375874,
              0.0
            ],
            [
              -64.1822382,
              -31.3757741,
              0.0
            ],
            [
              -64.1828082,
              -31.3756841,
              0.0
            ],
            [
              -64.1837583,
              -31.3755441,
              0.0
            ],
            [
              -64.1851783,
              -31.3753642,
              0.0
            ],
            [
              -64.1853183,
              -31.3749942,
              0.0
            ],
            [
              -64.1867783,
              -31.3751443,
              0.0
            ],
            [
              -64.1879384,
              -31.3750944,
              0.0
            ],
            [
              -64.1892084,
              -31.3748445,
              0.0
            ],
            [
              -64.1895424,
              -31.3747565,
              0.0
            ],
            [
              -64.1897374,
              -31.3756725,
              0.0
            ],
            [
              -64.1898384,
              -31.3763445,
              0.0
            ],
            [
              -64.1899184,
              -31.3769646,
              0.0
            ],
            [
              -64.1899974,
              -31.3780896,
              0.0
            ],
            [
              -64.1902014,
              -31.3792606,
              0.0
            ],
            [
              -64.1904815,
              -31.3803777,
              0.0
            ],
            [
              -64.1907594,
              -31.3815448,
              0.0
            ],
            [
              -64.1909554,
              -31.3826987,
              0.0
            ],
            [
              -64.1912465,
              -31.3839029,
              0.0
            ],
            [
              -64.1913365,
              -31.3843599,
              0.0
            ],
            [
              -64.1915985,
              -31.3850549,
              0.0
            ],
            [
              -64.1919385,
              -31.386515,
              0.0
            ],
            [
              -64.1920685,
              -31.386845,
              0.0
            ],
            [
              -64.1922686,
              -31.387765,
              0.0
            ],
            [
              -64.1930486,
              -31.3916352,
              0.0
            ],
            [
              -64.19311,
              -31.3920197,
              0.0
            ]
          ]
        ]
      }
    },
    {
      "type": "Feature",
      "properties": {
        "gid": 27,
        "distrito": 4,
        "provincia": "Córdoba",
        "departamen": "Capital",
        "cabecera": "Córdoba",
        "circuito": "007C",
        "indec_p": 14,
        "indec_d": 14
      },
      "geometry": {
        "type": "Polygon",
        "coordinates": [
          [
            [
              -64.202615,
              -31.3541064,
              0.0
            ],
            [
              -64.2021651,
              -31.3540644,
              0.0
            ],
            [
              -64.1957456,
              -31.3534126,
              0.0
            ],
            [
              -64.1920684,
              -31.3538779,
              0.0
            ],
            [
              -64.1874838,
              -31.3550132,
              0.0
            ],
            [
              -64.1856629,
              -31.3465586,
              0.0
            ],
            [
              -64.1841566,
              -31.3359537,
              0.0
            ],
            [
              -64.1917144,
              -31.3360039,
              0.0
            ],
            [
              -64.1917188,
              -31.336004,
              0.0
            ],
            [
              -64.1957589,
              -31.3360444,
              0.0
            ],
            [
              -64.1970789,
              -31.3356646,
              0.0
            ],
            [
              -64.1977289,
              -31.3352947,
              0.0
            ],
            [
              -64.1978089,
              -31.3346267,
              0.0
            ],
            [
              -64.2078591,
              -31.3345566,
              0.0
            ],
            [
              -64.2077193,
              -31.3429867,
              0.0
            ],
            [
              -64.2077193,
              -31.3430168,
              0.0
            ],
            [
              -64.2074093,
              -31.3439067,
              0.0
            ],
            [
              -64.2050092,
              -31.3478763,
              0.0
            ],
            [
              -64.202839,
              -31.3514759,
              0.0
            ],
            [
              -64.2024289,
              -31.3527258,
              0.0
            ],
            [
              -64.202615,
              -31.3541064,
              0.0
            ]
          ]
        ]
      }
    },
    {
      "type": "Feature",
      "properties": {
        "gid": 28,
        "distrito": 4,
        "provincia": "Córdoba",
        "departamen": "Capital",
        "cabecera": "Córdoba",
        "circuito": "007D",
        "indec_p": 14,
        "indec_d": 14
      },
      "geometry": {
        "type": "Polygon",
        "coordinates": [
          [
            [
              -64.1888087,
              -31.403355,
              0.0
            ],
            [
              -64.1875487,
              -31.403765,
              0.0
            ],
            [
              -64.1863987,
              -31.4039849,
              0.0
            ],
            [
              -64.1851687,
              -31.4040548,
              0.0
            ],
            [
              -64.1851658,
              -31.4040523,
              0.0
            ],
            [
              -64.1827102,
              -31.4041942,
              0.0
            ],
            [
              -64.1823674,
              -31.404226,
              0.0
            ],
            [
              -64.1809248,
              -31.404765,
              0.0
            ],
            [
              -64.1794985,
              -31.4049247,
              0.0
            ],
            [
              -64.1767284,
              -31.4058147,
              0.0
            ],
            [
              -64.1758384,
              -31.4054447,
              0.0
            ],
            [
              -64.1758284,
              -31.4049446,
              0.0
            ],
            [
              -64.1758183,
              -31.4037946,
              0.0
            ],
            [
              -64.1758284,
              -31.4026245,
              0.0
            ],
            [
              -64.1758383,
              -31.4012545,
              0.0
            ],
            [
              -64.1758483,
              -31.4000345,
              0.0
            ],
            [
              -64.1758683,
              -31.3994845,
              0.0
            ],
            [
              -64.1758682,
              -31.3981249,
              0.0
            ],
            [
              -64.176993,
              -31.3978869,
              0.0
            ],
            [
              -64.1784067,
              -31.3975388,
              0.0
            ],
            [
              -64.185199,
              -31.3958636,
              0.0
            ],
            [
              -64.1852085,
              -31.3958846,
              0.0
            ],
            [
              -64.1858885,
              -31.3956646,
              0.0
            ],
            [
              -64.1871585,
              -31.3952447,
              0.0
            ],
            [
              -64.1884385,
              -31.3948348,
              0.0
            ],
            [
              -64.1895186,
              -31.3939949,
              0.0
            ],
            [
              -64.1905931,
              -31.3930975,
              0.0
            ],
            [
              -64.1906349,
              -31.3930803,
              0.0
            ],
            [
              -64.1917994,
              -31.3923721,
              0.0
            ],
            [
              -64.1925877,
              -31.3921313,
              0.0
            ],
            [
              -64.19311,
              -31.3920197,
              0.0
            ],
            [
              -64.1932386,
              -31.3928252,
              0.0
            ],
            [
              -64.1933286,
              -31.3935252,
              0.0
            ],
            [
              -64.1934087,
              -31.3941253,
              0.0
            ],
            [
              -64.1935586,
              -31.3951253,
              0.0
            ],
            [
              -64.1935987,
              -31.3953353,
              0.0
            ],
            [
              -64.1936987,
              -31.3965354,
              0.0
            ],
            [
              -64.1936707,
              -31.3970034,
              0.0
            ],
            [
              -64.1936288,
              -31.3976954,
              0.0
            ],
            [
              -64.1933787,
              -31.3987154,
              0.0
            ],
            [
              -64.1929787,
              -31.3996953,
              0.0
            ],
            [
              -64.1927487,
              -31.4000954,
              0.0
            ],
            [
              -64.1923987,
              -31.4005754,
              0.0
            ],
            [
              -64.1916588,
              -31.4014353,
              0.0
            ],
            [
              -64.1908187,
              -31.4021452,
              0.0
            ],
            [
              -64.1898487,
              -31.4028851,
              0.0
            ],
            [
              -64.1888156,
              -31.4033519,
              0.0
            ],
            [
              -64.1888087,
              -31.403355,
              0.0
            ]
          ]
        ]
      }
    },
    {
      "type": "Feature",
      "properties": {
        "gid": 29,
        "distrito": 4,
        "provincia": "Córdoba",
        "departamen": "Capital",
        "cabecera": "Córdoba",
        "circuito": "007E",
        "indec_p": 14,
        "indec_d": 14
      },
      "geometry": {
        "type": "Polygon",
        "coordinates": [
          [
            [
              -64.1862585,
              -31.357124,
              0.0
            ],
            [
              -64.1856985,
              -31.3571339,
              0.0
            ],
            [
              -64.1855885,
              -31.3566039,
              0.0
            ],
            [
              -64.1854985,
              -31.3561539,
              0.0
            ],
            [
              -64.1854123,
              -31.3555261,
              0.0
            ],
            [
              -64.1874838,
              -31.3550132,
              0.0
            ],
            [
              -64.1920684,
              -31.3538779,
              0.0
            ],
            [
              -64.1957456,
              -31.3534126,
              0.0
            ],
            [
              -64.2021651,
              -31.3540644,
              0.0
            ],
            [
              -64.202615,
              -31.3541064,
              0.0
            ],
            [
              -64.2026189,
              -31.3541359,
              0.0
            ],
            [
              -64.2033689,
              -31.3573161,
              0.0
            ],
            [
              -64.2038689,
              -31.3600162,
              0.0
            ],
            [
              -64.2043088,
              -31.3623964,
              0.0
            ],
            [
              -64.2045288,
              -31.3636265,
              0.0
            ],
            [
              -64.2045988,
              -31.3639665,
              0.0
            ],
            [
              -64.2046988,
              -31.3645065,
              0.0
            ],
            [
              -64.2048388,
              -31.3653165,
              0.0
            ],
            [
              -64.2050787,
              -31.3666166,
              0.0
            ],
            [
              -64.2051288,
              -31.3670466,
              0.0
            ],
            [
              -64.2055088,
              -31.3689967,
              0.0
            ],
            [
              -64.2055787,
              -31.3693668,
              0.0
            ],
            [
              -64.2057728,
              -31.3704648,
              0.0
            ],
            [
              -64.2046488,
              -31.3708067,
              0.0
            ],
            [
              -64.2037087,
              -31.3710664,
              0.0
            ],
            [
              -64.2026088,
              -31.3713662,
              0.0
            ],
            [
              -64.2003986,
              -31.3719558,
              0.0
            ],
            [
              -64.1997487,
              -31.3721258,
              0.0
            ],
            [
              -64.1990396,
              -31.3723086,
              0.0
            ],
            [
              -64.1981586,
              -31.3725355,
              0.0
            ],
            [
              -64.1976786,
              -31.3726655,
              0.0
            ],
            [
              -64.1973826,
              -31.3727384,
              0.0
            ],
            [
              -64.1970406,
              -31.3728273,
              0.0
            ],
            [
              -64.1963386,
              -31.3730042,
              0.0
            ],
            [
              -64.1956186,
              -31.3731852,
              0.0
            ],
            [
              -64.1954456,
              -31.3732311,
              0.0
            ],
            [
              -64.1948976,
              -31.3733711,
              0.0
            ],
            [
              -64.1944005,
              -31.3734989,
              0.0
            ],
            [
              -64.1942675,
              -31.3735349,
              0.0
            ],
            [
              -64.1938285,
              -31.3736349,
              0.0
            ],
            [
              -64.1935855,
              -31.3736969,
              0.0
            ],
            [
              -64.1929375,
              -31.3738628,
              0.0
            ],
            [
              -64.1922715,
              -31.3740327,
              0.0
            ],
            [
              -64.1916205,
              -31.3742717,
              0.0
            ],
            [
              -64.1912155,
              -31.3744276,
              0.0
            ],
            [
              -64.1908315,
              -31.3745826,
              0.0
            ],
            [
              -64.1904264,
              -31.3748076,
              0.0
            ],
            [
              -64.1899404,
              -31.3751875,
              0.0
            ],
            [
              -64.1897374,
              -31.3756725,
              0.0
            ],
            [
              -64.1895424,
              -31.3747565,
              0.0
            ],
            [
              -64.1892194,
              -31.3730855,
              0.0
            ],
            [
              -64.1889654,
              -31.3717773,
              0.0
            ],
            [
              -64.1886504,
              -31.3701863,
              0.0
            ],
            [
              -64.1885574,
              -31.3697043,
              0.0
            ],
            [
              -64.1883684,
              -31.3687243,
              0.0
            ],
            [
              -64.1881385,
              -31.3674042,
              0.0
            ],
            [
              -64.1880584,
              -31.3667142,
              0.0
            ],
            [
              -64.1876185,
              -31.3642642,
              0.0
            ],
            [
              -64.1875984,
              -31.3641742,
              0.0
            ],
            [
              -64.1873885,
              -31.3630741,
              0.0
            ],
            [
              -64.1871985,
              -31.3619941,
              0.0
            ],
            [
              -64.1871584,
              -31.361814,
              0.0
            ],
            [
              -64.1867184,
              -31.359544,
              0.0
            ],
            [
              -64.1866785,
              -31.359304,
              0.0
            ],
            [
              -64.1862985,
              -31.357324,
              0.0
            ],
            [
              -64.1862585,
              -31.357124,
              0.0
            ]
          ]
        ]
      }
    },
    {
      "type": "Feature",
      "properties": {
        "gid": 31,
        "distrito": 4,
        "provincia": "Córdoba",
        "departamen": "Capital",
        "cabecera": "Córdoba",
        "circuito": "007G",
        "indec_p": 14,
        "indec_d": 14
      },
      "geometry": {
        "type": "Polygon",
        "coordinates": [
          [
            [
              -64.1759081,
              -31.3690639,
              0.0
            ],
            [
              -64.175868,
              -31.3679039,
              0.0
            ],
            [
              -64.175858,
              -31.3663938,
              0.0
            ],
            [
              -64.1758481,
              -31.3648239,
              0.0
            ],
            [
              -64.1758481,
              -31.3633539,
              0.0
            ],
            [
              -64.1758381,
              -31.3625638,
              0.0
            ],
            [
              -64.1758381,
              -31.3617738,
              0.0
            ],
            [
              -64.1758981,
              -31.3611438,
              0.0
            ],
            [
              -64.1759982,
              -31.3574637,
              0.0
            ],
            [
              -64.1784704,
              -31.3570884,
              0.0
            ],
            [
              -64.1821514,
              -31.3562632,
              0.0
            ],
            [
              -64.1851511,
              -31.3555908,
              0.0
            ],
            [
              -64.1854123,
              -31.3555261,
              0.0
            ],
            [
              -64.1854985,
              -31.3561539,
              0.0
            ],
            [
              -64.1855885,
              -31.3566039,
              0.0
            ],
            [
              -64.1856985,
              -31.3571339,
              0.0
            ],
            [
              -64.1862585,
              -31.357124,
              0.0
            ],
            [
              -64.1862985,
              -31.357324,
              0.0
            ],
            [
              -64.1866785,
              -31.359304,
              0.0
            ],
            [
              -64.1867184,
              -31.359544,
              0.0
            ],
            [
              -64.1871584,
              -31.361814,
              0.0
            ],
            [
              -64.1871985,
              -31.3619941,
              0.0
            ],
            [
              -64.1873885,
              -31.3630741,
              0.0
            ],
            [
              -64.1875984,
              -31.3641742,
              0.0
            ],
            [
              -64.1876185,
              -31.3642642,
              0.0
            ],
            [
              -64.1880584,
              -31.3667142,
              0.0
            ],
            [
              -64.1881385,
              -31.3674042,
              0.0
            ],
            [
              -64.1883684,
              -31.3687243,
              0.0
            ],
            [
              -64.1885574,
              -31.3697043,
              0.0
            ],
            [
              -64.1886504,
              -31.3701863,
              0.0
            ],
            [
              -64.1889654,
              -31.3717773,
              0.0
            ],
            [
              -64.1892194,
              -31.3730855,
              0.0
            ],
            [
              -64.1895424,
              -31.3747565,
              0.0
            ],
            [
              -64.1892084,
              -31.3748445,
              0.0
            ],
            [
              -64.1879384,
              -31.3750944,
              0.0
            ],
            [
              -64.1867783,
              -31.3751443,
              0.0
            ],
            [
              -64.1853183,
              -31.3749942,
              0.0
            ],
            [
              -64.1851783,
              -31.3753642,
              0.0
            ],
            [
              -64.1837583,
              -31.3755441,
              0.0
            ],
            [
              -64.1828082,
              -31.3756841,
              0.0
            ],
            [
              -64.1822382,
              -31.3757741,
              0.0
            ],
            [
              -64.1815582,
              -31.375874,
              0.0
            ],
            [
              -64.1808582,
              -31.375904,
              0.0
            ],
            [
              -64.1810182,
              -31.3761041,
              0.0
            ],
            [
              -64.1789281,
              -31.375964,
              0.0
            ],
            [
              -64.1778881,
              -31.375594,
              0.0
            ],
            [
              -64.176628,
              -31.374664,
              0.0
            ],
            [
              -64.175968,
              -31.374664,
              0.0
            ],
            [
              -64.175978,
              -31.374534,
              0.0
            ],
            [
              -64.175968,
              -31.374214,
              0.0
            ],
            [
              -64.175968,
              -31.372414,
              0.0
            ],
            [
              -64.175958,
              -31.371964,
              0.0
            ],
            [
              -64.175938,
              -31.371334,
              0.0
            ],
            [
              -64.175938,
              -31.371004,
              0.0
            ],
            [
              -64.1759081,
              -31.3701539,
              0.0
            ],
            [
              -64.175908,
              -31.3699439,
              0.0
            ],
            [
              -64.1759081,
              -31.3690639,
              0.0
            ]
          ]
        ]
      }
    },
    {
      "type": "Feature",
      "properties": {
        "gid": 32,
        "distrito": 4,
        "provincia": "Córdoba",
        "departamen": "Capital",
        "cabecera": "Córdoba",
        "circuito": "0008",
        "indec_p": 14,
        "indec_d": 14
      },
      "geometry": {
        "type": "Polygon",
        "coordinates": [
          [
            [
              -64.0943985,
              -31.379714,
              0.0
            ],
            [
              -64.0972891,
              -31.3901734,
              0.0
            ],
            [
              -64.0985925,
              -31.3937967,
              0.0
            ],
            [
              -64.081556,
              -31.3888414,
              0.0
            ],
            [
              -64.081373,
              -31.388788,
              0.0
            ],
            [
              -64.0807398,
              -31.3886139,
              0.0
            ],
            [
              -64.0732882,
              -31.386564,
              0.0
            ],
            [
              -64.0732876,
              -31.3863707,
              0.0
            ],
            [
              -64.0732753,
              -31.3817996,
              0.0
            ],
            [
              -64.0732584,
              -31.3755806,
              0.0
            ],
            [
              -64.0732584,
              -31.3755802,
              0.0
            ],
            [
              -64.0732584,
              -31.3755638,
              0.0
            ],
            [
              -64.0732584,
              -31.3755296,
              0.0
            ],
            [
              -64.0732574,
              -31.3751357,
              0.0
            ],
            [
              -64.0732567,
              -31.3748933,
              0.0
            ],
            [
              -64.0782004,
              -31.3759603,
              0.0
            ],
            [
              -64.0915749,
              -31.3790166,
              0.0
            ],
            [
              -64.0932983,
              -31.3794423,
              0.0
            ],
            [
              -64.0943985,
              -31.379714,
              0.0
            ]
          ]
        ]
      }
    },
    {
      "type": "Feature",
      "properties": {
        "gid": 33,
        "distrito": 4,
        "provincia": "Córdoba",
        "departamen": "Capital",
        "cabecera": "Córdoba",
        "circuito": "008A",
        "indec_p": 14,
        "indec_d": 14
      },
      "geometry": {
        "type": "Polygon",
        "coordinates": [
          [
            [
              -64.1217421,
              -31.3860108,
              0.0
            ],
            [
              -64.1231262,
              -31.3863249,
              0.0
            ],
            [
              -64.1240163,
              -31.3865149,
              0.0
            ],
            [
              -64.1257363,
              -31.386925,
              0.0
            ],
            [
              -64.1257363,
              -31.387305,
              0.0
            ],
            [
              -64.1258263,
              -31.388095,
              0.0
            ],
            [
              -64.1259364,
              -31.3889751,
              0.0
            ],
            [
              -64.1261264,
              -31.3900352,
              0.0
            ],
            [
              -64.1266164,
              -31.3920853,
              0.0
            ],
            [
              -64.1271164,
              -31.3936953,
              0.0
            ],
            [
              -64.1274665,
              -31.3953354,
              0.0
            ],
            [
              -64.1278565,
              -31.3970554,
              0.0
            ],
            [
              -64.1278665,
              -31.3976355,
              0.0
            ],
            [
              -64.1233764,
              -31.3974751,
              0.0
            ],
            [
              -64.1128061,
              -31.3965648,
              0.0
            ],
            [
              -64.1127944,
              -31.3964914,
              0.0
            ],
            [
              -64.1075959,
              -31.396415,
              0.0
            ],
            [
              -64.0985925,
              -31.3937967,
              0.0
            ],
            [
              -64.0972891,
              -31.3901734,
              0.0
            ],
            [
              -64.0943985,
              -31.379714,
              0.0
            ],
            [
              -64.0968352,
              -31.3803158,
              0.0
            ],
            [
              -64.0979721,
              -31.3805755,
              0.0
            ],
            [
              -64.10443,
              -31.3820504,
              0.0
            ],
            [
              -64.1049755,
              -31.3821749,
              0.0
            ],
            [
              -64.1086913,
              -31.3830272,
              0.0
            ],
            [
              -64.1106858,
              -31.3834846,
              0.0
            ],
            [
              -64.1180861,
              -31.3852246,
              0.0
            ],
            [
              -64.1196045,
              -31.3855511,
              0.0
            ],
            [
              -64.1217421,
              -31.3860108,
              0.0
            ]
          ]
        ]
      }
    },
    {
      "type": "Feature",
      "properties": {
        "gid": 34,
        "distrito": 4,
        "provincia": "Córdoba",
        "departamen": "Capital",
        "cabecera": "Córdoba",
        "circuito": "008B",
        "indec_p": 14,
        "indec_d": 14
      },
      "geometry": {
        "type": "Polygon",
        "coordinates": [
          [
            [
              -64.1425569,
              -31.3991878,
              0.0
            ],
            [
              -64.1413303,
              -31.3989283,
              0.0
            ],
            [
              -64.1421831,
              -31.3965371,
              0.0
            ],
            [
              -64.1423171,
              -31.396021,
              0.0
            ],
            [
              -64.1423067,
              -31.3942876,
              0.0
            ],
            [
              -64.1423067,
              -31.3938076,
              0.0
            ],
            [
              -64.1423067,
              -31.3933676,
              0.0
            ],
            [
              -64.1423067,
              -31.3928876,
              0.0
            ],
            [
              -64.1423167,
              -31.3924776,
              0.0
            ],
            [
              -64.1423067,
              -31.3920476,
              0.0
            ],
            [
              -64.1423166,
              -31.3914976,
              0.0
            ],
            [
              -64.1423266,
              -31.3912276,
              0.0
            ],
            [
              -64.1429467,
              -31.3913777,
              0.0
            ],
            [
              -64.1435567,
              -31.3915278,
              0.0
            ],
            [
              -64.1441968,
              -31.391678,
              0.0
            ],
            [
              -64.1448367,
              -31.3918181,
              0.0
            ],
            [
              -64.1454567,
              -31.3919683,
              0.0
            ],
            [
              -64.1461868,
              -31.3921382,
              0.0
            ],
            [
              -64.1469168,
              -31.3922981,
              0.0
            ],
            [
              -64.1476869,
              -31.3924479,
              0.0
            ],
            [
              -64.1479869,
              -31.3925178,
              0.0
            ],
            [
              -64.1487069,
              -31.3927076,
              0.0
            ],
            [
              -64.1492769,
              -31.3928575,
              0.0
            ],
            [
              -64.149887,
              -31.3930574,
              0.0
            ],
            [
              -64.1509271,
              -31.3933971,
              0.0
            ],
            [
              -64.1518571,
              -31.393687,
              0.0
            ],
            [
              -64.1529471,
              -31.3940268,
              0.0
            ],
            [
              -64.1539572,
              -31.3943365,
              0.0
            ],
            [
              -64.1549573,
              -31.3946664,
              0.0
            ],
            [
              -64.1559173,
              -31.3949763,
              0.0
            ],
            [
              -64.1578875,
              -31.3956059,
              0.0
            ],
            [
              -64.1584675,
              -31.3957958,
              0.0
            ],
            [
              -64.1591075,
              -31.3959958,
              0.0
            ],
            [
              -64.1599075,
              -31.3962357,
              0.0
            ],
            [
              -64.1618076,
              -31.3968254,
              0.0
            ],
            [
              -64.1628677,
              -31.3971453,
              0.0
            ],
            [
              -64.1639278,
              -31.3974652,
              0.0
            ],
            [
              -64.1658478,
              -31.398025,
              0.0
            ],
            [
              -64.1671479,
              -31.3984449,
              0.0
            ],
            [
              -64.1678079,
              -31.3986649,
              0.0
            ],
            [
              -64.168688,
              -31.3989548,
              0.0
            ],
            [
              -64.169898,
              -31.3993047,
              0.0
            ],
            [
              -64.1710881,
              -31.3996047,
              0.0
            ],
            [
              -64.1715161,
              -31.3996557,
              0.0
            ],
            [
              -64.1721281,
              -31.3997346,
              0.0
            ],
            [
              -64.1723481,
              -31.3997446,
              0.0
            ],
            [
              -64.1731981,
              -31.3997645,
              0.0
            ],
            [
              -64.1737482,
              -31.3997246,
              0.0
            ],
            [
              -64.1741982,
              -31.3996945,
              0.0
            ],
            [
              -64.1749982,
              -31.3995945,
              0.0
            ],
            [
              -64.1758683,
              -31.3994845,
              0.0
            ],
            [
              -64.1758483,
              -31.4000345,
              0.0
            ],
            [
              -64.1758383,
              -31.4012545,
              0.0
            ],
            [
              -64.1758284,
              -31.4026245,
              0.0
            ],
            [
              -64.1758183,
              -31.4037946,
              0.0
            ],
            [
              -64.1758284,
              -31.4049446,
              0.0
            ],
            [
              -64.1758384,
              -31.4054447,
              0.0
            ],
            [
              -64.1767284,
              -31.4058147,
              0.0
            ],
            [
              -64.1756195,
              -31.4067106,
              0.0
            ],
            [
              -64.1750235,
              -31.4071956,
              0.0
            ],
            [
              -64.1748224,
              -31.4076767,
              0.0
            ],
            [
              -64.1746204,
              -31.4085367,
              0.0
            ],
            [
              -64.1734884,
              -31.4087247,
              0.0
            ],
            [
              -64.1730984,
              -31.4086247,
              0.0
            ],
            [
              -64.1717883,
              -31.4082848,
              0.0
            ],
            [
              -64.1706183,
              -31.4079848,
              0.0
            ],
            [
              -64.1694082,
              -31.4076749,
              0.0
            ],
            [
              -64.1692182,
              -31.407625,
              0.0
            ],
            [
              -64.1682082,
              -31.407365,
              0.0
            ],
            [
              -64.1669881,
              -31.4070451,
              0.0
            ],
            [
              -64.1669914,
              -31.4070363,
              0.0
            ],
            [
              -64.1657993,
              -31.4067217,
              0.0
            ],
            [
              -64.1645801,
              -31.4063999,
              0.0
            ],
            [
              -64.164578,
              -31.4064052,
              0.0
            ],
            [
              -64.1640479,
              -31.4062653,
              0.0
            ],
            [
              -64.1634979,
              -31.4061254,
              0.0
            ],
            [
              -64.1625779,
              -31.4058855,
              0.0
            ],
            [
              -64.1614078,
              -31.4055856,
              0.0
            ],
            [
              -64.1605578,
              -31.4053557,
              0.0
            ],
            [
              -64.1592277,
              -31.405006,
              0.0
            ],
            [
              -64.1592266,
              -31.4050089,
              0.0
            ],
            [
              -64.1566775,
              -31.4043263,
              0.0
            ],
            [
              -64.1560891,
              -31.4041677,
              0.0
            ],
            [
              -64.1546638,
              -31.4037529,
              0.0
            ],
            [
              -64.154656,
              -31.4037506,
              0.0
            ],
            [
              -64.1513667,
              -31.4022402,
              0.0
            ],
            [
              -64.1513472,
              -31.4022372,
              0.0
            ],
            [
              -64.1492571,
              -31.4012676,
              0.0
            ],
            [
              -64.1480271,
              -31.400808,
              0.0
            ],
            [
              -64.1462663,
              -31.4002116,
              0.0
            ],
            [
              -64.1462569,
              -31.4002084,
              0.0
            ],
            [
              -64.1442569,
              -31.3996382,
              0.0
            ],
            [
              -64.1425569,
              -31.3991878,
              0.0
            ]
          ]
        ]
      }
    },
    {
      "type": "Feature",
      "properties": {
        "gid": 37,
        "distrito": 4,
        "provincia": "Córdoba",
        "departamen": "Capital",
        "cabecera": "Córdoba",
        "circuito": "009A",
        "indec_p": 14,
        "indec_d": 14
      },
      "geometry": {
        "type": "Polygon",
        "coordinates": [
          [
            [
              -64.2146091,
              -31.3676463,
              0.0
            ],
            [
              -64.2152191,
              -31.3674261,
              0.0
            ],
            [
              -64.2157992,
              -31.366906,
              0.0
            ],
            [
              -64.2163393,
              -31.3665759,
              0.0
            ],
            [
              -64.2176493,
              -31.3655957,
              0.0
            ],
            [
              -64.2199434,
              -31.3644632,
              0.0
            ],
            [
              -64.2200595,
              -31.3648852,
              0.0
            ],
            [
              -64.2205495,
              -31.3658851,
              0.0
            ],
            [
              -64.2206795,
              -31.3664851,
              0.0
            ],
            [
              -64.2208895,
              -31.3673151,
              0.0
            ],
            [
              -64.2209894,
              -31.367785,
              0.0
            ],
            [
              -64.2212094,
              -31.368695,
              0.0
            ],
            [
              -64.2214795,
              -31.3698651,
              0.0
            ],
            [
              -64.2217495,
              -31.371055,
              0.0
            ],
            [
              -64.2219395,
              -31.371865,
              0.0
            ],
            [
              -64.2207694,
              -31.3722552,
              0.0
            ],
            [
              -64.2201993,
              -31.3724453,
              0.0
            ],
            [
              -64.2197793,
              -31.3725853,
              0.0
            ],
            [
              -64.2194893,
              -31.3726954,
              0.0
            ],
            [
              -64.2192393,
              -31.3727754,
              0.0
            ],
            [
              -64.2188493,
              -31.3729055,
              0.0
            ],
            [
              -64.2178992,
              -31.3732157,
              0.0
            ],
            [
              -64.2175693,
              -31.3733257,
              0.0
            ],
            [
              -64.2170992,
              -31.3734758,
              0.0
            ],
            [
              -64.2161892,
              -31.373766,
              0.0
            ],
            [
              -64.2156991,
              -31.3739261,
              0.0
            ],
            [
              -64.2153392,
              -31.3740362,
              0.0
            ],
            [
              -64.2144691,
              -31.3743164,
              0.0
            ],
            [
              -64.213789,
              -31.3745365,
              0.0
            ],
            [
              -64.2123789,
              -31.3749969,
              0.0
            ],
            [
              -64.2121289,
              -31.3750768,
              0.0
            ],
            [
              -64.2116589,
              -31.3752069,
              0.0
            ],
            [
              -64.2110189,
              -31.3753871,
              0.0
            ],
            [
              -64.2103989,
              -31.3755573,
              0.0
            ],
            [
              -64.2097288,
              -31.3757375,
              0.0
            ],
            [
              -64.2089488,
              -31.3759476,
              0.0
            ],
            [
              -64.2083188,
              -31.3761275,
              0.0
            ],
            [
              -64.2076488,
              -31.3763174,
              0.0
            ],
            [
              -64.2069088,
              -31.3765272,
              0.0
            ],
            [
              -64.2067588,
              -31.3757272,
              0.0
            ],
            [
              -64.2066387,
              -31.3750772,
              0.0
            ],
            [
              -64.2065188,
              -31.3744971,
              0.0
            ],
            [
              -64.2064188,
              -31.3739271,
              0.0
            ],
            [
              -64.2062187,
              -31.372927,
              0.0
            ],
            [
              -64.2060788,
              -31.3721669,
              0.0
            ],
            [
              -64.2059888,
              -31.3716569,
              0.0
            ],
            [
              -64.2058188,
              -31.3707269,
              0.0
            ],
            [
              -64.2057728,
              -31.3704648,
              0.0
            ],
            [
              -64.2065287,
              -31.370287,
              0.0
            ],
            [
              -64.2070888,
              -31.3701371,
              0.0
            ],
            [
              -64.2076388,
              -31.3698873,
              0.0
            ],
            [
              -64.2081988,
              -31.3696674,
              0.0
            ],
            [
              -64.2087188,
              -31.3695875,
              0.0
            ],
            [
              -64.2092688,
              -31.3693675,
              0.0
            ],
            [
              -64.2098988,
              -31.3691173,
              0.0
            ],
            [
              -64.2104889,
              -31.3690072,
              0.0
            ],
            [
              -64.211039,
              -31.368757,
              0.0
            ],
            [
              -64.2116289,
              -31.3685869,
              0.0
            ],
            [
              -64.212269,
              -31.3683867,
              0.0
            ],
            [
              -64.2127791,
              -31.3682067,
              0.0
            ],
            [
              -64.2132791,
              -31.3679065,
              0.0
            ],
            [
              -64.2139391,
              -31.3678064,
              0.0
            ],
            [
              -64.2146091,
              -31.3676463,
              0.0
            ]
          ]
        ]
      }
    },
    {
      "type": "Feature",
      "properties": {
        "gid": 38,
        "distrito": 4,
        "provincia": "Córdoba",
        "departamen": "Capital",
        "cabecera": "Córdoba",
        "circuito": "009B",
        "indec_p": 14,
        "indec_d": 14
      },
      "geometry": {
        "type": "Polygon",
        "coordinates": [
          [
            [
              -64.2231595,
              -31.3772749,
              0.0
            ],
            [
              -64.2233495,
              -31.3781049,
              0.0
            ],
            [
              -64.2236595,
              -31.3791349,
              0.0
            ],
            [
              -64.2231495,
              -31.3799849,
              0.0
            ],
            [
              -64.2234695,
              -31.3810049,
              0.0
            ],
            [
              -64.2237596,
              -31.3819248,
              0.0
            ],
            [
              -64.2233795,
              -31.3824549,
              0.0
            ],
            [
              -64.2229995,
              -31.382725,
              0.0
            ],
            [
              -64.2224995,
              -31.3830951,
              0.0
            ],
            [
              -64.2213594,
              -31.3828953,
              0.0
            ],
            [
              -64.2209294,
              -31.3828153,
              0.0
            ],
            [
              -64.2207494,
              -31.3827954,
              0.0
            ],
            [
              -64.2191993,
              -31.3825256,
              0.0
            ],
            [
              -64.2187293,
              -31.3824557,
              0.0
            ],
            [
              -64.2175393,
              -31.3822459,
              0.0
            ],
            [
              -64.2166692,
              -31.382196,
              0.0
            ],
            [
              -64.2162292,
              -31.3823161,
              0.0
            ],
            [
              -64.2149291,
              -31.3826764,
              0.0
            ],
            [
              -64.213949,
              -31.3829466,
              0.0
            ],
            [
              -64.213559,
              -31.3830567,
              0.0
            ],
            [
              -64.213239,
              -31.3831467,
              0.0
            ],
            [
              -64.212489,
              -31.3833569,
              0.0
            ],
            [
              -64.212239,
              -31.3834369,
              0.0
            ],
            [
              -64.211949,
              -31.383507,
              0.0
            ],
            [
              -64.210999,
              -31.3837873,
              0.0
            ],
            [
              -64.2101489,
              -31.3840374,
              0.0
            ],
            [
              -64.2096988,
              -31.3841676,
              0.0
            ],
            [
              -64.2083588,
              -31.3845577,
              0.0
            ],
            [
              -64.2072488,
              -31.3851375,
              0.0
            ],
            [
              -64.2076888,
              -31.3836976,
              0.0
            ],
            [
              -64.2077688,
              -31.3830475,
              0.0
            ],
            [
              -64.2072688,
              -31.3820574,
              0.0
            ],
            [
              -64.2071288,
              -31.3817574,
              0.0
            ],
            [
              -64.2074088,
              -31.3802874,
              0.0
            ],
            [
              -64.2074988,
              -31.3800674,
              0.0
            ],
            [
              -64.2074588,
              -31.3795174,
              0.0
            ],
            [
              -64.2074288,
              -31.3793374,
              0.0
            ],
            [
              -64.2073588,
              -31.3789074,
              0.0
            ],
            [
              -64.2072287,
              -31.3782873,
              0.0
            ],
            [
              -64.2070888,
              -31.3775173,
              0.0
            ],
            [
              -64.2069088,
              -31.3765272,
              0.0
            ],
            [
              -64.2076488,
              -31.3763174,
              0.0
            ],
            [
              -64.2083188,
              -31.3761275,
              0.0
            ],
            [
              -64.2089488,
              -31.3759476,
              0.0
            ],
            [
              -64.2097288,
              -31.3757375,
              0.0
            ],
            [
              -64.2103989,
              -31.3755573,
              0.0
            ],
            [
              -64.2110189,
              -31.3753871,
              0.0
            ],
            [
              -64.2116589,
              -31.3752069,
              0.0
            ],
            [
              -64.2121289,
              -31.3750768,
              0.0
            ],
            [
              -64.2123789,
              -31.3749969,
              0.0
            ],
            [
              -64.213789,
              -31.3745365,
              0.0
            ],
            [
              -64.2144691,
              -31.3743164,
              0.0
            ],
            [
              -64.2153392,
              -31.3740362,
              0.0
            ],
            [
              -64.2156991,
              -31.3739261,
              0.0
            ],
            [
              -64.2161892,
              -31.373766,
              0.0
            ],
            [
              -64.2170992,
              -31.3734758,
              0.0
            ],
            [
              -64.2175693,
              -31.3733257,
              0.0
            ],
            [
              -64.2178992,
              -31.3732157,
              0.0
            ],
            [
              -64.2188493,
              -31.3729055,
              0.0
            ],
            [
              -64.2192393,
              -31.3727754,
              0.0
            ],
            [
              -64.2194893,
              -31.3726954,
              0.0
            ],
            [
              -64.2197793,
              -31.3725853,
              0.0
            ],
            [
              -64.2201993,
              -31.3724453,
              0.0
            ],
            [
              -64.2207694,
              -31.3722552,
              0.0
            ],
            [
              -64.2219395,
              -31.371865,
              0.0
            ],
            [
              -64.2220894,
              -31.372525,
              0.0
            ],
            [
              -64.2224095,
              -31.3739649,
              0.0
            ],
            [
              -64.2224695,
              -31.3742149,
              0.0
            ],
            [
              -64.2226995,
              -31.3751649,
              0.0
            ],
            [
              -64.2229095,
              -31.3761349,
              0.0
            ],
            [
              -64.2231595,
              -31.3772749,
              0.0
            ]
          ]
        ]
      }
    },
    {
      "type": "Feature",
      "properties": {
        "gid": 39,
        "distrito": 4,
        "provincia": "Córdoba",
        "departamen": "Capital",
        "cabecera": "Córdoba",
        "circuito": "009C",
        "indec_p": 14,
        "indec_d": 14
      },
      "geometry": {
        "type": "Polygon",
        "coordinates": [
          [
            [
              -64.1986986,
              -31.3827458,
              0.0
            ],
            [
              -64.1977886,
              -31.3834257,
              0.0
            ],
            [
              -64.1968786,
              -31.3841155,
              0.0
            ],
            [
              -64.1962686,
              -31.3845555,
              0.0
            ],
            [
              -64.1957886,
              -31.3848054,
              0.0
            ],
            [
              -64.1955486,
              -31.3849354,
              0.0
            ],
            [
              -64.1953286,
              -31.3850454,
              0.0
            ],
            [
              -64.1946186,
              -31.3853952,
              0.0
            ],
            [
              -64.1934886,
              -31.3859851,
              0.0
            ],
            [
              -64.1928985,
              -31.3863251,
              0.0
            ],
            [
              -64.1924586,
              -31.386605,
              0.0
            ],
            [
              -64.1920685,
              -31.386845,
              0.0
            ],
            [
              -64.1919385,
              -31.386515,
              0.0
            ],
            [
              -64.1915985,
              -31.3850549,
              0.0
            ],
            [
              -64.1913365,
              -31.3843599,
              0.0
            ],
            [
              -64.1912465,
              -31.3839029,
              0.0
            ],
            [
              -64.1909554,
              -31.3826987,
              0.0
            ],
            [
              -64.1907594,
              -31.3815448,
              0.0
            ],
            [
              -64.1904815,
              -31.3803777,
              0.0
            ],
            [
              -64.1902014,
              -31.3792606,
              0.0
            ],
            [
              -64.1899974,
              -31.3780896,
              0.0
            ],
            [
              -64.1899184,
              -31.3769646,
              0.0
            ],
            [
              -64.1898384,
              -31.3763445,
              0.0
            ],
            [
              -64.1897374,
              -31.3756725,
              0.0
            ],
            [
              -64.1899404,
              -31.3751875,
              0.0
            ],
            [
              -64.1904264,
              -31.3748076,
              0.0
            ],
            [
              -64.1908315,
              -31.3745826,
              0.0
            ],
            [
              -64.1912155,
              -31.3744276,
              0.0
            ],
            [
              -64.1916205,
              -31.3742717,
              0.0
            ],
            [
              -64.1922715,
              -31.3740327,
              0.0
            ],
            [
              -64.1929375,
              -31.3738628,
              0.0
            ],
            [
              -64.1935855,
              -31.3736969,
              0.0
            ],
            [
              -64.1938285,
              -31.3736349,
              0.0
            ],
            [
              -64.1942675,
              -31.3735349,
              0.0
            ],
            [
              -64.1944005,
              -31.3734989,
              0.0
            ],
            [
              -64.1948976,
              -31.3733711,
              0.0
            ],
            [
              -64.1954456,
              -31.3732311,
              0.0
            ],
            [
              -64.1956186,
              -31.3731852,
              0.0
            ],
            [
              -64.1963386,
              -31.3730042,
              0.0
            ],
            [
              -64.1970406,
              -31.3728273,
              0.0
            ],
            [
              -64.1973826,
              -31.3727384,
              0.0
            ],
            [
              -64.1976786,
              -31.3726655,
              0.0
            ],
            [
              -64.1981586,
              -31.3725355,
              0.0
            ],
            [
              -64.1990396,
              -31.3723086,
              0.0
            ],
            [
              -64.1997487,
              -31.3721258,
              0.0
            ],
            [
              -64.2003986,
              -31.3719558,
              0.0
            ],
            [
              -64.2026088,
              -31.3713662,
              0.0
            ],
            [
              -64.2037087,
              -31.3710664,
              0.0
            ],
            [
              -64.2046488,
              -31.3708067,
              0.0
            ],
            [
              -64.2057728,
              -31.3704648,
              0.0
            ],
            [
              -64.2058188,
              -31.3707269,
              0.0
            ],
            [
              -64.2059888,
              -31.3716569,
              0.0
            ],
            [
              -64.2060788,
              -31.3721669,
              0.0
            ],
            [
              -64.2062187,
              -31.372927,
              0.0
            ],
            [
              -64.2064188,
              -31.3739271,
              0.0
            ],
            [
              -64.2065188,
              -31.3744971,
              0.0
            ],
            [
              -64.2066387,
              -31.3750772,
              0.0
            ],
            [
              -64.2067588,
              -31.3757272,
              0.0
            ],
            [
              -64.2069088,
              -31.3765272,
              0.0
            ],
            [
              -64.2060787,
              -31.3769371,
              0.0
            ],
            [
              -64.2051288,
              -31.3776669,
              0.0
            ],
            [
              -64.2049287,
              -31.3778269,
              0.0
            ],
            [
              -64.2045787,
              -31.3780968,
              0.0
            ],
            [
              -64.2041887,
              -31.3783967,
              0.0
            ],
            [
              -64.2030987,
              -31.3792365,
              0.0
            ],
            [
              -64.2023887,
              -31.3798063,
              0.0
            ],
            [
              -64.2017287,
              -31.3803263,
              0.0
            ],
            [
              -64.2014187,
              -31.3805662,
              0.0
            ],
            [
              -64.2005687,
              -31.3812461,
              0.0
            ],
            [
              -64.2003686,
              -31.381396,
              0.0
            ],
            [
              -64.2001386,
              -31.381586,
              0.0
            ],
            [
              -64.1995987,
              -31.382016,
              0.0
            ],
            [
              -64.1986986,
              -31.3827458,
              0.0
            ]
          ]
        ]
      }
    },
    {
      "type": "Feature",
      "properties": {
        "gid": 40,
        "distrito": 4,
        "provincia": "Córdoba",
        "departamen": "Capital",
        "cabecera": "Córdoba",
        "circuito": "009D",
        "indec_p": 14,
        "indec_d": 14
      },
      "geometry": {
        "type": "Polygon",
        "coordinates": [
          [
            [
              -64.202615,
              -31.3541064,
              0.0
            ],
            [
              -64.2141539,
              -31.355181,
              0.0
            ],
            [
              -64.2185893,
              -31.3544985,
              0.0
            ],
            [
              -64.2185888,
              -31.3545088,
              0.0
            ],
            [
              -64.2196918,
              -31.3599826,
              0.0
            ],
            [
              -64.2199437,
              -31.3612325,
              0.0
            ],
            [
              -64.2205245,
              -31.3641137,
              0.0
            ],
            [
              -64.2199434,
              -31.3644632,
              0.0
            ],
            [
              -64.2176493,
              -31.3655957,
              0.0
            ],
            [
              -64.2163393,
              -31.3665759,
              0.0
            ],
            [
              -64.2157992,
              -31.366906,
              0.0
            ],
            [
              -64.2152191,
              -31.3674261,
              0.0
            ],
            [
              -64.2146091,
              -31.3676463,
              0.0
            ],
            [
              -64.2139391,
              -31.3678064,
              0.0
            ],
            [
              -64.2132791,
              -31.3679065,
              0.0
            ],
            [
              -64.2127791,
              -31.3682067,
              0.0
            ],
            [
              -64.212269,
              -31.3683867,
              0.0
            ],
            [
              -64.2116289,
              -31.3685869,
              0.0
            ],
            [
              -64.211039,
              -31.368757,
              0.0
            ],
            [
              -64.2104889,
              -31.3690072,
              0.0
            ],
            [
              -64.2098988,
              -31.3691173,
              0.0
            ],
            [
              -64.2092688,
              -31.3693675,
              0.0
            ],
            [
              -64.2087188,
              -31.3695875,
              0.0
            ],
            [
              -64.2081988,
              -31.3696674,
              0.0
            ],
            [
              -64.2076388,
              -31.3698873,
              0.0
            ],
            [
              -64.2070888,
              -31.3701371,
              0.0
            ],
            [
              -64.2065287,
              -31.370287,
              0.0
            ],
            [
              -64.2057728,
              -31.3704648,
              0.0
            ],
            [
              -64.2055787,
              -31.3693668,
              0.0
            ],
            [
              -64.2055088,
              -31.3689967,
              0.0
            ],
            [
              -64.2051288,
              -31.3670466,
              0.0
            ],
            [
              -64.2050787,
              -31.3666166,
              0.0
            ],
            [
              -64.2048388,
              -31.3653165,
              0.0
            ],
            [
              -64.2046988,
              -31.3645065,
              0.0
            ],
            [
              -64.2045988,
              -31.3639665,
              0.0
            ],
            [
              -64.2045288,
              -31.3636265,
              0.0
            ],
            [
              -64.2043088,
              -31.3623964,
              0.0
            ],
            [
              -64.2038689,
              -31.3600162,
              0.0
            ],
            [
              -64.2033689,
              -31.3573161,
              0.0
            ],
            [
              -64.2026189,
              -31.3541359,
              0.0
            ],
            [
              -64.202615,
              -31.3541064,
              0.0
            ]
          ]
        ]
      }
    },
    {
      "type": "Feature",
      "properties": {
        "gid": 41,
        "distrito": 4,
        "provincia": "Córdoba",
        "departamen": "Capital",
        "cabecera": "Córdoba",
        "circuito": "009E",
        "indec_p": 14,
        "indec_d": 14
      },
      "geometry": {
        "type": "Polygon",
        "coordinates": [
          [
            [
              -64.201906,
              -31.4039688,
              0.0
            ],
            [
              -64.2006,
              -31.4044487,
              0.0
            ],
            [
              -64.199434,
              -31.4047744,
              0.0
            ],
            [
              -64.1977849,
              -31.4050492,
              0.0
            ],
            [
              -64.196519,
              -31.405323,
              0.0
            ],
            [
              -64.1940059,
              -31.4057007,
              0.0
            ],
            [
              -64.1938889,
              -31.4051957,
              0.0
            ],
            [
              -64.1935289,
              -31.4052256,
              0.0
            ],
            [
              -64.1924389,
              -31.4052954,
              0.0
            ],
            [
              -64.1912388,
              -31.4053753,
              0.0
            ],
            [
              -64.1900188,
              -31.4054252,
              0.0
            ],
            [
              -64.1889988,
              -31.4054651,
              0.0
            ],
            [
              -64.1889975,
              -31.4054652,
              0.0
            ],
            [
              -64.1889367,
              -31.4047704,
              0.0
            ],
            [
              -64.1888882,
              -31.4042839,
              0.0
            ],
            [
              -64.1888481,
              -31.4039635,
              0.0
            ],
            [
              -64.188813,
              -31.4033878,
              0.0
            ],
            [
              -64.1888156,
              -31.4033519,
              0.0
            ],
            [
              -64.1898487,
              -31.4028851,
              0.0
            ],
            [
              -64.1908688,
              -31.4033752,
              0.0
            ],
            [
              -64.1913488,
              -31.4036153,
              0.0
            ],
            [
              -64.1919088,
              -31.4038853,
              0.0
            ],
            [
              -64.1923489,
              -31.4038655,
              0.0
            ],
            [
              -64.1933588,
              -31.4037856,
              0.0
            ],
            [
              -64.1950189,
              -31.4037157,
              0.0
            ],
            [
              -64.1953989,
              -31.4031557,
              0.0
            ],
            [
              -64.1956089,
              -31.4027458,
              0.0
            ],
            [
              -64.1958589,
              -31.4022758,
              0.0
            ],
            [
              -64.1964089,
              -31.4014458,
              0.0
            ],
            [
              -64.1971089,
              -31.400566,
              0.0
            ],
            [
              -64.1976888,
              -31.399666,
              0.0
            ],
            [
              -64.1981088,
              -31.398696,
              0.0
            ],
            [
              -64.1987689,
              -31.3978161,
              0.0
            ],
            [
              -64.1996289,
              -31.3970663,
              0.0
            ],
            [
              -64.2004588,
              -31.3963864,
              0.0
            ],
            [
              -64.2012989,
              -31.3955565,
              0.0
            ],
            [
              -64.2013541,
              -31.3957007,
              0.0
            ],
            [
              -64.203638,
              -31.3916171,
              0.0
            ],
            [
              -64.2045489,
              -31.3921071,
              0.0
            ],
            [
              -64.2052158,
              -31.3926212,
              0.0
            ],
            [
              -64.2043589,
              -31.39312,
              0.0
            ],
            [
              -64.2039308,
              -31.393552,
              0.0
            ],
            [
              -64.2033089,
              -31.3943468,
              0.0
            ],
            [
              -64.2028399,
              -31.3953468,
              0.0
            ],
            [
              -64.2029089,
              -31.3963668,
              0.0
            ],
            [
              -64.2029689,
              -31.3969169,
              0.0
            ],
            [
              -64.2025889,
              -31.3970268,
              0.0
            ],
            [
              -64.2027389,
              -31.3975769,
              0.0
            ],
            [
              -64.2030368,
              -31.398085,
              0.0
            ],
            [
              -64.2040545,
              -31.3986125,
              0.0
            ],
            [
              -64.2044067,
              -31.3987124,
              0.0
            ],
            [
              -64.2045804,
              -31.3988857,
              0.0
            ],
            [
              -64.2049461,
              -31.3999321,
              0.0
            ],
            [
              -64.205147,
              -31.400507,
              0.0
            ],
            [
              -64.2050868,
              -31.4013412,
              0.0
            ],
            [
              -64.2052943,
              -31.4020653,
              0.0
            ],
            [
              -64.205035,
              -31.4029312,
              0.0
            ],
            [
              -64.2049898,
              -31.402953,
              0.0
            ],
            [
              -64.2042272,
              -31.4034926,
              0.0
            ],
            [
              -64.2025511,
              -31.4043607,
              0.0
            ],
            [
              -64.202233,
              -31.4045362,
              0.0
            ],
            [
              -64.202229,
              -31.4045269,
              0.0
            ],
            [
              -64.201906,
              -31.4039688,
              0.0
            ]
          ]
        ]
      }
    },
    {
      "type": "Feature",
      "properties": {
        "gid": 42,
        "distrito": 4,
        "provincia": "Córdoba",
        "departamen": "Capital",
        "cabecera": "Córdoba",
        "circuito": "009F",
        "indec_p": 14,
        "indec_d": 14
      },
      "geometry": {
        "type": "Polygon",
        "coordinates": [
          [
            [
              -64.1981088,
              -31.398696,
              0.0
            ],
            [
              -64.1976888,
              -31.399666,
              0.0
            ],
            [
              -64.1971089,
              -31.400566,
              0.0
            ],
            [
              -64.1964089,
              -31.4014458,
              0.0
            ],
            [
              -64.1958589,
              -31.4022758,
              0.0
            ],
            [
              -64.1956089,
              -31.4027458,
              0.0
            ],
            [
              -64.1953989,
              -31.4031557,
              0.0
            ],
            [
              -64.1950189,
              -31.4037157,
              0.0
            ],
            [
              -64.1933588,
              -31.4037856,
              0.0
            ],
            [
              -64.1923489,
              -31.4038655,
              0.0
            ],
            [
              -64.1919088,
              -31.4038853,
              0.0
            ],
            [
              -64.1913488,
              -31.4036153,
              0.0
            ],
            [
              -64.1908688,
              -31.4033752,
              0.0
            ],
            [
              -64.1898487,
              -31.4028851,
              0.0
            ],
            [
              -64.1908187,
              -31.4021452,
              0.0
            ],
            [
              -64.1916588,
              -31.4014353,
              0.0
            ],
            [
              -64.1923987,
              -31.4005754,
              0.0
            ],
            [
              -64.1927487,
              -31.4000954,
              0.0
            ],
            [
              -64.1929787,
              -31.3996953,
              0.0
            ],
            [
              -64.1933787,
              -31.3987154,
              0.0
            ],
            [
              -64.1936288,
              -31.3976954,
              0.0
            ],
            [
              -64.1936707,
              -31.3970034,
              0.0
            ],
            [
              -64.1936987,
              -31.3965354,
              0.0
            ],
            [
              -64.1935987,
              -31.3953353,
              0.0
            ],
            [
              -64.1935586,
              -31.3951253,
              0.0
            ],
            [
              -64.1934087,
              -31.3941253,
              0.0
            ],
            [
              -64.1933286,
              -31.3935252,
              0.0
            ],
            [
              -64.1932386,
              -31.3928252,
              0.0
            ],
            [
              -64.19311,
              -31.3920197,
              0.0
            ],
            [
              -64.1930486,
              -31.3916352,
              0.0
            ],
            [
              -64.1922686,
              -31.387765,
              0.0
            ],
            [
              -64.1920685,
              -31.386845,
              0.0
            ],
            [
              -64.1924586,
              -31.386605,
              0.0
            ],
            [
              -64.1928985,
              -31.3863251,
              0.0
            ],
            [
              -64.1934886,
              -31.3859851,
              0.0
            ],
            [
              -64.1946186,
              -31.3853952,
              0.0
            ],
            [
              -64.1953286,
              -31.3850454,
              0.0
            ],
            [
              -64.1955486,
              -31.3849354,
              0.0
            ],
            [
              -64.1957886,
              -31.3848054,
              0.0
            ],
            [
              -64.1962686,
              -31.3845555,
              0.0
            ],
            [
              -64.1968786,
              -31.3841155,
              0.0
            ],
            [
              -64.1977886,
              -31.3834257,
              0.0
            ],
            [
              -64.1986986,
              -31.3827458,
              0.0
            ],
            [
              -64.1995987,
              -31.382016,
              0.0
            ],
            [
              -64.2001386,
              -31.381586,
              0.0
            ],
            [
              -64.2003686,
              -31.381396,
              0.0
            ],
            [
              -64.2005687,
              -31.3812461,
              0.0
            ],
            [
              -64.2014187,
              -31.3805662,
              0.0
            ],
            [
              -64.2017287,
              -31.3803263,
              0.0
            ],
            [
              -64.2023887,
              -31.3798063,
              0.0
            ],
            [
              -64.2030987,
              -31.3792365,
              0.0
            ],
            [
              -64.2041887,
              -31.3783967,
              0.0
            ],
            [
              -64.2045787,
              -31.3780968,
              0.0
            ],
            [
              -64.2049287,
              -31.3778269,
              0.0
            ],
            [
              -64.2051288,
              -31.3776669,
              0.0
            ],
            [
              -64.2060787,
              -31.3769371,
              0.0
            ],
            [
              -64.2069088,
              -31.3765272,
              0.0
            ],
            [
              -64.2070888,
              -31.3775173,
              0.0
            ],
            [
              -64.2072287,
              -31.3782873,
              0.0
            ],
            [
              -64.2073588,
              -31.3789074,
              0.0
            ],
            [
              -64.2074288,
              -31.3793374,
              0.0
            ],
            [
              -64.2074588,
              -31.3795174,
              0.0
            ],
            [
              -64.2074988,
              -31.3800674,
              0.0
            ],
            [
              -64.2074088,
              -31.3802874,
              0.0
            ],
            [
              -64.2071288,
              -31.3817574,
              0.0
            ],
            [
              -64.2072688,
              -31.3820574,
              0.0
            ],
            [
              -64.2077688,
              -31.3830475,
              0.0
            ],
            [
              -64.2076888,
              -31.3836976,
              0.0
            ],
            [
              -64.2072488,
              -31.3851375,
              0.0
            ],
            [
              -64.2067488,
              -31.3853774,
              0.0
            ],
            [
              -64.2060088,
              -31.3857972,
              0.0
            ],
            [
              -64.2049688,
              -31.3864471,
              0.0
            ],
            [
              -64.2040688,
              -31.3875269,
              0.0
            ],
            [
              -64.2038727,
              -31.3879819,
              0.0
            ],
            [
              -64.2032288,
              -31.3894767,
              0.0
            ],
            [
              -64.2023087,
              -31.3910166,
              0.0
            ],
            [
              -64.2034888,
              -31.3915369,
              0.0
            ],
            [
              -64.203638,
              -31.3916171,
              0.0
            ],
            [
              -64.2013541,
              -31.3957007,
              0.0
            ],
            [
              -64.2012989,
              -31.3955565,
              0.0
            ],
            [
              -64.2004588,
              -31.3963864,
              0.0
            ],
            [
              -64.1996289,
              -31.3970663,
              0.0
            ],
            [
              -64.1987689,
              -31.3978161,
              0.0
            ],
            [
              -64.1981088,
              -31.398696,
              0.0
            ]
          ]
        ]
      }
    },
    {
      "type": "Feature",
      "properties": {
        "gid": 43,
        "distrito": 4,
        "provincia": "Córdoba",
        "departamen": "Capital",
        "cabecera": "Córdoba",
        "circuito": "009G",
        "indec_p": 14,
        "indec_d": 14
      },
      "geometry": {
        "type": "Polygon",
        "coordinates": [
          [
            [
              -64.2170393,
              -31.387656,
              0.0
            ],
            [
              -64.2164982,
              -31.3881682,
              0.0
            ],
            [
              -64.2160093,
              -31.3885863,
              0.0
            ],
            [
              -64.2149392,
              -31.3895365,
              0.0
            ],
            [
              -64.2141491,
              -31.3902467,
              0.0
            ],
            [
              -64.2130391,
              -31.3912469,
              0.0
            ],
            [
              -64.2124911,
              -31.3917761,
              0.0
            ],
            [
              -64.211318,
              -31.3915293,
              0.0
            ],
            [
              -64.2105539,
              -31.3913595,
              0.0
            ],
            [
              -64.2093359,
              -31.3914088,
              0.0
            ],
            [
              -64.2086569,
              -31.3914089,
              0.0
            ],
            [
              -64.2076378,
              -31.3915298,
              0.0
            ],
            [
              -64.2067039,
              -31.3917946,
              0.0
            ],
            [
              -64.2058829,
              -31.3921084,
              0.0
            ],
            [
              -64.2052158,
              -31.3926212,
              0.0
            ],
            [
              -64.2045489,
              -31.3921071,
              0.0
            ],
            [
              -64.203638,
              -31.3916171,
              0.0
            ],
            [
              -64.2034888,
              -31.3915369,
              0.0
            ],
            [
              -64.2023087,
              -31.3910166,
              0.0
            ],
            [
              -64.2032288,
              -31.3894767,
              0.0
            ],
            [
              -64.2038727,
              -31.3879819,
              0.0
            ],
            [
              -64.2040688,
              -31.3875269,
              0.0
            ],
            [
              -64.2049688,
              -31.3864471,
              0.0
            ],
            [
              -64.2060088,
              -31.3857972,
              0.0
            ],
            [
              -64.2067488,
              -31.3853774,
              0.0
            ],
            [
              -64.2072488,
              -31.3851375,
              0.0
            ],
            [
              -64.2083588,
              -31.3845577,
              0.0
            ],
            [
              -64.2096988,
              -31.3841676,
              0.0
            ],
            [
              -64.2101489,
              -31.3840374,
              0.0
            ],
            [
              -64.210999,
              -31.3837873,
              0.0
            ],
            [
              -64.211949,
              -31.383507,
              0.0
            ],
            [
              -64.212239,
              -31.3834369,
              0.0
            ],
            [
              -64.212489,
              -31.3833569,
              0.0
            ],
            [
              -64.213239,
              -31.3831467,
              0.0
            ],
            [
              -64.213559,
              -31.3830567,
              0.0
            ],
            [
              -64.213949,
              -31.3829466,
              0.0
            ],
            [
              -64.2149291,
              -31.3826764,
              0.0
            ],
            [
              -64.2162292,
              -31.3823161,
              0.0
            ],
            [
              -64.2166692,
              -31.382196,
              0.0
            ],
            [
              -64.2175393,
              -31.3822459,
              0.0
            ],
            [
              -64.2187293,
              -31.3824557,
              0.0
            ],
            [
              -64.2191993,
              -31.3825256,
              0.0
            ],
            [
              -64.2207494,
              -31.3827954,
              0.0
            ],
            [
              -64.2209294,
              -31.3828153,
              0.0
            ],
            [
              -64.2213594,
              -31.3828953,
              0.0
            ],
            [
              -64.2224995,
              -31.3830951,
              0.0
            ],
            [
              -64.2220295,
              -31.3834251,
              0.0
            ],
            [
              -64.2213495,
              -31.3837353,
              0.0
            ],
            [
              -64.2204694,
              -31.3845954,
              0.0
            ],
            [
              -64.2201594,
              -31.3846655,
              0.0
            ],
            [
              -64.2191394,
              -31.3856557,
              0.0
            ],
            [
              -64.2178493,
              -31.3868759,
              0.0
            ],
            [
              -64.2170393,
              -31.387656,
              0.0
            ]
          ]
        ]
      }
    },
    {
      "type": "Feature",
      "properties": {
        "gid": 44,
        "distrito": 4,
        "provincia": "Córdoba",
        "departamen": "Capital",
        "cabecera": "Córdoba",
        "circuito": "0010",
        "indec_p": 14,
        "indec_d": 14
      },
      "geometry": {
        "type": "Polygon",
        "coordinates": [
          [
            [
              -64.1959686,
              -31.4382047,
              0.0
            ],
            [
              -64.1954516,
              -31.4366406,
              0.0
            ],
            [
              -64.1950997,
              -31.4355765,
              0.0
            ],
            [
              -64.1944397,
              -31.4334864,
              0.0
            ],
            [
              -64.1946897,
              -31.4329364,
              0.0
            ],
            [
              -64.1945797,
              -31.4325764,
              0.0
            ],
            [
              -64.1944297,
              -31.4324464,
              0.0
            ],
            [
              -64.1940497,
              -31.4324563,
              0.0
            ],
            [
              -64.1938297,
              -31.4319363,
              0.0
            ],
            [
              -64.1936497,
              -31.4315163,
              0.0
            ],
            [
              -64.1934397,
              -31.4310263,
              0.0
            ],
            [
              -64.1931598,
              -31.4303762,
              0.0
            ],
            [
              -64.1930598,
              -31.4301562,
              0.0
            ],
            [
              -64.1926698,
              -31.4292261,
              0.0
            ],
            [
              -64.1925398,
              -31.4289261,
              0.0
            ],
            [
              -64.1920397,
              -31.427756,
              0.0
            ],
            [
              -64.1915097,
              -31.4265459,
              0.0
            ],
            [
              -64.1922696,
              -31.426306,
              0.0
            ],
            [
              -64.1924484,
              -31.4267232,
              0.0
            ],
            [
              -64.1937349,
              -31.4263687,
              0.0
            ],
            [
              -64.1945844,
              -31.4268369,
              0.0
            ],
            [
              -64.1946582,
              -31.4270031,
              0.0
            ],
            [
              -64.1949127,
              -31.4269243,
              0.0
            ],
            [
              -64.1949197,
              -31.4269264,
              0.0
            ],
            [
              -64.1952798,
              -31.4272064,
              0.0
            ],
            [
              -64.1967598,
              -31.4279356,
              0.0
            ],
            [
              -64.1976898,
              -31.4283568,
              0.0
            ],
            [
              -64.1986398,
              -31.4286369,
              0.0
            ],
            [
              -64.1999399,
              -31.4288672,
              0.0
            ],
            [
              -64.20141,
              -31.4287374,
              0.0
            ],
            [
              -64.2023399,
              -31.4286577,
              0.0
            ],
            [
              -64.2031499,
              -31.4285978,
              0.0
            ],
            [
              -64.20389,
              -31.428528,
              0.0
            ],
            [
              -64.20454,
              -31.4284681,
              0.0
            ],
            [
              -64.204539,
              -31.4284641,
              0.0
            ],
            [
              -64.2064098,
              -31.4280079,
              0.0
            ],
            [
              -64.20641,
              -31.4280085,
              0.0
            ],
            [
              -64.2073899,
              -31.4277687,
              0.0
            ],
            [
              -64.20821,
              -31.4277887,
              0.0
            ],
            [
              -64.2082101,
              -31.4277905,
              0.0
            ],
            [
              -64.2082123,
              -31.4277906,
              0.0
            ],
            [
              -64.2087373,
              -31.4279335,
              0.0
            ],
            [
              -64.20928,
              -31.4282577,
              0.0
            ],
            [
              -64.2095822,
              -31.428461,
              0.0
            ],
            [
              -64.2103407,
              -31.4290959,
              0.0
            ],
            [
              -64.210601,
              -31.4292895,
              0.0
            ],
            [
              -64.2106095,
              -31.4293078,
              0.0
            ],
            [
              -64.2107572,
              -31.4293012,
              0.0
            ],
            [
              -64.2107712,
              -31.4294201,
              0.0
            ],
            [
              -64.2108902,
              -31.4298282,
              0.0
            ],
            [
              -64.2112702,
              -31.4301581,
              0.0
            ],
            [
              -64.2116102,
              -31.431468,
              0.0
            ],
            [
              -64.2117802,
              -31.4321079,
              0.0
            ],
            [
              -64.2118502,
              -31.4323679,
              0.0
            ],
            [
              -64.2119302,
              -31.4326579,
              0.0
            ],
            [
              -64.2120502,
              -31.4331679,
              0.0
            ],
            [
              -64.2122302,
              -31.4338079,
              0.0
            ],
            [
              -64.2124101,
              -31.4345278,
              0.0
            ],
            [
              -64.2125601,
              -31.4350478,
              0.0
            ],
            [
              -64.2126601,
              -31.4354178,
              0.0
            ],
            [
              -64.2126576,
              -31.4354226,
              0.0
            ],
            [
              -64.2136167,
              -31.4390475,
              0.0
            ],
            [
              -64.2136701,
              -31.4392876,
              0.0
            ],
            [
              -64.2138101,
              -31.4398276,
              0.0
            ],
            [
              -64.2140401,
              -31.4408076,
              0.0
            ],
            [
              -64.2141101,
              -31.4410475,
              0.0
            ],
            [
              -64.2141701,
              -31.4412875,
              0.0
            ],
            [
              -64.2142801,
              -31.4416875,
              0.0
            ],
            [
              -64.2144401,
              -31.4423075,
              0.0
            ],
            [
              -64.21458,
              -31.4428275,
              0.0
            ],
            [
              -64.2147,
              -31.4432474,
              0.0
            ],
            [
              -64.21475,
              -31.4434474,
              0.0
            ],
            [
              -64.21496,
              -31.4442774,
              0.0
            ],
            [
              -64.2151,
              -31.4447774,
              0.0
            ],
            [
              -64.2151701,
              -31.4450474,
              0.0
            ],
            [
              -64.2153901,
              -31.4458673,
              0.0
            ],
            [
              -64.2156171,
              -31.4460013,
              0.0
            ],
            [
              -64.2155001,
              -31.4460773,
              0.0
            ],
            [
              -64.21401,
              -31.4459076,
              0.0
            ],
            [
              -64.2115198,
              -31.4456081,
              0.0
            ],
            [
              -64.2109599,
              -31.4455383,
              0.0
            ],
            [
              -64.2092797,
              -31.4453387,
              0.0
            ],
            [
              -64.2071296,
              -31.4450789,
              0.0
            ],
            [
              -64.2048996,
              -31.4448185,
              0.0
            ],
            [
              -64.2024396,
              -31.4445479,
              0.0
            ],
            [
              -64.1978995,
              -31.4439571,
              0.0
            ],
            [
              -64.1977295,
              -31.4436071,
              0.0
            ],
            [
              -64.1974795,
              -31.442817,
              0.0
            ],
            [
              -64.1966395,
              -31.4402269,
              0.0
            ],
            [
              -64.1963696,
              -31.4394168,
              0.0
            ],
            [
              -64.1959686,
              -31.4382047,
              0.0
            ]
          ]
        ]
      }
    },
    {
      "type": "Feature",
      "properties": {
        "gid": 45,
        "distrito": 4,
        "provincia": "Córdoba",
        "departamen": "Capital",
        "cabecera": "Córdoba",
        "circuito": "010A",
        "indec_p": 14,
        "indec_d": 14
      },
      "geometry": {
        "type": "Polygon",
        "coordinates": [
          [
            [
              -64.2411366,
              -31.525791,
              0.0
            ],
            [
              -64.2335305,
              -31.5256862,
              0.0
            ],
            [
              -64.2284645,
              -31.5256163,
              0.0
            ],
            [
              -64.2284234,
              -31.5256157,
              0.0
            ],
            [
              -64.2284805,
              -31.4982338,
              0.0
            ],
            [
              -64.2284618,
              -31.498157,
              0.0
            ],
            [
              -64.2245745,
              -31.4822287,
              0.0
            ],
            [
              -64.2243042,
              -31.481121,
              0.0
            ],
            [
              -64.2250755,
              -31.4811415,
              0.0
            ],
            [
              -64.2258355,
              -31.4811613,
              0.0
            ],
            [
              -64.2265575,
              -31.4811803,
              0.0
            ],
            [
              -64.2267646,
              -31.4811863,
              0.0
            ],
            [
              -64.2279126,
              -31.4812171,
              0.0
            ],
            [
              -64.2291796,
              -31.4812501,
              0.0
            ],
            [
              -64.2311877,
              -31.4813039,
              0.0
            ],
            [
              -64.2326348,
              -31.4813418,
              0.0
            ],
            [
              -64.2340668,
              -31.4813798,
              0.0
            ],
            [
              -64.2356839,
              -31.4814227,
              0.0
            ],
            [
              -64.2372449,
              -31.4814646,
              0.0
            ],
            [
              -64.238673,
              -31.4815027,
              0.0
            ],
            [
              -64.2398261,
              -31.4815326,
              0.0
            ],
            [
              -64.2410941,
              -31.4815667,
              0.0
            ],
            [
              -64.2412721,
              -31.4815717,
              0.0
            ],
            [
              -64.2414941,
              -31.4817887,
              0.0
            ],
            [
              -64.2417181,
              -31.4820197,
              0.0
            ],
            [
              -64.2418511,
              -31.4820237,
              0.0
            ],
            [
              -64.2419632,
              -31.4821227,
              0.0
            ],
            [
              -64.2424411,
              -31.4825468,
              0.0
            ],
            [
              -64.2431772,
              -31.4833668,
              0.0
            ],
            [
              -64.2444713,
              -31.4845108,
              0.0
            ],
            [
              -64.2454313,
              -31.4853599,
              0.0
            ],
            [
              -64.2463423,
              -31.486166,
              0.0
            ],
            [
              -64.2471046,
              -31.4868392,
              0.0
            ],
            [
              -64.2580002,
              -31.4979625,
              0.0
            ],
            [
              -64.2578777,
              -31.5260218,
              0.0
            ],
            [
              -64.2574436,
              -31.5260158,
              0.0
            ],
            [
              -64.2459603,
              -31.5258575,
              0.0
            ],
            [
              -64.2412137,
              -31.5257921,
              0.0
            ],
            [
              -64.2411366,
              -31.525791,
              0.0
            ]
          ]
        ]
      }
    },
    {
      "type": "Feature",
      "properties": {
        "gid": 46,
        "distrito": 4,
        "provincia": "Córdoba",
        "departamen": "Capital",
        "cabecera": "Córdoba",
        "circuito": "010B",
        "indec_p": 14,
        "indec_d": 14
      },
      "geometry": {
        "type": "Polygon",
        "coordinates": [
          [
            [
              -64.2009094,
              -31.4529578,
              0.0
            ],
            [
              -64.2007094,
              -31.4520377,
              0.0
            ],
            [
              -64.2003994,
              -31.4512077,
              0.0
            ],
            [
              -64.2000595,
              -31.4502176,
              0.0
            ],
            [
              -64.1996894,
              -31.4490975,
              0.0
            ],
            [
              -64.1995294,
              -31.4486575,
              0.0
            ],
            [
              -64.1993395,
              -31.4480974,
              0.0
            ],
            [
              -64.1989794,
              -31.4470673,
              0.0
            ],
            [
              -64.1986295,
              -31.4460373,
              0.0
            ],
            [
              -64.1982695,
              -31.4449872,
              0.0
            ],
            [
              -64.1978995,
              -31.4439571,
              0.0
            ],
            [
              -64.2024396,
              -31.4445479,
              0.0
            ],
            [
              -64.2048996,
              -31.4448185,
              0.0
            ],
            [
              -64.2071296,
              -31.4450789,
              0.0
            ],
            [
              -64.2092797,
              -31.4453387,
              0.0
            ],
            [
              -64.2109599,
              -31.4455383,
              0.0
            ],
            [
              -64.2115198,
              -31.4456081,
              0.0
            ],
            [
              -64.21401,
              -31.4459076,
              0.0
            ],
            [
              -64.2155001,
              -31.4460773,
              0.0
            ],
            [
              -64.2156171,
              -31.4460013,
              0.0
            ],
            [
              -64.2163631,
              -31.4461912,
              0.0
            ],
            [
              -64.2194993,
              -31.4468597,
              0.0
            ],
            [
              -64.2237444,
              -31.4479401,
              0.0
            ],
            [
              -64.2267045,
              -31.4484687,
              0.0
            ],
            [
              -64.2277336,
              -31.4487546,
              0.0
            ],
            [
              -64.2290337,
              -31.4491875,
              0.0
            ],
            [
              -64.2320529,
              -31.4502756,
              0.0
            ],
            [
              -64.2332148,
              -31.4506943,
              0.0
            ],
            [
              -64.2341258,
              -31.4509542,
              0.0
            ],
            [
              -64.2348258,
              -31.4510392,
              0.0
            ],
            [
              -64.2354698,
              -31.4511312,
              0.0
            ],
            [
              -64.2365329,
              -31.4511821,
              0.0
            ],
            [
              -64.2427381,
              -31.4515082,
              0.0
            ],
            [
              -64.242779,
              -31.4515096,
              0.0
            ],
            [
              -64.2427281,
              -31.4556654,
              0.0
            ],
            [
              -64.2365514,
              -31.4555986,
              0.0
            ],
            [
              -64.217835,
              -31.4553967,
              0.0
            ],
            [
              -64.21784,
              -31.455417,
              0.0
            ],
            [
              -64.217,
              -31.4555772,
              0.0
            ],
            [
              -64.21641,
              -31.4556972,
              0.0
            ],
            [
              -64.2145699,
              -31.4560577,
              0.0
            ],
            [
              -64.2141299,
              -31.4561478,
              0.0
            ],
            [
              -64.2134798,
              -31.4562779,
              0.0
            ],
            [
              -64.2128998,
              -31.456388,
              0.0
            ],
            [
              -64.2113297,
              -31.4566984,
              0.0
            ],
            [
              -64.2098497,
              -31.4569986,
              0.0
            ],
            [
              -64.2091196,
              -31.4571288,
              0.0
            ],
            [
              -64.2086095,
              -31.4556589,
              0.0
            ],
            [
              -64.2079526,
              -31.4557731,
              0.0
            ],
            [
              -64.2072895,
              -31.4559092,
              0.0
            ],
            [
              -64.2066395,
              -31.456019,
              0.0
            ],
            [
              -64.2059595,
              -31.456149,
              0.0
            ],
            [
              -64.2052795,
              -31.4562788,
              0.0
            ],
            [
              -64.2050895,
              -31.4563087,
              0.0
            ],
            [
              -64.2046394,
              -31.4563886,
              0.0
            ],
            [
              -64.2040695,
              -31.4564985,
              0.0
            ],
            [
              -64.2034494,
              -31.4566284,
              0.0
            ],
            [
              -64.2007494,
              -31.4571678,
              0.0
            ],
            [
              -64.2011094,
              -31.4560679,
              0.0
            ],
            [
              -64.2010978,
              -31.4560701,
              0.0
            ],
            [
              -64.2013839,
              -31.4550673,
              0.0
            ],
            [
              -64.2011782,
              -31.4542773,
              0.0
            ],
            [
              -64.2010732,
              -31.453688,
              0.0
            ],
            [
              -64.2009086,
              -31.452958,
              0.0
            ],
            [
              -64.2009094,
              -31.4529578,
              0.0
            ]
          ]
        ]
      }
    },
    {
      "type": "Feature",
      "properties": {
        "gid": 47,
        "distrito": 4,
        "provincia": "Córdoba",
        "departamen": "Capital",
        "cabecera": "Córdoba",
        "circuito": "010C",
        "indec_p": 14,
        "indec_d": 14
      },
      "geometry": {
        "type": "Polygon",
        "coordinates": [
          [
            [
              -64.2030645,
              -31.4814928,
              0.0
            ],
            [
              -64.2028495,
              -31.4808108,
              0.0
            ],
            [
              -64.2027905,
              -31.4806228,
              0.0
            ],
            [
              -64.2026055,
              -31.4800378,
              0.0
            ],
            [
              -64.2024795,
              -31.4796377,
              0.0
            ],
            [
              -64.2037555,
              -31.479671,
              0.0
            ],
            [
              -64.2050615,
              -31.4797052,
              0.0
            ],
            [
              -64.2069455,
              -31.4797547,
              0.0
            ],
            [
              -64.2078776,
              -31.4797794,
              0.0
            ],
            [
              -64.2084177,
              -31.4797933,
              0.0
            ],
            [
              -64.2085997,
              -31.4802852,
              0.0
            ],
            [
              -64.2087957,
              -31.4808143,
              0.0
            ],
            [
              -64.2091127,
              -31.4816722,
              0.0
            ],
            [
              -64.2093298,
              -31.4816791,
              0.0
            ],
            [
              -64.2095527,
              -31.4816861,
              0.0
            ],
            [
              -64.2107038,
              -31.4817198,
              0.0
            ],
            [
              -64.2109998,
              -31.4817287,
              0.0
            ],
            [
              -64.2115968,
              -31.4817456,
              0.0
            ],
            [
              -64.2122129,
              -31.4817635,
              0.0
            ],
            [
              -64.2128239,
              -31.4817824,
              0.0
            ],
            [
              -64.2134879,
              -31.4818022,
              0.0
            ],
            [
              -64.214105,
              -31.4818201,
              0.0
            ],
            [
              -64.214712,
              -31.481838,
              0.0
            ],
            [
              -64.2169672,
              -31.4819826,
              0.0
            ],
            [
              -64.2169677,
              -31.4819519,
              0.0
            ],
            [
              -64.2245745,
              -31.4822287,
              0.0
            ],
            [
              -64.2284618,
              -31.498157,
              0.0
            ],
            [
              -64.2284805,
              -31.4982338,
              0.0
            ],
            [
              -64.2284234,
              -31.5256157,
              0.0
            ],
            [
              -64.2208901,
              -31.525512,
              0.0
            ],
            [
              -64.2133106,
              -31.5254075,
              0.0
            ],
            [
              -64.2129902,
              -31.5254031,
              0.0
            ],
            [
              -64.2132684,
              -31.4982559,
              0.0
            ],
            [
              -64.2131693,
              -31.4982566,
              0.0
            ],
            [
              -64.2081489,
              -31.4918176,
              0.0
            ],
            [
              -64.2081381,
              -31.4918176,
              0.0
            ],
            [
              -64.204649,
              -31.4863998,
              0.0
            ],
            [
              -64.2046127,
              -31.4864044,
              0.0
            ],
            [
              -64.2043577,
              -31.4855903,
              0.0
            ],
            [
              -64.2041236,
              -31.4848542,
              0.0
            ],
            [
              -64.2040626,
              -31.4846582,
              0.0
            ],
            [
              -64.2037316,
              -31.4836081,
              0.0
            ],
            [
              -64.2034066,
              -31.482579,
              0.0
            ],
            [
              -64.2030645,
              -31.4814928,
              0.0
            ]
          ]
        ]
      }
    },
    {
      "type": "Feature",
      "properties": {
        "gid": 48,
        "distrito": 4,
        "provincia": "Córdoba",
        "departamen": "Capital",
        "cabecera": "Córdoba",
        "circuito": "010D",
        "indec_p": 14,
        "indec_d": 14
      },
      "geometry": {
        "type": "Polygon",
        "coordinates": [
          [
            [
              -64.2523514,
              -31.452015,
              0.0
            ],
            [
              -64.2588392,
              -31.4646656,
              0.0
            ],
            [
              -64.2588458,
              -31.4646785,
              0.0
            ],
            [
              -64.2585757,
              -31.4732939,
              0.0
            ],
            [
              -64.2427915,
              -31.473012,
              0.0
            ],
            [
              -64.2427921,
              -31.4729515,
              0.0
            ],
            [
              -64.241489,
              -31.4729396,
              0.0
            ],
            [
              -64.2389169,
              -31.4729145,
              0.0
            ],
            [
              -64.2387819,
              -31.4726595,
              0.0
            ],
            [
              -64.2385319,
              -31.4725785,
              0.0
            ],
            [
              -64.2383149,
              -31.4726325,
              0.0
            ],
            [
              -64.2381868,
              -31.4727665,
              0.0
            ],
            [
              -64.2364199,
              -31.4713145,
              0.0
            ],
            [
              -64.2356998,
              -31.4707235,
              0.0
            ],
            [
              -64.2353178,
              -31.4704095,
              0.0
            ],
            [
              -64.2348727,
              -31.4700435,
              0.0
            ],
            [
              -64.2335197,
              -31.4689316,
              0.0
            ],
            [
              -64.2333317,
              -31.4687766,
              0.0
            ],
            [
              -64.2326457,
              -31.4682136,
              0.0
            ],
            [
              -64.2325237,
              -31.4681126,
              0.0
            ],
            [
              -64.2313647,
              -31.4671606,
              0.0
            ],
            [
              -64.2309536,
              -31.4668226,
              0.0
            ],
            [
              -64.2308436,
              -31.4667317,
              0.0
            ],
            [
              -64.2296175,
              -31.4657248,
              0.0
            ],
            [
              -64.2294576,
              -31.4655928,
              0.0
            ],
            [
              -64.2282114,
              -31.4645688,
              0.0
            ],
            [
              -64.2275104,
              -31.4639919,
              0.0
            ],
            [
              -64.2293435,
              -31.4640528,
              0.0
            ],
            [
              -64.2312286,
              -31.4640976,
              0.0
            ],
            [
              -64.2329536,
              -31.4641575,
              0.0
            ],
            [
              -64.2332077,
              -31.4641424,
              0.0
            ],
            [
              -64.2334387,
              -31.4641474,
              0.0
            ],
            [
              -64.2344487,
              -31.4641684,
              0.0
            ],
            [
              -64.2350967,
              -31.4641814,
              0.0
            ],
            [
              -64.2357998,
              -31.4641954,
              0.0
            ],
            [
              -64.2364938,
              -31.4642094,
              0.0
            ],
            [
              -64.2371798,
              -31.4642233,
              0.0
            ],
            [
              -64.2378088,
              -31.4642363,
              0.0
            ],
            [
              -64.2384298,
              -31.4642494,
              0.0
            ],
            [
              -64.2407319,
              -31.4642964,
              0.0
            ],
            [
              -64.242866,
              -31.4643397,
              0.0
            ],
            [
              -64.242726,
              -31.4558404,
              0.0
            ],
            [
              -64.2427281,
              -31.4556654,
              0.0
            ],
            [
              -64.242779,
              -31.4515096,
              0.0
            ],
            [
              -64.2439412,
              -31.4515492,
              0.0
            ],
            [
              -64.2453192,
              -31.4515763,
              0.0
            ],
            [
              -64.2473452,
              -31.4516504,
              0.0
            ],
            [
              -64.2478473,
              -31.4517854,
              0.0
            ],
            [
              -64.2523514,
              -31.452015,
              0.0
            ]
          ]
        ]
      }
    },
    {
      "type": "Feature",
      "properties": {
        "gid": 49,
        "distrito": 4,
        "provincia": "Córdoba",
        "departamen": "Capital",
        "cabecera": "Córdoba",
        "circuito": "010E",
        "indec_p": 14,
        "indec_d": 14
      },
      "geometry": {
        "type": "Polygon",
        "coordinates": [
          [
            [
              -64.2480016,
              -31.4326751,
              0.0
            ],
            [
              -64.2492506,
              -31.4327562,
              0.0
            ],
            [
              -64.2502817,
              -31.4328252,
              0.0
            ],
            [
              -64.2506117,
              -31.4328453,
              0.0
            ],
            [
              -64.2515578,
              -31.4329104,
              0.0
            ],
            [
              -64.2517868,
              -31.4329254,
              0.0
            ],
            [
              -64.2524127,
              -31.4329794,
              0.0
            ],
            [
              -64.2527217,
              -31.4329855,
              0.0
            ],
            [
              -64.2615819,
              -31.4335367,
              0.0
            ],
            [
              -64.2615825,
              -31.4335223,
              0.0
            ],
            [
              -64.2928343,
              -31.4355649,
              0.0
            ],
            [
              -64.3175077,
              -31.437174,
              0.0
            ],
            [
              -64.3175095,
              -31.437318,
              0.0
            ],
            [
              -64.3175446,
              -31.4401766,
              0.0
            ],
            [
              -64.317674,
              -31.4506815,
              0.0
            ],
            [
              -64.3177047,
              -31.4531699,
              0.0
            ],
            [
              -64.317719,
              -31.4543327,
              0.0
            ],
            [
              -64.3177891,
              -31.4600198,
              0.0
            ],
            [
              -64.3178841,
              -31.4677283,
              0.0
            ],
            [
              -64.3179588,
              -31.4737899,
              0.0
            ],
            [
              -64.3179934,
              -31.4765929,
              0.0
            ],
            [
              -64.3179161,
              -31.4856314,
              0.0
            ],
            [
              -64.3178998,
              -31.48753,
              0.0
            ],
            [
              -64.317889,
              -31.4887999,
              0.0
            ],
            [
              -64.3178495,
              -31.4934206,
              0.0
            ],
            [
              -64.3178495,
              -31.4934209,
              0.0
            ],
            [
              -64.3178406,
              -31.4944587,
              0.0
            ],
            [
              -64.317759,
              -31.504002,
              0.0
            ],
            [
              -64.3177387,
              -31.5062267,
              0.0
            ],
            [
              -64.3177389,
              -31.506227,
              0.0
            ],
            [
              -64.3176981,
              -31.5107022,
              0.0
            ],
            [
              -64.3176603,
              -31.5148381,
              0.0
            ],
            [
              -64.3176605,
              -31.5148383,
              0.0
            ],
            [
              -64.3176153,
              -31.5197951,
              0.0
            ],
            [
              -64.3176153,
              -31.5197954,
              0.0
            ],
            [
              -64.3175784,
              -31.5238436,
              0.0
            ],
            [
              -64.3175774,
              -31.5239262,
              0.0
            ],
            [
              -64.317562,
              -31.5256153,
              0.0
            ],
            [
              -64.3175509,
              -31.5268236,
              0.0
            ],
            [
              -64.3120387,
              -31.5267499,
              0.0
            ],
            [
              -64.3005865,
              -31.5265967,
              0.0
            ],
            [
              -64.2906492,
              -31.5264639,
              0.0
            ],
            [
              -64.2808243,
              -31.5263326,
              0.0
            ],
            [
              -64.2767673,
              -31.5262783,
              0.0
            ],
            [
              -64.2731801,
              -31.5262306,
              0.0
            ],
            [
              -64.273166,
              -31.5262304,
              0.0
            ],
            [
              -64.2734483,
              -31.4975678,
              0.0
            ],
            [
              -64.2736843,
              -31.473562,
              0.0
            ],
            [
              -64.264082,
              -31.4733923,
              0.0
            ],
            [
              -64.2623567,
              -31.4733615,
              0.0
            ],
            [
              -64.261266,
              -31.4733421,
              0.0
            ],
            [
              -64.2585757,
              -31.4732939,
              0.0
            ],
            [
              -64.2588458,
              -31.4646785,
              0.0
            ],
            [
              -64.2588392,
              -31.4646656,
              0.0
            ],
            [
              -64.2523514,
              -31.452015,
              0.0
            ],
            [
              -64.2478473,
              -31.4517854,
              0.0
            ],
            [
              -64.2473452,
              -31.4516504,
              0.0
            ],
            [
              -64.2453192,
              -31.4515763,
              0.0
            ],
            [
              -64.2439412,
              -31.4515492,
              0.0
            ],
            [
              -64.242779,
              -31.4515096,
              0.0
            ],
            [
              -64.2427381,
              -31.4515082,
              0.0
            ],
            [
              -64.2427411,
              -31.4514852,
              0.0
            ],
            [
              -64.2427511,
              -31.4506251,
              0.0
            ],
            [
              -64.2427511,
              -31.4494951,
              0.0
            ],
            [
              -64.2427311,
              -31.4483751,
              0.0
            ],
            [
              -64.2426912,
              -31.4472351,
              0.0
            ],
            [
              -64.2426712,
              -31.446085,
              0.0
            ],
            [
              -64.2426711,
              -31.445675,
              0.0
            ],
            [
              -64.2426512,
              -31.4451551,
              0.0
            ],
            [
              -64.2426412,
              -31.4446451,
              0.0
            ],
            [
              -64.2426512,
              -31.4441851,
              0.0
            ],
            [
              -64.2426212,
              -31.442455,
              0.0
            ],
            [
              -64.2426513,
              -31.441285,
              0.0
            ],
            [
              -64.2426412,
              -31.440875,
              0.0
            ],
            [
              -64.2426512,
              -31.440535,
              0.0
            ],
            [
              -64.2426513,
              -31.440235,
              0.0
            ],
            [
              -64.2426513,
              -31.439735,
              0.0
            ],
            [
              -64.2426613,
              -31.4391449,
              0.0
            ],
            [
              -64.2426513,
              -31.438975,
              0.0
            ],
            [
              -64.2426613,
              -31.438205,
              0.0
            ],
            [
              -64.2426714,
              -31.4375749,
              0.0
            ],
            [
              -64.2426914,
              -31.436775,
              0.0
            ],
            [
              -64.2427014,
              -31.4359049,
              0.0
            ],
            [
              -64.2427114,
              -31.4356249,
              0.0
            ],
            [
              -64.2427215,
              -31.4348449,
              0.0
            ],
            [
              -64.2427415,
              -31.4344849,
              0.0
            ],
            [
              -64.2427515,
              -31.4338249,
              0.0
            ],
            [
              -64.2427614,
              -31.4334449,
              0.0
            ],
            [
              -64.2427715,
              -31.4328249,
              0.0
            ],
            [
              -64.2426115,
              -31.4323449,
              0.0
            ],
            [
              -64.2433615,
              -31.4323849,
              0.0
            ],
            [
              -64.2438415,
              -31.4324149,
              0.0
            ],
            [
              -64.2445815,
              -31.4324649,
              0.0
            ],
            [
              -64.2450016,
              -31.432485,
              0.0
            ],
            [
              -64.2458416,
              -31.4325449,
              0.0
            ],
            [
              -64.2469717,
              -31.432615,
              0.0
            ],
            [
              -64.2480016,
              -31.4326751,
              0.0
            ]
          ]
        ]
      }
    },
    {
      "type": "Feature",
      "properties": {
        "gid": 90,
        "distrito": 4,
        "provincia": "Córdoba",
        "departamen": "Capital",
        "cabecera": "Córdoba",
        "circuito": "013L",
        "indec_p": 14,
        "indec_d": 14
      },
      "geometry": {
        "type": "Polygon",
        "coordinates": [
          [
            [
              -64.1474371,
              -31.3095971,
              0.0
            ],
            [
              -64.1470447,
              -31.3085764,
              0.0
            ],
            [
              -64.1470456,
              -31.3085763,
              0.0
            ],
            [
              -64.1474272,
              -31.3085548,
              0.0
            ],
            [
              -64.1586343,
              -31.3079222,
              0.0
            ],
            [
              -64.1628545,
              -31.3076056,
              0.0
            ],
            [
              -64.1639335,
              -31.3075247,
              0.0
            ],
            [
              -64.1639341,
              -31.3075247,
              0.0
            ],
            [
              -64.1640672,
              -31.3075351,
              0.0
            ],
            [
              -64.1666954,
              -31.3077416,
              0.0
            ],
            [
              -64.1679951,
              -31.3078437,
              0.0
            ],
            [
              -64.1689315,
              -31.3079172,
              0.0
            ],
            [
              -64.1700048,
              -31.3080015,
              0.0
            ],
            [
              -64.1702139,
              -31.3080179,
              0.0
            ],
            [
              -64.1721197,
              -31.3081675,
              0.0
            ],
            [
              -64.1756468,
              -31.3087648,
              0.0
            ],
            [
              -64.1757175,
              -31.3092028,
              0.0
            ],
            [
              -64.1760775,
              -31.3110528,
              0.0
            ],
            [
              -64.1762575,
              -31.3119528,
              0.0
            ],
            [
              -64.1758075,
              -31.3132428,
              0.0
            ],
            [
              -64.1758076,
              -31.3137029,
              0.0
            ],
            [
              -64.1757776,
              -31.3159029,
              0.0
            ],
            [
              -64.1757377,
              -31.319683,
              0.0
            ],
            [
              -64.1757079,
              -31.3229331,
              0.0
            ],
            [
              -64.1756579,
              -31.3262132,
              0.0
            ],
            [
              -64.175648,
              -31.3264832,
              0.0
            ],
            [
              -64.175638,
              -31.3283632,
              0.0
            ],
            [
              -64.1756187,
              -31.3295071,
              0.0
            ],
            [
              -64.1500046,
              -31.3372833,
              0.0
            ],
            [
              -64.1472572,
              -31.3381173,
              0.0
            ],
            [
              -64.1472451,
              -31.3371615,
              0.0
            ],
            [
              -64.1472178,
              -31.3349911,
              0.0
            ],
            [
              -64.147217,
              -31.3349272,
              0.0
            ],
            [
              -64.1471869,
              -31.3317472,
              0.0
            ],
            [
              -64.1471568,
              -31.3284371,
              0.0
            ],
            [
              -64.1471467,
              -31.3275472,
              0.0
            ],
            [
              -64.1470964,
              -31.320487,
              0.0
            ],
            [
              -64.1471274,
              -31.3204778,
              0.0
            ],
            [
              -64.1474371,
              -31.3095971,
              0.0
            ]
          ]
        ]
      }
    },
    {
      "type": "Feature",
      "properties": {
        "gid": 50,
        "distrito": 4,
        "provincia": "Córdoba",
        "departamen": "Capital",
        "cabecera": "Córdoba",
        "circuito": "010F",
        "indec_p": 14,
        "indec_d": 14
      },
      "geometry": {
        "type": "Polygon",
        "coordinates": [
          [
            [
              -64.2345812,
              -31.431795,
              0.0
            ],
            [
              -64.2350312,
              -31.4318249,
              0.0
            ],
            [
              -64.2357493,
              -31.4318839,
              0.0
            ],
            [
              -64.2358813,
              -31.4318949,
              0.0
            ],
            [
              -64.2369813,
              -31.4319649,
              0.0
            ],
            [
              -64.2375413,
              -31.4320049,
              0.0
            ],
            [
              -64.2380603,
              -31.4320279,
              0.0
            ],
            [
              -64.2382114,
              -31.4320348,
              0.0
            ],
            [
              -64.2390614,
              -31.4321049,
              0.0
            ],
            [
              -64.2393714,
              -31.4321148,
              0.0
            ],
            [
              -64.2401914,
              -31.4321749,
              0.0
            ],
            [
              -64.2405814,
              -31.4322049,
              0.0
            ],
            [
              -64.2413614,
              -31.4322548,
              0.0
            ],
            [
              -64.2417815,
              -31.4322849,
              0.0
            ],
            [
              -64.2426115,
              -31.4323449,
              0.0
            ],
            [
              -64.2427715,
              -31.4328249,
              0.0
            ],
            [
              -64.2427614,
              -31.4334449,
              0.0
            ],
            [
              -64.2427515,
              -31.4338249,
              0.0
            ],
            [
              -64.2427415,
              -31.4344849,
              0.0
            ],
            [
              -64.2427215,
              -31.4348449,
              0.0
            ],
            [
              -64.2427114,
              -31.4356249,
              0.0
            ],
            [
              -64.2427014,
              -31.4359049,
              0.0
            ],
            [
              -64.2426914,
              -31.436775,
              0.0
            ],
            [
              -64.2426714,
              -31.4375749,
              0.0
            ],
            [
              -64.2426613,
              -31.438205,
              0.0
            ],
            [
              -64.2426513,
              -31.438975,
              0.0
            ],
            [
              -64.2426613,
              -31.4391449,
              0.0
            ],
            [
              -64.2426513,
              -31.439735,
              0.0
            ],
            [
              -64.2426513,
              -31.440235,
              0.0
            ],
            [
              -64.2426512,
              -31.440535,
              0.0
            ],
            [
              -64.2426412,
              -31.440875,
              0.0
            ],
            [
              -64.2426513,
              -31.441285,
              0.0
            ],
            [
              -64.2426212,
              -31.442455,
              0.0
            ],
            [
              -64.2426512,
              -31.4441851,
              0.0
            ],
            [
              -64.2426412,
              -31.4446451,
              0.0
            ],
            [
              -64.2426512,
              -31.4451551,
              0.0
            ],
            [
              -64.2426711,
              -31.445675,
              0.0
            ],
            [
              -64.2426712,
              -31.446085,
              0.0
            ],
            [
              -64.2426912,
              -31.4472351,
              0.0
            ],
            [
              -64.2427311,
              -31.4483751,
              0.0
            ],
            [
              -64.2427511,
              -31.4494951,
              0.0
            ],
            [
              -64.2427511,
              -31.4506251,
              0.0
            ],
            [
              -64.2427411,
              -31.4514852,
              0.0
            ],
            [
              -64.2427381,
              -31.4515082,
              0.0
            ],
            [
              -64.2365329,
              -31.4511821,
              0.0
            ],
            [
              -64.2354698,
              -31.4511312,
              0.0
            ],
            [
              -64.2348258,
              -31.4510392,
              0.0
            ],
            [
              -64.2341258,
              -31.4509542,
              0.0
            ],
            [
              -64.2332148,
              -31.4506943,
              0.0
            ],
            [
              -64.2320529,
              -31.4502756,
              0.0
            ],
            [
              -64.232056,
              -31.4499597,
              0.0
            ],
            [
              -64.2321358,
              -31.4457155,
              0.0
            ],
            [
              -64.2321108,
              -31.4457152,
              0.0
            ],
            [
              -64.2321308,
              -31.4448852,
              0.0
            ],
            [
              -64.2321408,
              -31.4441553,
              0.0
            ],
            [
              -64.2321508,
              -31.4434701,
              0.0
            ],
            [
              -64.2316989,
              -31.4434638,
              0.0
            ],
            [
              -64.2317025,
              -31.4420662,
              0.0
            ],
            [
              -64.2315809,
              -31.4417087,
              0.0
            ],
            [
              -64.231206,
              -31.4411857,
              0.0
            ],
            [
              -64.2307008,
              -31.4405952,
              0.0
            ],
            [
              -64.2306896,
              -31.4406074,
              0.0
            ],
            [
              -64.2299753,
              -31.4396097,
              0.0
            ],
            [
              -64.2293018,
              -31.4385887,
              0.0
            ],
            [
              -64.2292087,
              -31.4380815,
              0.0
            ],
            [
              -64.2292989,
              -31.4373789,
              0.0
            ],
            [
              -64.2294571,
              -31.4367153,
              0.0
            ],
            [
              -64.2294309,
              -31.4367153,
              0.0
            ],
            [
              -64.2294109,
              -31.4365154,
              0.0
            ],
            [
              -64.2294309,
              -31.4364873,
              0.0
            ],
            [
              -64.2291402,
              -31.4349134,
              0.0
            ],
            [
              -64.2289973,
              -31.4338654,
              0.0
            ],
            [
              -64.2288697,
              -31.4329301,
              0.0
            ],
            [
              -64.2286568,
              -31.4319814,
              0.0
            ],
            [
              -64.2285797,
              -31.4313948,
              0.0
            ],
            [
              -64.228881,
              -31.4314153,
              0.0
            ],
            [
              -64.2296511,
              -31.4314652,
              0.0
            ],
            [
              -64.230231,
              -31.4315052,
              0.0
            ],
            [
              -64.2304711,
              -31.4315152,
              0.0
            ],
            [
              -64.2311211,
              -31.4315551,
              0.0
            ],
            [
              -64.2315211,
              -31.4315851,
              0.0
            ],
            [
              -64.2317111,
              -31.4316051,
              0.0
            ],
            [
              -64.2322911,
              -31.4316451,
              0.0
            ],
            [
              -64.2333812,
              -31.431715,
              0.0
            ],
            [
              -64.2337812,
              -31.431745,
              0.0
            ],
            [
              -64.2345812,
              -31.431795,
              0.0
            ]
          ]
        ]
      }
    },
    {
      "type": "Feature",
      "properties": {
        "gid": 51,
        "distrito": 4,
        "provincia": "Córdoba",
        "departamen": "Capital",
        "cabecera": "Córdoba",
        "circuito": "010G",
        "indec_p": 14,
        "indec_d": 14
      },
      "geometry": {
        "type": "Polygon",
        "coordinates": [
          [
            [
              -64.2083496,
              -31.4191485,
              0.0
            ],
            [
              -64.2085396,
              -31.4197984,
              0.0
            ],
            [
              -64.2087297,
              -31.4204085,
              0.0
            ],
            [
              -64.2089098,
              -31.4211284,
              0.0
            ],
            [
              -64.2090397,
              -31.4217384,
              0.0
            ],
            [
              -64.2091598,
              -31.4222884,
              0.0
            ],
            [
              -64.2092798,
              -31.4228484,
              0.0
            ],
            [
              -64.2093998,
              -31.4234383,
              0.0
            ],
            [
              -64.2095299,
              -31.4240883,
              0.0
            ],
            [
              -64.2096699,
              -31.4247483,
              0.0
            ],
            [
              -64.20982,
              -31.4253983,
              0.0
            ],
            [
              -64.2099,
              -31.4257582,
              0.0
            ],
            [
              -64.21,
              -31.4261883,
              0.0
            ],
            [
              -64.21015,
              -31.4268682,
              0.0
            ],
            [
              -64.2104001,
              -31.4275482,
              0.0
            ],
            [
              -64.2104067,
              -31.4275579,
              0.0
            ],
            [
              -64.2107872,
              -31.4291312,
              0.0
            ],
            [
              -64.2107852,
              -31.4291332,
              0.0
            ],
            [
              -64.2107572,
              -31.4293012,
              0.0
            ],
            [
              -64.2106095,
              -31.4293078,
              0.0
            ],
            [
              -64.210601,
              -31.4292895,
              0.0
            ],
            [
              -64.2103407,
              -31.4290959,
              0.0
            ],
            [
              -64.2095822,
              -31.428461,
              0.0
            ],
            [
              -64.20928,
              -31.4282577,
              0.0
            ],
            [
              -64.2087373,
              -31.4279335,
              0.0
            ],
            [
              -64.2082123,
              -31.4277906,
              0.0
            ],
            [
              -64.2082101,
              -31.4277905,
              0.0
            ],
            [
              -64.20821,
              -31.4277887,
              0.0
            ],
            [
              -64.2073899,
              -31.4277687,
              0.0
            ],
            [
              -64.20641,
              -31.4280085,
              0.0
            ],
            [
              -64.2064098,
              -31.4280079,
              0.0
            ],
            [
              -64.204539,
              -31.4284641,
              0.0
            ],
            [
              -64.20454,
              -31.4284681,
              0.0
            ],
            [
              -64.20389,
              -31.428528,
              0.0
            ],
            [
              -64.2031499,
              -31.4285978,
              0.0
            ],
            [
              -64.2023399,
              -31.4286577,
              0.0
            ],
            [
              -64.20141,
              -31.4287374,
              0.0
            ],
            [
              -64.1999399,
              -31.4288672,
              0.0
            ],
            [
              -64.1986398,
              -31.4286369,
              0.0
            ],
            [
              -64.1976898,
              -31.4283568,
              0.0
            ],
            [
              -64.1967598,
              -31.4279356,
              0.0
            ],
            [
              -64.1952798,
              -31.4272064,
              0.0
            ],
            [
              -64.1949197,
              -31.4269264,
              0.0
            ],
            [
              -64.1949127,
              -31.4269243,
              0.0
            ],
            [
              -64.1946582,
              -31.4270031,
              0.0
            ],
            [
              -64.1945844,
              -31.4268369,
              0.0
            ],
            [
              -64.1937349,
              -31.4263687,
              0.0
            ],
            [
              -64.1924484,
              -31.4267232,
              0.0
            ],
            [
              -64.1922696,
              -31.426306,
              0.0
            ],
            [
              -64.1915097,
              -31.4265459,
              0.0
            ],
            [
              -64.1912296,
              -31.4258159,
              0.0
            ],
            [
              -64.1907395,
              -31.4245858,
              0.0
            ],
            [
              -64.1902995,
              -31.4234757,
              0.0
            ],
            [
              -64.1898295,
              -31.4222857,
              0.0
            ],
            [
              -64.1893693,
              -31.4211755,
              0.0
            ],
            [
              -64.1889793,
              -31.4202255,
              0.0
            ],
            [
              -64.1888893,
              -31.4200154,
              0.0
            ],
            [
              -64.1882692,
              -31.4185054,
              0.0
            ],
            [
              -64.1896792,
              -31.4181255,
              0.0
            ],
            [
              -64.1898793,
              -31.4185656,
              0.0
            ],
            [
              -64.1899592,
              -31.4182955,
              0.0
            ],
            [
              -64.1900193,
              -31.4181055,
              0.0
            ],
            [
              -64.1903492,
              -31.4180056,
              0.0
            ],
            [
              -64.1909392,
              -31.4178556,
              0.0
            ],
            [
              -64.1922393,
              -31.4174657,
              0.0
            ],
            [
              -64.1935393,
              -31.4170759,
              0.0
            ],
            [
              -64.1935486,
              -31.4170732,
              0.0
            ],
            [
              -64.1942093,
              -31.4168759,
              0.0
            ],
            [
              -64.1943113,
              -31.4168457,
              0.0
            ],
            [
              -64.1947371,
              -31.4167306,
              0.0
            ],
            [
              -64.1948532,
              -31.4166991,
              0.0
            ],
            [
              -64.1953848,
              -31.4165555,
              0.0
            ],
            [
              -64.1961343,
              -31.4162199,
              0.0
            ],
            [
              -64.1961293,
              -31.4162062,
              0.0
            ],
            [
              -64.1965493,
              -31.4160662,
              0.0
            ],
            [
              -64.1975194,
              -31.4157765,
              0.0
            ],
            [
              -64.1975179,
              -31.4157726,
              0.0
            ],
            [
              -64.1988109,
              -31.415401,
              0.0
            ],
            [
              -64.1988168,
              -31.4153993,
              0.0
            ],
            [
              -64.2001948,
              -31.4148565,
              0.0
            ],
            [
              -64.201435,
              -31.4145415,
              0.0
            ],
            [
              -64.2014293,
              -31.414517,
              0.0
            ],
            [
              -64.2020693,
              -31.4141572,
              0.0
            ],
            [
              -64.2026493,
              -31.4138473,
              0.0
            ],
            [
              -64.2036594,
              -31.4133275,
              0.0
            ],
            [
              -64.2042593,
              -31.4131076,
              0.0
            ],
            [
              -64.2050494,
              -31.4128477,
              0.0
            ],
            [
              -64.2063593,
              -31.412418,
              0.0
            ],
            [
              -64.2065394,
              -31.4129381,
              0.0
            ],
            [
              -64.2067694,
              -31.4136981,
              0.0
            ],
            [
              -64.2069594,
              -31.4144182,
              0.0
            ],
            [
              -64.2071595,
              -31.4151383,
              0.0
            ],
            [
              -64.2072195,
              -31.4153983,
              0.0
            ],
            [
              -64.2074095,
              -31.4160283,
              0.0
            ],
            [
              -64.2077696,
              -31.4169785,
              0.0
            ],
            [
              -64.2077895,
              -31.4173484,
              0.0
            ],
            [
              -64.2079895,
              -31.4179886,
              0.0
            ],
            [
              -64.2081696,
              -31.4185786,
              0.0
            ],
            [
              -64.2083496,
              -31.4191485,
              0.0
            ]
          ]
        ]
      }
    },
    {
      "type": "Feature",
      "properties": {
        "gid": 52,
        "distrito": 4,
        "provincia": "Córdoba",
        "departamen": "Capital",
        "cabecera": "Córdoba",
        "circuito": "010H",
        "indec_p": 14,
        "indec_d": 14
      },
      "geometry": {
        "type": "Polygon",
        "coordinates": [
          [
            [
              -64.2265809,
              -31.4312756,
              0.0
            ],
            [
              -64.227161,
              -31.4313055,
              0.0
            ],
            [
              -64.2273509,
              -31.4313255,
              0.0
            ],
            [
              -64.227941,
              -31.4313654,
              0.0
            ],
            [
              -64.228151,
              -31.4313654,
              0.0
            ],
            [
              -64.2285797,
              -31.4313948,
              0.0
            ],
            [
              -64.2286568,
              -31.4319814,
              0.0
            ],
            [
              -64.2288697,
              -31.4329301,
              0.0
            ],
            [
              -64.2289973,
              -31.4338654,
              0.0
            ],
            [
              -64.2291402,
              -31.4349134,
              0.0
            ],
            [
              -64.2294309,
              -31.4364873,
              0.0
            ],
            [
              -64.2294109,
              -31.4365154,
              0.0
            ],
            [
              -64.2294309,
              -31.4367153,
              0.0
            ],
            [
              -64.2294571,
              -31.4367153,
              0.0
            ],
            [
              -64.2292989,
              -31.4373789,
              0.0
            ],
            [
              -64.2292087,
              -31.4380815,
              0.0
            ],
            [
              -64.2293018,
              -31.4385887,
              0.0
            ],
            [
              -64.2299753,
              -31.4396097,
              0.0
            ],
            [
              -64.2306896,
              -31.4406074,
              0.0
            ],
            [
              -64.2307008,
              -31.4405952,
              0.0
            ],
            [
              -64.231206,
              -31.4411857,
              0.0
            ],
            [
              -64.2315809,
              -31.4417087,
              0.0
            ],
            [
              -64.2317025,
              -31.4420662,
              0.0
            ],
            [
              -64.2316989,
              -31.4434638,
              0.0
            ],
            [
              -64.2321508,
              -31.4434701,
              0.0
            ],
            [
              -64.2321408,
              -31.4441553,
              0.0
            ],
            [
              -64.2321308,
              -31.4448852,
              0.0
            ],
            [
              -64.2321108,
              -31.4457152,
              0.0
            ],
            [
              -64.2321358,
              -31.4457155,
              0.0
            ],
            [
              -64.232056,
              -31.4499597,
              0.0
            ],
            [
              -64.2320529,
              -31.4502756,
              0.0
            ],
            [
              -64.2290337,
              -31.4491875,
              0.0
            ],
            [
              -64.2277336,
              -31.4487546,
              0.0
            ],
            [
              -64.2267045,
              -31.4484687,
              0.0
            ],
            [
              -64.2237444,
              -31.4479401,
              0.0
            ],
            [
              -64.2194993,
              -31.4468597,
              0.0
            ],
            [
              -64.2163631,
              -31.4461912,
              0.0
            ],
            [
              -64.2156171,
              -31.4460013,
              0.0
            ],
            [
              -64.2153901,
              -31.4458673,
              0.0
            ],
            [
              -64.2151701,
              -31.4450474,
              0.0
            ],
            [
              -64.2151,
              -31.4447774,
              0.0
            ],
            [
              -64.21496,
              -31.4442774,
              0.0
            ],
            [
              -64.21475,
              -31.4434474,
              0.0
            ],
            [
              -64.2147,
              -31.4432474,
              0.0
            ],
            [
              -64.21458,
              -31.4428275,
              0.0
            ],
            [
              -64.2144401,
              -31.4423075,
              0.0
            ],
            [
              -64.2142801,
              -31.4416875,
              0.0
            ],
            [
              -64.2141701,
              -31.4412875,
              0.0
            ],
            [
              -64.2141101,
              -31.4410475,
              0.0
            ],
            [
              -64.2140401,
              -31.4408076,
              0.0
            ],
            [
              -64.2138101,
              -31.4398276,
              0.0
            ],
            [
              -64.2136701,
              -31.4392876,
              0.0
            ],
            [
              -64.2136167,
              -31.4390475,
              0.0
            ],
            [
              -64.2126576,
              -31.4354226,
              0.0
            ],
            [
              -64.2126601,
              -31.4354178,
              0.0
            ],
            [
              -64.2125601,
              -31.4350478,
              0.0
            ],
            [
              -64.2124101,
              -31.4345278,
              0.0
            ],
            [
              -64.2122302,
              -31.4338079,
              0.0
            ],
            [
              -64.2120502,
              -31.4331679,
              0.0
            ],
            [
              -64.2119302,
              -31.4326579,
              0.0
            ],
            [
              -64.2118502,
              -31.4323679,
              0.0
            ],
            [
              -64.2117802,
              -31.4321079,
              0.0
            ],
            [
              -64.2116102,
              -31.431468,
              0.0
            ],
            [
              -64.2112702,
              -31.4301581,
              0.0
            ],
            [
              -64.2120133,
              -31.4303059,
              0.0
            ],
            [
              -64.2135403,
              -31.4303776,
              0.0
            ],
            [
              -64.2141204,
              -31.4304274,
              0.0
            ],
            [
              -64.2145404,
              -31.4304574,
              0.0
            ],
            [
              -64.2148904,
              -31.4304773,
              0.0
            ],
            [
              -64.2156804,
              -31.4305472,
              0.0
            ],
            [
              -64.2164705,
              -31.430597,
              0.0
            ],
            [
              -64.2176505,
              -31.4306868,
              0.0
            ],
            [
              -64.2183906,
              -31.4307467,
              0.0
            ],
            [
              -64.2196706,
              -31.4308165,
              0.0
            ],
            [
              -64.2198907,
              -31.4308364,
              0.0
            ],
            [
              -64.2203907,
              -31.4308663,
              0.0
            ],
            [
              -64.2208007,
              -31.4308962,
              0.0
            ],
            [
              -64.2211307,
              -31.4309162,
              0.0
            ],
            [
              -64.2218007,
              -31.4309561,
              0.0
            ],
            [
              -64.2226707,
              -31.431016,
              0.0
            ],
            [
              -64.2231508,
              -31.431046,
              0.0
            ],
            [
              -64.2234108,
              -31.4310659,
              0.0
            ],
            [
              -64.2240009,
              -31.4311058,
              0.0
            ],
            [
              -64.2242708,
              -31.4311258,
              0.0
            ],
            [
              -64.2249408,
              -31.4311657,
              0.0
            ],
            [
              -64.2257408,
              -31.4312256,
              0.0
            ],
            [
              -64.2265809,
              -31.4312756,
              0.0
            ]
          ]
        ]
      }
    },
    {
      "type": "Feature",
      "properties": {
        "gid": 53,
        "distrito": 4,
        "provincia": "Córdoba",
        "departamen": "Capital",
        "cabecera": "Córdoba",
        "circuito": "010I",
        "indec_p": 14,
        "indec_d": 14
      },
      "geometry": {
        "type": "Polygon",
        "coordinates": [
          [
            [
              -64.2166915,
              -31.4643754,
              0.0
            ],
            [
              -64.20301,
              -31.4659391,
              0.0
            ],
            [
              -64.2029521,
              -31.4657039,
              0.0
            ],
            [
              -64.2023416,
              -31.4632258,
              0.0
            ],
            [
              -64.2023494,
              -31.4632083,
              0.0
            ],
            [
              -64.2023094,
              -31.4628283,
              0.0
            ],
            [
              -64.2019694,
              -31.4616382,
              0.0
            ],
            [
              -64.2016094,
              -31.4604281,
              0.0
            ],
            [
              -64.2012294,
              -31.459168,
              0.0
            ],
            [
              -64.2011394,
              -31.458888,
              0.0
            ],
            [
              -64.2007494,
              -31.4576379,
              0.0
            ],
            [
              -64.2007494,
              -31.4571678,
              0.0
            ],
            [
              -64.2034494,
              -31.4566284,
              0.0
            ],
            [
              -64.2040695,
              -31.4564985,
              0.0
            ],
            [
              -64.2046394,
              -31.4563886,
              0.0
            ],
            [
              -64.2050895,
              -31.4563087,
              0.0
            ],
            [
              -64.2052795,
              -31.4562788,
              0.0
            ],
            [
              -64.2059595,
              -31.456149,
              0.0
            ],
            [
              -64.2066395,
              -31.456019,
              0.0
            ],
            [
              -64.2072895,
              -31.4559092,
              0.0
            ],
            [
              -64.2079526,
              -31.4557731,
              0.0
            ],
            [
              -64.2086095,
              -31.4556589,
              0.0
            ],
            [
              -64.2091196,
              -31.4571288,
              0.0
            ],
            [
              -64.2098497,
              -31.4569986,
              0.0
            ],
            [
              -64.2113297,
              -31.4566984,
              0.0
            ],
            [
              -64.2128998,
              -31.456388,
              0.0
            ],
            [
              -64.2134798,
              -31.4562779,
              0.0
            ],
            [
              -64.2141299,
              -31.4561478,
              0.0
            ],
            [
              -64.2145699,
              -31.4560577,
              0.0
            ],
            [
              -64.21641,
              -31.4556972,
              0.0
            ],
            [
              -64.217,
              -31.4555772,
              0.0
            ],
            [
              -64.21784,
              -31.455417,
              0.0
            ],
            [
              -64.217835,
              -31.4553967,
              0.0
            ],
            [
              -64.2365514,
              -31.4555986,
              0.0
            ],
            [
              -64.2427281,
              -31.4556654,
              0.0
            ],
            [
              -64.242726,
              -31.4558404,
              0.0
            ],
            [
              -64.242866,
              -31.4643397,
              0.0
            ],
            [
              -64.2407319,
              -31.4642964,
              0.0
            ],
            [
              -64.2384298,
              -31.4642494,
              0.0
            ],
            [
              -64.2378088,
              -31.4642363,
              0.0
            ],
            [
              -64.2371798,
              -31.4642233,
              0.0
            ],
            [
              -64.2364938,
              -31.4642094,
              0.0
            ],
            [
              -64.2357998,
              -31.4641954,
              0.0
            ],
            [
              -64.2350967,
              -31.4641814,
              0.0
            ],
            [
              -64.2344487,
              -31.4641684,
              0.0
            ],
            [
              -64.2334387,
              -31.4641474,
              0.0
            ],
            [
              -64.2332077,
              -31.4641424,
              0.0
            ],
            [
              -64.2329536,
              -31.4641575,
              0.0
            ],
            [
              -64.2312286,
              -31.4640976,
              0.0
            ],
            [
              -64.2293435,
              -31.4640528,
              0.0
            ],
            [
              -64.2275104,
              -31.4639919,
              0.0
            ],
            [
              -64.2272705,
              -31.4639699,
              0.0
            ],
            [
              -64.2264724,
              -31.463963,
              0.0
            ],
            [
              -64.2253554,
              -31.4639311,
              0.0
            ],
            [
              -64.2246023,
              -31.4639101,
              0.0
            ],
            [
              -64.2237453,
              -31.4638863,
              0.0
            ],
            [
              -64.2225972,
              -31.4638534,
              0.0
            ],
            [
              -64.2216782,
              -31.4638265,
              0.0
            ],
            [
              -64.2207081,
              -31.4637996,
              0.0
            ],
            [
              -64.2199441,
              -31.4637778,
              0.0
            ],
            [
              -64.2201801,
              -31.4647668,
              0.0
            ],
            [
              -64.2203201,
              -31.4652567,
              0.0
            ],
            [
              -64.2203482,
              -31.4653517,
              0.0
            ],
            [
              -64.2204941,
              -31.4658608,
              0.0
            ],
            [
              -64.2206192,
              -31.4662937,
              0.0
            ],
            [
              -64.2207871,
              -31.4668787,
              0.0
            ],
            [
              -64.2209362,
              -31.4673947,
              0.0
            ],
            [
              -64.2210912,
              -31.4679367,
              0.0
            ],
            [
              -64.2192741,
              -31.468414,
              0.0
            ],
            [
              -64.218004,
              -31.4687192,
              0.0
            ],
            [
              -64.217827,
              -31.4681272,
              0.0
            ],
            [
              -64.217665,
              -31.4675902,
              0.0
            ],
            [
              -64.217504,
              -31.4669843,
              0.0
            ],
            [
              -64.217359,
              -31.4664742,
              0.0
            ],
            [
              -64.21719,
              -31.4659373,
              0.0
            ],
            [
              -64.21697,
              -31.4652873,
              0.0
            ],
            [
              -64.2166915,
              -31.4643754,
              0.0
            ]
          ]
        ]
      }
    },
    {
      "type": "Feature",
      "properties": {
        "gid": 54,
        "distrito": 4,
        "provincia": "Córdoba",
        "departamen": "Capital",
        "cabecera": "Córdoba",
        "circuito": "010J",
        "indec_p": 14,
        "indec_d": 14
      },
      "geometry": {
        "type": "Polygon",
        "coordinates": [
          [
            [
              -64.2230834,
              -31.4760976,
              0.0
            ],
            [
              -64.2229573,
              -31.4755425,
              0.0
            ],
            [
              -64.2227193,
              -31.4754746,
              0.0
            ],
            [
              -64.2225743,
              -31.4753506,
              0.0
            ],
            [
              -64.2224683,
              -31.4750126,
              0.0
            ],
            [
              -64.2224293,
              -31.4747986,
              0.0
            ],
            [
              -64.2224153,
              -31.4746297,
              0.0
            ],
            [
              -64.2224682,
              -31.4744036,
              0.0
            ],
            [
              -64.2226403,
              -31.4743136,
              0.0
            ],
            [
              -64.2225133,
              -31.4737756,
              0.0
            ],
            [
              -64.2224978,
              -31.473778,
              0.0
            ],
            [
              -64.22194,
              -31.4714353,
              0.0
            ],
            [
              -64.2213814,
              -31.4690895,
              0.0
            ],
            [
              -64.2213742,
              -31.4690907,
              0.0
            ],
            [
              -64.2210912,
              -31.4679367,
              0.0
            ],
            [
              -64.2209362,
              -31.4673947,
              0.0
            ],
            [
              -64.2207871,
              -31.4668787,
              0.0
            ],
            [
              -64.2206192,
              -31.4662937,
              0.0
            ],
            [
              -64.2204941,
              -31.4658608,
              0.0
            ],
            [
              -64.2203482,
              -31.4653517,
              0.0
            ],
            [
              -64.2203201,
              -31.4652567,
              0.0
            ],
            [
              -64.2201801,
              -31.4647668,
              0.0
            ],
            [
              -64.2199441,
              -31.4637778,
              0.0
            ],
            [
              -64.2207081,
              -31.4637996,
              0.0
            ],
            [
              -64.2216782,
              -31.4638265,
              0.0
            ],
            [
              -64.2225972,
              -31.4638534,
              0.0
            ],
            [
              -64.2237453,
              -31.4638863,
              0.0
            ],
            [
              -64.2246023,
              -31.4639101,
              0.0
            ],
            [
              -64.2253554,
              -31.4639311,
              0.0
            ],
            [
              -64.2264724,
              -31.463963,
              0.0
            ],
            [
              -64.2272705,
              -31.4639699,
              0.0
            ],
            [
              -64.2275104,
              -31.4639919,
              0.0
            ],
            [
              -64.2282114,
              -31.4645688,
              0.0
            ],
            [
              -64.2294576,
              -31.4655928,
              0.0
            ],
            [
              -64.2296175,
              -31.4657248,
              0.0
            ],
            [
              -64.2308436,
              -31.4667317,
              0.0
            ],
            [
              -64.2309546,
              -31.4668226,
              0.0
            ],
            [
              -64.2313647,
              -31.4671606,
              0.0
            ],
            [
              -64.2325237,
              -31.4681126,
              0.0
            ],
            [
              -64.2326457,
              -31.4682136,
              0.0
            ],
            [
              -64.2333317,
              -31.4687766,
              0.0
            ],
            [
              -64.2335197,
              -31.4689316,
              0.0
            ],
            [
              -64.2348727,
              -31.4700435,
              0.0
            ],
            [
              -64.2353178,
              -31.4704085,
              0.0
            ],
            [
              -64.2356998,
              -31.4707235,
              0.0
            ],
            [
              -64.2364199,
              -31.4713145,
              0.0
            ],
            [
              -64.2381868,
              -31.4727665,
              0.0
            ],
            [
              -64.2383149,
              -31.4726325,
              0.0
            ],
            [
              -64.2385319,
              -31.4725785,
              0.0
            ],
            [
              -64.2387819,
              -31.4726595,
              0.0
            ],
            [
              -64.2389169,
              -31.4729145,
              0.0
            ],
            [
              -64.241489,
              -31.4729396,
              0.0
            ],
            [
              -64.2427921,
              -31.4729515,
              0.0
            ],
            [
              -64.2427915,
              -31.473012,
              0.0
            ],
            [
              -64.2585757,
              -31.4732939,
              0.0
            ],
            [
              -64.258302,
              -31.4820252,
              0.0
            ],
            [
              -64.2581875,
              -31.4820221,
              0.0
            ],
            [
              -64.2578938,
              -31.489729,
              0.0
            ],
            [
              -64.2577708,
              -31.4929583,
              0.0
            ],
            [
              -64.2580695,
              -31.4979608,
              0.0
            ],
            [
              -64.2580002,
              -31.4979625,
              0.0
            ],
            [
              -64.2471046,
              -31.4868392,
              0.0
            ],
            [
              -64.2463423,
              -31.486166,
              0.0
            ],
            [
              -64.2454313,
              -31.4853599,
              0.0
            ],
            [
              -64.2444713,
              -31.4845108,
              0.0
            ],
            [
              -64.2431772,
              -31.4833668,
              0.0
            ],
            [
              -64.2424411,
              -31.4825468,
              0.0
            ],
            [
              -64.2419632,
              -31.4821227,
              0.0
            ],
            [
              -64.2418511,
              -31.4820237,
              0.0
            ],
            [
              -64.2417181,
              -31.4820197,
              0.0
            ],
            [
              -64.2414941,
              -31.4817887,
              0.0
            ],
            [
              -64.2412721,
              -31.4815717,
              0.0
            ],
            [
              -64.2410941,
              -31.4815667,
              0.0
            ],
            [
              -64.2398261,
              -31.4815326,
              0.0
            ],
            [
              -64.238673,
              -31.4815027,
              0.0
            ],
            [
              -64.2372449,
              -31.4814646,
              0.0
            ],
            [
              -64.2356839,
              -31.4814227,
              0.0
            ],
            [
              -64.2340668,
              -31.4813798,
              0.0
            ],
            [
              -64.2326348,
              -31.4813418,
              0.0
            ],
            [
              -64.2311877,
              -31.4813039,
              0.0
            ],
            [
              -64.2291796,
              -31.4812501,
              0.0
            ],
            [
              -64.2279126,
              -31.4812171,
              0.0
            ],
            [
              -64.2267646,
              -31.4811863,
              0.0
            ],
            [
              -64.2265575,
              -31.4811803,
              0.0
            ],
            [
              -64.2258355,
              -31.4811613,
              0.0
            ],
            [
              -64.2250755,
              -31.4811415,
              0.0
            ],
            [
              -64.2243042,
              -31.481121,
              0.0
            ],
            [
              -64.2242864,
              -31.4811205,
              0.0
            ],
            [
              -64.2241994,
              -31.4807605,
              0.0
            ],
            [
              -64.2239244,
              -31.4796095,
              0.0
            ],
            [
              -64.223907,
              -31.4796093,
              0.0
            ],
            [
              -64.2236428,
              -31.4784823,
              0.0
            ],
            [
              -64.2233563,
              -31.4772604,
              0.0
            ],
            [
              -64.2233614,
              -31.4772595,
              0.0
            ],
            [
              -64.2230834,
              -31.4760976,
              0.0
            ]
          ]
        ]
      }
    },
    {
      "type": "Feature",
      "properties": {
        "gid": 56,
        "distrito": 4,
        "provincia": "Córdoba",
        "departamen": "Capital",
        "cabecera": "Córdoba",
        "circuito": "010L",
        "indec_p": 14,
        "indec_d": 14
      },
      "geometry": {
        "type": "Polygon",
        "coordinates": [
          [
            [
              -64.218004,
              -31.4687192,
              0.0
            ],
            [
              -64.2192741,
              -31.468414,
              0.0
            ],
            [
              -64.2210912,
              -31.4679367,
              0.0
            ],
            [
              -64.2213742,
              -31.4690907,
              0.0
            ],
            [
              -64.2213814,
              -31.4690895,
              0.0
            ],
            [
              -64.22194,
              -31.4714353,
              0.0
            ],
            [
              -64.2224978,
              -31.473778,
              0.0
            ],
            [
              -64.2225133,
              -31.4737756,
              0.0
            ],
            [
              -64.2226403,
              -31.4743136,
              0.0
            ],
            [
              -64.2224682,
              -31.4744036,
              0.0
            ],
            [
              -64.2224153,
              -31.4746297,
              0.0
            ],
            [
              -64.2224293,
              -31.4747986,
              0.0
            ],
            [
              -64.2224683,
              -31.4750126,
              0.0
            ],
            [
              -64.2225743,
              -31.4753506,
              0.0
            ],
            [
              -64.2227193,
              -31.4754746,
              0.0
            ],
            [
              -64.2229573,
              -31.4755425,
              0.0
            ],
            [
              -64.2230834,
              -31.4760976,
              0.0
            ],
            [
              -64.2233614,
              -31.4772595,
              0.0
            ],
            [
              -64.2233563,
              -31.4772604,
              0.0
            ],
            [
              -64.2236428,
              -31.4784823,
              0.0
            ],
            [
              -64.223907,
              -31.4796093,
              0.0
            ],
            [
              -64.2239244,
              -31.4796095,
              0.0
            ],
            [
              -64.2241994,
              -31.4807605,
              0.0
            ],
            [
              -64.2242864,
              -31.4811205,
              0.0
            ],
            [
              -64.2243042,
              -31.481121,
              0.0
            ],
            [
              -64.2245745,
              -31.4822287,
              0.0
            ],
            [
              -64.2169677,
              -31.4819519,
              0.0
            ],
            [
              -64.2169672,
              -31.4819826,
              0.0
            ],
            [
              -64.214712,
              -31.481838,
              0.0
            ],
            [
              -64.214105,
              -31.4818201,
              0.0
            ],
            [
              -64.2134879,
              -31.4818022,
              0.0
            ],
            [
              -64.2128239,
              -31.4817824,
              0.0
            ],
            [
              -64.2122129,
              -31.4817635,
              0.0
            ],
            [
              -64.2115968,
              -31.4817456,
              0.0
            ],
            [
              -64.2109998,
              -31.4817287,
              0.0
            ],
            [
              -64.2107038,
              -31.4817198,
              0.0
            ],
            [
              -64.2095527,
              -31.4816861,
              0.0
            ],
            [
              -64.2093298,
              -31.4816791,
              0.0
            ],
            [
              -64.2091127,
              -31.4816722,
              0.0
            ],
            [
              -64.2087957,
              -31.4808143,
              0.0
            ],
            [
              -64.2085997,
              -31.4802852,
              0.0
            ],
            [
              -64.2084177,
              -31.4797933,
              0.0
            ],
            [
              -64.2078776,
              -31.4797794,
              0.0
            ],
            [
              -64.2069455,
              -31.4797547,
              0.0
            ],
            [
              -64.2050615,
              -31.4797052,
              0.0
            ],
            [
              -64.2037555,
              -31.479671,
              0.0
            ],
            [
              -64.2024795,
              -31.4796377,
              0.0
            ],
            [
              -64.2023485,
              -31.4792207,
              0.0
            ],
            [
              -64.2023964,
              -31.4787636,
              0.0
            ],
            [
              -64.2023005,
              -31.4778026,
              0.0
            ],
            [
              -64.2021824,
              -31.4766156,
              0.0
            ],
            [
              -64.2020685,
              -31.4754815,
              0.0
            ],
            [
              -64.2019664,
              -31.4744505,
              0.0
            ],
            [
              -64.2036348,
              -31.4729064,
              0.0
            ],
            [
              -64.2044984,
              -31.4720118,
              0.0
            ],
            [
              -64.2044718,
              -31.4715579,
              0.0
            ],
            [
              -64.2044586,
              -31.471508,
              0.0
            ],
            [
              -64.2032878,
              -31.4670667,
              0.0
            ],
            [
              -64.20301,
              -31.4659391,
              0.0
            ],
            [
              -64.2166915,
              -31.4643754,
              0.0
            ],
            [
              -64.21697,
              -31.4652873,
              0.0
            ],
            [
              -64.21719,
              -31.4659373,
              0.0
            ],
            [
              -64.217359,
              -31.4664742,
              0.0
            ],
            [
              -64.217504,
              -31.4669843,
              0.0
            ],
            [
              -64.217665,
              -31.4675902,
              0.0
            ],
            [
              -64.217827,
              -31.4681272,
              0.0
            ],
            [
              -64.218004,
              -31.4687192,
              0.0
            ]
          ]
        ]
      }
    },
    {
      "type": "Feature",
      "properties": {
        "gid": 57,
        "distrito": 4,
        "provincia": "Córdoba",
        "departamen": "Capital",
        "cabecera": "Córdoba",
        "circuito": "0011",
        "indec_p": 14,
        "indec_d": 14
      },
      "geometry": {
        "type": "Polygon",
        "coordinates": [
          [
            [
              -64.2615417,
              -31.4204264,
              0.0
            ],
            [
              -64.2625217,
              -31.4204365,
              0.0
            ],
            [
              -64.2638017,
              -31.4204488,
              0.0
            ],
            [
              -64.2646216,
              -31.4204569,
              0.0
            ],
            [
              -64.2654117,
              -31.420457,
              0.0
            ],
            [
              -64.2655817,
              -31.4204571,
              0.0
            ],
            [
              -64.2661017,
              -31.4204572,
              0.0
            ],
            [
              -64.2663617,
              -31.4204673,
              0.0
            ],
            [
              -64.2668317,
              -31.4204773,
              0.0
            ],
            [
              -64.2674017,
              -31.4204774,
              0.0
            ],
            [
              -64.2676817,
              -31.4204775,
              0.0
            ],
            [
              -64.2684717,
              -31.4204877,
              0.0
            ],
            [
              -64.2694117,
              -31.4204979,
              0.0
            ],
            [
              -64.2694116,
              -31.4205166,
              0.0
            ],
            [
              -64.2727655,
              -31.4205239,
              0.0
            ],
            [
              -64.2825023,
              -31.4205434,
              0.0
            ],
            [
              -64.2825024,
              -31.4205458,
              0.0
            ],
            [
              -64.2829124,
              -31.4205558,
              0.0
            ],
            [
              -64.2839824,
              -31.4205656,
              0.0
            ],
            [
              -64.2850324,
              -31.4205654,
              0.0
            ],
            [
              -64.2850325,
              -31.4204355,
              0.0
            ],
            [
              -64.2865926,
              -31.4204152,
              0.0
            ],
            [
              -64.2880226,
              -31.4204051,
              0.0
            ],
            [
              -64.2884626,
              -31.420405,
              0.0
            ],
            [
              -64.2894827,
              -31.4203849,
              0.0
            ],
            [
              -64.2894826,
              -31.4194549,
              0.0
            ],
            [
              -64.2894626,
              -31.4185749,
              0.0
            ],
            [
              -64.2906026,
              -31.4185447,
              0.0
            ],
            [
              -64.2924337,
              -31.4185866,
              0.0
            ],
            [
              -64.2924347,
              -31.418606,
              0.0
            ],
            [
              -64.3172715,
              -31.418054,
              0.0
            ],
            [
              -64.3173157,
              -31.42163,
              0.0
            ],
            [
              -64.3173593,
              -31.4251578,
              0.0
            ],
            [
              -64.3175077,
              -31.437174,
              0.0
            ],
            [
              -64.2928343,
              -31.4355649,
              0.0
            ],
            [
              -64.2615825,
              -31.4335223,
              0.0
            ],
            [
              -64.2615819,
              -31.4335367,
              0.0
            ],
            [
              -64.2527217,
              -31.4329855,
              0.0
            ],
            [
              -64.2527418,
              -31.4318655,
              0.0
            ],
            [
              -64.2527518,
              -31.4307754,
              0.0
            ],
            [
              -64.2527618,
              -31.4297255,
              0.0
            ],
            [
              -64.2527618,
              -31.4287054,
              0.0
            ],
            [
              -64.2527817,
              -31.4276454,
              0.0
            ],
            [
              -64.2528017,
              -31.4266154,
              0.0
            ],
            [
              -64.2528317,
              -31.4256153,
              0.0
            ],
            [
              -64.2528516,
              -31.4246653,
              0.0
            ],
            [
              -64.2528916,
              -31.4235153,
              0.0
            ],
            [
              -64.2529025,
              -31.4224503,
              0.0
            ],
            [
              -64.2529215,
              -31.4213952,
              0.0
            ],
            [
              -64.2529314,
              -31.4202052,
              0.0
            ],
            [
              -64.2557115,
              -31.4202955,
              0.0
            ],
            [
              -64.2569315,
              -31.4203357,
              0.0
            ],
            [
              -64.2580116,
              -31.4203758,
              0.0
            ],
            [
              -64.2591916,
              -31.420406,
              0.0
            ],
            [
              -64.2603516,
              -31.4204061,
              0.0
            ],
            [
              -64.2615417,
              -31.4204264,
              0.0
            ]
          ]
        ]
      }
    },
    {
      "type": "Feature",
      "properties": {
        "gid": 103,
        "distrito": 4,
        "provincia": "Córdoba",
        "departamen": "Capital",
        "cabecera": "Córdoba",
        "circuito": "014K",
        "indec_p": 14,
        "indec_d": 14
      },
      "geometry": {
        "type": "Polygon",
        "coordinates": [
          [
            [
              -64.2886232,
              -31.3078721,
              0.0
            ],
            [
              -64.2886512,
              -31.308763,
              0.0
            ],
            [
              -64.2886812,
              -31.309813,
              0.0
            ],
            [
              -64.2887012,
              -31.310653,
              0.0
            ],
            [
              -64.2887313,
              -31.311603,
              0.0
            ],
            [
              -64.2887713,
              -31.3131631,
              0.0
            ],
            [
              -64.2887713,
              -31.3134031,
              0.0
            ],
            [
              -64.2887913,
              -31.314073,
              0.0
            ],
            [
              -64.2888013,
              -31.3142531,
              0.0
            ],
            [
              -64.2888213,
              -31.3151531,
              0.0
            ],
            [
              -64.2888413,
              -31.3161132,
              0.0
            ],
            [
              -64.2888614,
              -31.3169032,
              0.0
            ],
            [
              -64.2888714,
              -31.3171832,
              0.0
            ],
            [
              -64.2888714,
              -31.3177831,
              0.0
            ],
            [
              -64.2888914,
              -31.3181831,
              0.0
            ],
            [
              -64.2889014,
              -31.3186432,
              0.0
            ],
            [
              -64.2889014,
              -31.3191831,
              0.0
            ],
            [
              -64.2889215,
              -31.3195232,
              0.0
            ],
            [
              -64.2877414,
              -31.3195633,
              0.0
            ],
            [
              -64.2867213,
              -31.3195835,
              0.0
            ],
            [
              -64.2851913,
              -31.3196337,
              0.0
            ],
            [
              -64.2838113,
              -31.3196539,
              0.0
            ],
            [
              -64.2829712,
              -31.319294,
              0.0
            ],
            [
              -64.2828978,
              -31.3192622,
              0.0
            ],
            [
              -64.2816311,
              -31.3187142,
              0.0
            ],
            [
              -64.280261,
              -31.3181245,
              0.0
            ],
            [
              -64.2777709,
              -31.317055,
              0.0
            ],
            [
              -64.2759308,
              -31.3162654,
              0.0
            ],
            [
              -64.2751207,
              -31.3159156,
              0.0
            ],
            [
              -64.2756207,
              -31.3152354,
              0.0
            ],
            [
              -64.2764807,
              -31.3140152,
              0.0
            ],
            [
              -64.2773507,
              -31.312835,
              0.0
            ],
            [
              -64.2781608,
              -31.3117048,
              0.0
            ],
            [
              -64.2790208,
              -31.3105046,
              0.0
            ],
            [
              -64.2794808,
              -31.3098445,
              0.0
            ],
            [
              -64.2796408,
              -31.3096245,
              0.0
            ],
            [
              -64.2798608,
              -31.3092944,
              0.0
            ],
            [
              -64.2806243,
              -31.308218,
              0.0
            ],
            [
              -64.2808456,
              -31.3082425,
              0.0
            ],
            [
              -64.2812935,
              -31.3082922,
              0.0
            ],
            [
              -64.2847972,
              -31.3073508,
              0.0
            ],
            [
              -64.2871969,
              -31.3077057,
              0.0
            ],
            [
              -64.2886166,
              -31.3078714,
              0.0
            ],
            [
              -64.2886184,
              -31.3078716,
              0.0
            ],
            [
              -64.2886232,
              -31.3078721,
              0.0
            ]
          ]
        ]
      }
    },
    {
      "type": "Feature",
      "properties": {
        "gid": 58,
        "distrito": 4,
        "provincia": "Córdoba",
        "departamen": "Capital",
        "cabecera": "Córdoba",
        "circuito": "011A",
        "indec_p": 14,
        "indec_d": 14
      },
      "geometry": {
        "type": "Polygon",
        "coordinates": [
          [
            [
              -64.22373,
              -31.4068654,
              0.0
            ],
            [
              -64.2225999,
              -31.4072555,
              0.0
            ],
            [
              -64.2215299,
              -31.4076257,
              0.0
            ],
            [
              -64.2205499,
              -31.4079558,
              0.0
            ],
            [
              -64.2204998,
              -31.4078358,
              0.0
            ],
            [
              -64.2192898,
              -31.408216,
              0.0
            ],
            [
              -64.2190698,
              -31.4082761,
              0.0
            ],
            [
              -64.2181998,
              -31.4085562,
              0.0
            ],
            [
              -64.2177797,
              -31.4086863,
              0.0
            ],
            [
              -64.2170397,
              -31.4089164,
              0.0
            ],
            [
              -64.2165497,
              -31.4090665,
              0.0
            ],
            [
              -64.2158797,
              -31.4092867,
              0.0
            ],
            [
              -64.2147297,
              -31.4096469,
              0.0
            ],
            [
              -64.2136095,
              -31.4099971,
              0.0
            ],
            [
              -64.2131095,
              -31.4101573,
              0.0
            ],
            [
              -64.2126296,
              -31.4103073,
              0.0
            ],
            [
              -64.2119395,
              -31.4105275,
              0.0
            ],
            [
              -64.2114195,
              -31.4106977,
              0.0
            ],
            [
              -64.2110595,
              -31.4108077,
              0.0
            ],
            [
              -64.2102995,
              -31.4110479,
              0.0
            ],
            [
              -64.2098794,
              -31.4100979,
              0.0
            ],
            [
              -64.2094693,
              -31.409148,
              0.0
            ],
            [
              -64.2090293,
              -31.4081781,
              0.0
            ],
            [
              -64.2086092,
              -31.4071582,
              0.0
            ],
            [
              -64.2084392,
              -31.4067783,
              0.0
            ],
            [
              -64.2081792,
              -31.4061982,
              0.0
            ],
            [
              -64.2077692,
              -31.4050981,
              0.0
            ],
            [
              -64.2075591,
              -31.4045981,
              0.0
            ],
            [
              -64.2073791,
              -31.404188,
              0.0
            ],
            [
              -64.2071791,
              -31.403688,
              0.0
            ],
            [
              -64.2069691,
              -31.4031879,
              0.0
            ],
            [
              -64.2067691,
              -31.4027178,
              0.0
            ],
            [
              -64.2065691,
              -31.4021978,
              0.0
            ],
            [
              -64.2065683,
              -31.4021959,
              0.0
            ],
            [
              -64.205035,
              -31.4029312,
              0.0
            ],
            [
              -64.2052943,
              -31.4020653,
              0.0
            ],
            [
              -64.2050868,
              -31.4013412,
              0.0
            ],
            [
              -64.205147,
              -31.400507,
              0.0
            ],
            [
              -64.2049461,
              -31.3999321,
              0.0
            ],
            [
              -64.2045804,
              -31.3988857,
              0.0
            ],
            [
              -64.2044067,
              -31.3987124,
              0.0
            ],
            [
              -64.2040545,
              -31.3986125,
              0.0
            ],
            [
              -64.2030368,
              -31.398085,
              0.0
            ],
            [
              -64.2027389,
              -31.3975769,
              0.0
            ],
            [
              -64.2025889,
              -31.3970268,
              0.0
            ],
            [
              -64.2029689,
              -31.3969169,
              0.0
            ],
            [
              -64.2029089,
              -31.3963668,
              0.0
            ],
            [
              -64.2028399,
              -31.3953468,
              0.0
            ],
            [
              -64.2033089,
              -31.3943468,
              0.0
            ],
            [
              -64.2039308,
              -31.393552,
              0.0
            ],
            [
              -64.2043589,
              -31.39312,
              0.0
            ],
            [
              -64.2052158,
              -31.3926212,
              0.0
            ],
            [
              -64.2058829,
              -31.3921084,
              0.0
            ],
            [
              -64.2067039,
              -31.3917946,
              0.0
            ],
            [
              -64.2076378,
              -31.3915298,
              0.0
            ],
            [
              -64.2086569,
              -31.3914089,
              0.0
            ],
            [
              -64.2093359,
              -31.3914088,
              0.0
            ],
            [
              -64.2105539,
              -31.3913595,
              0.0
            ],
            [
              -64.211318,
              -31.3915293,
              0.0
            ],
            [
              -64.2124911,
              -31.3917761,
              0.0
            ],
            [
              -64.2127481,
              -31.391904,
              0.0
            ],
            [
              -64.2135852,
              -31.3922488,
              0.0
            ],
            [
              -64.2145213,
              -31.3928016,
              0.0
            ],
            [
              -64.2152773,
              -31.3933545,
              0.0
            ],
            [
              -64.2159973,
              -31.3937843,
              0.0
            ],
            [
              -64.2171134,
              -31.3943382,
              0.0
            ],
            [
              -64.2181935,
              -31.39486,
              0.0
            ],
            [
              -64.2191295,
              -31.3951058,
              0.0
            ],
            [
              -64.2199926,
              -31.3951357,
              0.0
            ],
            [
              -64.2208566,
              -31.3949825,
              0.0
            ],
            [
              -64.2218286,
              -31.3948284,
              0.0
            ],
            [
              -64.2226817,
              -31.3946142,
              0.0
            ],
            [
              -64.2230197,
              -31.3957852,
              0.0
            ],
            [
              -64.2234197,
              -31.3967252,
              0.0
            ],
            [
              -64.2237797,
              -31.3975352,
              0.0
            ],
            [
              -64.2238798,
              -31.3977851,
              0.0
            ],
            [
              -64.2242398,
              -31.3986551,
              0.0
            ],
            [
              -64.2246499,
              -31.3996651,
              0.0
            ],
            [
              -64.2248598,
              -31.400185,
              0.0
            ],
            [
              -64.2250899,
              -31.4007251,
              0.0
            ],
            [
              -64.2251998,
              -31.4009851,
              0.0
            ],
            [
              -64.2253499,
              -31.401315,
              0.0
            ],
            [
              -64.2255099,
              -31.401685,
              0.0
            ],
            [
              -64.2257199,
              -31.402165,
              0.0
            ],
            [
              -64.2258999,
              -31.402565,
              0.0
            ],
            [
              -64.22615,
              -31.403125,
              0.0
            ],
            [
              -64.22642,
              -31.403735,
              0.0
            ],
            [
              -64.22677,
              -31.4045249,
              0.0
            ],
            [
              -64.2273001,
              -31.4056849,
              0.0
            ],
            [
              -64.2270001,
              -31.4057349,
              0.0
            ],
            [
              -64.22592,
              -31.406105,
              0.0
            ],
            [
              -64.22558,
              -31.4062251,
              0.0
            ],
            [
              -64.22489,
              -31.4064552,
              0.0
            ],
            [
              -64.22471,
              -31.4065152,
              0.0
            ],
            [
              -64.22392,
              -31.4067853,
              0.0
            ],
            [
              -64.22373,
              -31.4068654,
              0.0
            ]
          ]
        ]
      }
    },
    {
      "type": "Feature",
      "properties": {
        "gid": 59,
        "distrito": 4,
        "provincia": "Córdoba",
        "departamen": "Capital",
        "cabecera": "Córdoba",
        "circuito": "011B",
        "indec_p": 14,
        "indec_d": 14
      },
      "geometry": {
        "type": "Polygon",
        "coordinates": [
          [
            [
              -64.2724861,
              -31.4021906,
              0.0
            ],
            [
              -64.2695112,
              -31.4021374,
              0.0
            ],
            [
              -64.2695112,
              -31.4020474,
              0.0
            ],
            [
              -64.2693612,
              -31.4015773,
              0.0
            ],
            [
              -64.2692312,
              -31.4013673,
              0.0
            ],
            [
              -64.269228,
              -31.401362,
              0.0
            ],
            [
              -64.2690411,
              -31.4010473,
              0.0
            ],
            [
              -64.2685912,
              -31.4006472,
              0.0
            ],
            [
              -64.2685011,
              -31.4005171,
              0.0
            ],
            [
              -64.2680911,
              -31.3997451,
              0.0
            ],
            [
              -64.2678411,
              -31.399127,
              0.0
            ],
            [
              -64.2677411,
              -31.398757,
              0.0
            ],
            [
              -64.267671,
              -31.3984969,
              0.0
            ],
            [
              -64.2675011,
              -31.3978968,
              0.0
            ],
            [
              -64.267221,
              -31.3971668,
              0.0
            ],
            [
              -64.267091,
              -31.3969868,
              0.0
            ],
            [
              -64.266731,
              -31.3961967,
              0.0
            ],
            [
              -64.266651,
              -31.3960367,
              0.0
            ],
            [
              -64.266601,
              -31.3957166,
              0.0
            ],
            [
              -64.2667297,
              -31.3952218,
              0.0
            ],
            [
              -64.2667311,
              -31.3952167,
              0.0
            ],
            [
              -64.2667545,
              -31.3952166,
              0.0
            ],
            [
              -64.2654565,
              -31.3943317,
              0.0
            ],
            [
              -64.265581,
              -31.3942263,
              0.0
            ],
            [
              -64.265661,
              -31.3938464,
              0.0
            ],
            [
              -64.265731,
              -31.3930664,
              0.0
            ],
            [
              -64.2656509,
              -31.3924063,
              0.0
            ],
            [
              -64.265401,
              -31.3916263,
              0.0
            ],
            [
              -64.2651109,
              -31.3911062,
              0.0
            ],
            [
              -64.2640509,
              -31.389226,
              0.0
            ],
            [
              -64.2624809,
              -31.3865256,
              0.0
            ],
            [
              -64.2618708,
              -31.3857055,
              0.0
            ],
            [
              -64.2611008,
              -31.3842653,
              0.0
            ],
            [
              -64.2604608,
              -31.3832753,
              0.0
            ],
            [
              -64.2565906,
              -31.3788746,
              0.0
            ],
            [
              -64.2552106,
              -31.3775545,
              0.0
            ],
            [
              -64.2546753,
              -31.3770108,
              0.0
            ],
            [
              -64.2543762,
              -31.3762918,
              0.0
            ],
            [
              -64.2536166,
              -31.3747353,
              0.0
            ],
            [
              -64.2521611,
              -31.3721352,
              0.0
            ],
            [
              -64.2529546,
              -31.3726871,
              0.0
            ],
            [
              -64.2566077,
              -31.3736895,
              0.0
            ],
            [
              -64.2592457,
              -31.3735019,
              0.0
            ],
            [
              -64.2607118,
              -31.3727511,
              0.0
            ],
            [
              -64.2621779,
              -31.3693713,
              0.0
            ],
            [
              -64.2627639,
              -31.3654903,
              0.0
            ],
            [
              -64.2625449,
              -31.3638002,
              0.0
            ],
            [
              -64.2613718,
              -31.362298,
              0.0
            ],
            [
              -64.2601259,
              -31.3613587,
              0.0
            ],
            [
              -64.2594659,
              -31.3602327,
              0.0
            ],
            [
              -64.2598329,
              -31.3587297,
              0.0
            ],
            [
              -64.2608589,
              -31.3581039,
              0.0
            ],
            [
              -64.262032,
              -31.357791,
              0.0
            ],
            [
              -64.264157,
              -31.3562274,
              0.0
            ],
            [
              -64.2659891,
              -31.3547877,
              0.0
            ],
            [
              -64.2676762,
              -31.3531599,
              0.0
            ],
            [
              -64.2687392,
              -31.3523781,
              0.0
            ],
            [
              -64.2693012,
              -31.3522983,
              0.0
            ],
            [
              -64.2682931,
              -31.3551778,
              0.0
            ],
            [
              -64.268194,
              -31.3571304,
              0.0
            ],
            [
              -64.2683026,
              -31.3581088,
              0.0
            ],
            [
              -64.2689743,
              -31.3594207,
              0.0
            ],
            [
              -64.2717028,
              -31.362389,
              0.0
            ],
            [
              -64.2881072,
              -31.3627132,
              0.0
            ],
            [
              -64.2881069,
              -31.3627071,
              0.0
            ],
            [
              -64.3104827,
              -31.3626932,
              0.0
            ],
            [
              -64.3105665,
              -31.3626363,
              0.0
            ],
            [
              -64.3172569,
              -31.3628098,
              0.0
            ],
            [
              -64.3172531,
              -31.363449,
              0.0
            ],
            [
              -64.3171423,
              -31.382089,
              0.0
            ],
            [
              -64.3171259,
              -31.3848417,
              0.0
            ],
            [
              -64.3171203,
              -31.3857952,
              0.0
            ],
            [
              -64.3171151,
              -31.3866693,
              0.0
            ],
            [
              -64.3170491,
              -31.3977766,
              0.0
            ],
            [
              -64.3170399,
              -31.39933,
              0.0
            ],
            [
              -64.3170438,
              -31.3996486,
              0.0
            ],
            [
              -64.3170553,
              -31.4005757,
              0.0
            ],
            [
              -64.3170677,
              -31.4015788,
              0.0
            ],
            [
              -64.3170882,
              -31.403242,
              0.0
            ],
            [
              -64.3170882,
              -31.4032422,
              0.0
            ],
            [
              -64.3170908,
              -31.4034483,
              0.0
            ],
            [
              -64.3171022,
              -31.4043704,
              0.0
            ],
            [
              -64.3171388,
              -31.4073303,
              0.0
            ],
            [
              -64.3171628,
              -31.4092708,
              0.0
            ],
            [
              -64.3171876,
              -31.4112745,
              0.0
            ],
            [
              -64.3171894,
              -31.4114269,
              0.0
            ],
            [
              -64.3172291,
              -31.4146268,
              0.0
            ],
            [
              -64.3172316,
              -31.4148323,
              0.0
            ],
            [
              -64.3172427,
              -31.4157293,
              0.0
            ],
            [
              -64.3172426,
              -31.4157297,
              0.0
            ],
            [
              -64.3172702,
              -31.4179554,
              0.0
            ],
            [
              -64.3172715,
              -31.418054,
              0.0
            ],
            [
              -64.2924347,
              -31.418606,
              0.0
            ],
            [
              -64.2924337,
              -31.4185866,
              0.0
            ],
            [
              -64.2906026,
              -31.4185447,
              0.0
            ],
            [
              -64.2894626,
              -31.4185749,
              0.0
            ],
            [
              -64.2894826,
              -31.4194549,
              0.0
            ],
            [
              -64.2894827,
              -31.4203849,
              0.0
            ],
            [
              -64.2884626,
              -31.420405,
              0.0
            ],
            [
              -64.2880226,
              -31.4204051,
              0.0
            ],
            [
              -64.2865926,
              -31.4204152,
              0.0
            ],
            [
              -64.2850325,
              -31.4204355,
              0.0
            ],
            [
              -64.2850324,
              -31.4205654,
              0.0
            ],
            [
              -64.2839824,
              -31.4205656,
              0.0
            ],
            [
              -64.2829124,
              -31.4205558,
              0.0
            ],
            [
              -64.2825024,
              -31.4205458,
              0.0
            ],
            [
              -64.2825023,
              -31.4205434,
              0.0
            ],
            [
              -64.2727655,
              -31.4205239,
              0.0
            ],
            [
              -64.2725883,
              -31.4088996,
              0.0
            ],
            [
              -64.2724861,
              -31.4021906,
              0.0
            ]
          ]
        ]
      }
    },
    {
      "type": "Feature",
      "properties": {
        "gid": 60,
        "distrito": 4,
        "provincia": "Córdoba",
        "departamen": "Capital",
        "cabecera": "Córdoba",
        "circuito": "011C",
        "indec_p": 14,
        "indec_d": 14
      },
      "geometry": {
        "type": "Polygon",
        "coordinates": [
          [
            [
              -64.22751,
              -31.3998648,
              0.0
            ],
            [
              -64.22742,
              -31.3994348,
              0.0
            ],
            [
              -64.2272199,
              -31.3987747,
              0.0
            ],
            [
              -64.2270199,
              -31.3980748,
              0.0
            ],
            [
              -64.2268999,
              -31.3976247,
              0.0
            ],
            [
              -64.2268198,
              -31.3973448,
              0.0
            ],
            [
              -64.2267199,
              -31.3970348,
              0.0
            ],
            [
              -64.2265599,
              -31.3964448,
              0.0
            ],
            [
              -64.2276799,
              -31.3962047,
              0.0
            ],
            [
              -64.2276777,
              -31.3961973,
              0.0
            ],
            [
              -64.228409,
              -31.3960417,
              0.0
            ],
            [
              -64.228408,
              -31.3960382,
              0.0
            ],
            [
              -64.2296986,
              -31.3957605,
              0.0
            ],
            [
              -64.2296999,
              -31.3957645,
              0.0
            ],
            [
              -64.23071,
              -31.3955544,
              0.0
            ],
            [
              -64.23107,
              -31.3954843,
              0.0
            ],
            [
              -64.2312601,
              -31.3954444,
              0.0
            ],
            [
              -64.2312776,
              -31.3954585,
              0.0
            ],
            [
              -64.2328814,
              -31.3950934,
              0.0
            ],
            [
              -64.2335369,
              -31.3979656,
              0.0
            ],
            [
              -64.2355403,
              -31.3973142,
              0.0
            ],
            [
              -64.2371403,
              -31.3967941,
              0.0
            ],
            [
              -64.2371378,
              -31.3967888,
              0.0
            ],
            [
              -64.2393755,
              -31.3960769,
              0.0
            ],
            [
              -64.2394218,
              -31.3960669,
              0.0
            ],
            [
              -64.2405953,
              -31.3958143,
              0.0
            ],
            [
              -64.2414728,
              -31.3957569,
              0.0
            ],
            [
              -64.2418461,
              -31.3964338,
              0.0
            ],
            [
              -64.2418491,
              -31.3964327,
              0.0
            ],
            [
              -64.2423885,
              -31.3974105,
              0.0
            ],
            [
              -64.2433605,
              -31.3994141,
              0.0
            ],
            [
              -64.2437806,
              -31.4002842,
              0.0
            ],
            [
              -64.2442906,
              -31.4013142,
              0.0
            ],
            [
              -64.2452007,
              -31.4032343,
              0.0
            ],
            [
              -64.2457408,
              -31.4043543,
              0.0
            ],
            [
              -64.2438437,
              -31.4052534,
              0.0
            ],
            [
              -64.2434553,
              -31.4063759,
              0.0
            ],
            [
              -64.2438259,
              -31.4076821,
              0.0
            ],
            [
              -64.2439274,
              -31.4083698,
              0.0
            ],
            [
              -64.2440915,
              -31.4090404,
              0.0
            ],
            [
              -64.2445607,
              -31.4095192,
              0.0
            ],
            [
              -64.2450471,
              -31.4113842,
              0.0
            ],
            [
              -64.2450409,
              -31.4113845,
              0.0
            ],
            [
              -64.2442409,
              -31.4114244,
              0.0
            ],
            [
              -64.2435209,
              -31.4114544,
              0.0
            ],
            [
              -64.2427908,
              -31.4114843,
              0.0
            ],
            [
              -64.2404248,
              -31.4115234,
              0.0
            ],
            [
              -64.2395388,
              -31.4115373,
              0.0
            ],
            [
              -64.2384607,
              -31.4115544,
              0.0
            ],
            [
              -64.2370106,
              -31.4111544,
              0.0
            ],
            [
              -64.2355806,
              -31.4114244,
              0.0
            ],
            [
              -64.2349306,
              -31.4115545,
              0.0
            ],
            [
              -64.2345905,
              -31.4116145,
              0.0
            ],
            [
              -64.2340505,
              -31.4117245,
              0.0
            ],
            [
              -64.2334305,
              -31.4118346,
              0.0
            ],
            [
              -64.2323705,
              -31.4120446,
              0.0
            ],
            [
              -64.2317804,
              -31.4121546,
              0.0
            ],
            [
              -64.2308905,
              -31.4123247,
              0.0
            ],
            [
              -64.2307404,
              -31.4117547,
              0.0
            ],
            [
              -64.2305904,
              -31.4112247,
              0.0
            ],
            [
              -64.2304603,
              -31.4107147,
              0.0
            ],
            [
              -64.2302703,
              -31.4100447,
              0.0
            ],
            [
              -64.2300203,
              -31.4090747,
              0.0
            ],
            [
              -64.2296302,
              -31.4075847,
              0.0
            ],
            [
              -64.2295303,
              -31.4071848,
              0.0
            ],
            [
              -64.2293802,
              -31.4065948,
              0.0
            ],
            [
              -64.2290802,
              -31.4054548,
              0.0
            ],
            [
              -64.2288902,
              -31.4054448,
              0.0
            ],
            [
              -64.2282302,
              -31.4055548,
              0.0
            ],
            [
              -64.2278801,
              -31.4056149,
              0.0
            ],
            [
              -64.2275901,
              -31.4056649,
              0.0
            ],
            [
              -64.2273001,
              -31.4056849,
              0.0
            ],
            [
              -64.22677,
              -31.4045249,
              0.0
            ],
            [
              -64.22642,
              -31.403735,
              0.0
            ],
            [
              -64.22615,
              -31.403125,
              0.0
            ],
            [
              -64.2258999,
              -31.402565,
              0.0
            ],
            [
              -64.2257199,
              -31.402165,
              0.0
            ],
            [
              -64.2255099,
              -31.401685,
              0.0
            ],
            [
              -64.2253499,
              -31.401315,
              0.0
            ],
            [
              -64.2251998,
              -31.4009851,
              0.0
            ],
            [
              -64.2250899,
              -31.4007251,
              0.0
            ],
            [
              -64.2256899,
              -31.400465,
              0.0
            ],
            [
              -64.2265099,
              -31.4001949,
              0.0
            ],
            [
              -64.22751,
              -31.3998648,
              0.0
            ]
          ]
        ]
      }
    },
    {
      "type": "Feature",
      "properties": {
        "gid": 61,
        "distrito": 4,
        "provincia": "Córdoba",
        "departamen": "Capital",
        "cabecera": "Córdoba",
        "circuito": "011D",
        "indec_p": 14,
        "indec_d": 14
      },
      "geometry": {
        "type": "Polygon",
        "coordinates": [
          [
            [
              -64.2278506,
              -31.4216252,
              0.0
            ],
            [
              -64.2280107,
              -31.4222452,
              0.0
            ],
            [
              -64.2281107,
              -31.4226452,
              0.0
            ],
            [
              -64.2282307,
              -31.4231052,
              0.0
            ],
            [
              -64.2284508,
              -31.4240452,
              0.0
            ],
            [
              -64.2287908,
              -31.4253552,
              0.0
            ],
            [
              -64.2288809,
              -31.4256852,
              0.0
            ],
            [
              -64.2289209,
              -31.4258452,
              0.0
            ],
            [
              -64.229071,
              -31.4263952,
              0.0
            ],
            [
              -64.229271,
              -31.4270752,
              0.0
            ],
            [
              -64.229421,
              -31.4276152,
              0.0
            ],
            [
              -64.2296711,
              -31.4285552,
              0.0
            ],
            [
              -64.2299411,
              -31.4295352,
              0.0
            ],
            [
              -64.2300711,
              -31.4300152,
              0.0
            ],
            [
              -64.2302111,
              -31.4305252,
              0.0
            ],
            [
              -64.2304711,
              -31.4315152,
              0.0
            ],
            [
              -64.230231,
              -31.4315052,
              0.0
            ],
            [
              -64.2296511,
              -31.4314652,
              0.0
            ],
            [
              -64.228881,
              -31.4314153,
              0.0
            ],
            [
              -64.2285797,
              -31.4313948,
              0.0
            ],
            [
              -64.228151,
              -31.4313654,
              0.0
            ],
            [
              -64.227941,
              -31.4313654,
              0.0
            ],
            [
              -64.2273509,
              -31.4313255,
              0.0
            ],
            [
              -64.227161,
              -31.4313055,
              0.0
            ],
            [
              -64.2265809,
              -31.4312756,
              0.0
            ],
            [
              -64.2257408,
              -31.4312256,
              0.0
            ],
            [
              -64.2249408,
              -31.4311657,
              0.0
            ],
            [
              -64.2242708,
              -31.4311258,
              0.0
            ],
            [
              -64.2240009,
              -31.4311058,
              0.0
            ],
            [
              -64.2234108,
              -31.4310659,
              0.0
            ],
            [
              -64.2231508,
              -31.431046,
              0.0
            ],
            [
              -64.2226707,
              -31.431016,
              0.0
            ],
            [
              -64.2218007,
              -31.4309561,
              0.0
            ],
            [
              -64.2211307,
              -31.4309162,
              0.0
            ],
            [
              -64.2208007,
              -31.4308962,
              0.0
            ],
            [
              -64.2203907,
              -31.4308663,
              0.0
            ],
            [
              -64.2198907,
              -31.4308364,
              0.0
            ],
            [
              -64.2196706,
              -31.4308165,
              0.0
            ],
            [
              -64.2183906,
              -31.4307467,
              0.0
            ],
            [
              -64.2176505,
              -31.4306868,
              0.0
            ],
            [
              -64.2164705,
              -31.430597,
              0.0
            ],
            [
              -64.2156804,
              -31.4305472,
              0.0
            ],
            [
              -64.2148904,
              -31.4304773,
              0.0
            ],
            [
              -64.2145404,
              -31.4304574,
              0.0
            ],
            [
              -64.2141204,
              -31.4304274,
              0.0
            ],
            [
              -64.2135403,
              -31.4303776,
              0.0
            ],
            [
              -64.2120133,
              -31.4303059,
              0.0
            ],
            [
              -64.2112702,
              -31.4301581,
              0.0
            ],
            [
              -64.2108902,
              -31.4298282,
              0.0
            ],
            [
              -64.2107712,
              -31.4294201,
              0.0
            ],
            [
              -64.2107572,
              -31.4293012,
              0.0
            ],
            [
              -64.2107852,
              -31.4291332,
              0.0
            ],
            [
              -64.2107872,
              -31.4291312,
              0.0
            ],
            [
              -64.2104067,
              -31.4275579,
              0.0
            ],
            [
              -64.2104001,
              -31.4275482,
              0.0
            ],
            [
              -64.21015,
              -31.4268682,
              0.0
            ],
            [
              -64.21,
              -31.4261883,
              0.0
            ],
            [
              -64.2099,
              -31.4257582,
              0.0
            ],
            [
              -64.20982,
              -31.4253983,
              0.0
            ],
            [
              -64.2096699,
              -31.4247483,
              0.0
            ],
            [
              -64.2095299,
              -31.4240883,
              0.0
            ],
            [
              -64.2093998,
              -31.4234383,
              0.0
            ],
            [
              -64.2092798,
              -31.4228484,
              0.0
            ],
            [
              -64.2091598,
              -31.4222884,
              0.0
            ],
            [
              -64.2104999,
              -31.4220281,
              0.0
            ],
            [
              -64.21185,
              -31.4217777,
              0.0
            ],
            [
              -64.2128799,
              -31.4215676,
              0.0
            ],
            [
              -64.21307,
              -31.4215275,
              0.0
            ],
            [
              -64.21383,
              -31.4213873,
              0.0
            ],
            [
              -64.21475,
              -31.4212071,
              0.0
            ],
            [
              -64.215,
              -31.4211571,
              0.0
            ],
            [
              -64.2155301,
              -31.421057,
              0.0
            ],
            [
              -64.2157801,
              -31.4210169,
              0.0
            ],
            [
              -64.2161601,
              -31.4209468,
              0.0
            ],
            [
              -64.2164601,
              -31.4208867,
              0.0
            ],
            [
              -64.2170302,
              -31.4207767,
              0.0
            ],
            [
              -64.2177702,
              -31.4206465,
              0.0
            ],
            [
              -64.2184502,
              -31.4205064,
              0.0
            ],
            [
              -64.2187002,
              -31.4204564,
              0.0
            ],
            [
              -64.2192403,
              -31.4203463,
              0.0
            ],
            [
              -64.2199603,
              -31.4201962,
              0.0
            ],
            [
              -64.2206203,
              -31.4200561,
              0.0
            ],
            [
              -64.2212803,
              -31.419916,
              0.0
            ],
            [
              -64.2219403,
              -31.4197759,
              0.0
            ],
            [
              -64.2221053,
              -31.4203599,
              0.0
            ],
            [
              -64.2245477,
              -31.4198755,
              0.0
            ],
            [
              -64.227228,
              -31.4193441,
              0.0
            ],
            [
              -64.2273705,
              -31.4198452,
              0.0
            ],
            [
              -64.2274006,
              -31.4199852,
              0.0
            ],
            [
              -64.2276906,
              -31.4210552,
              0.0
            ],
            [
              -64.2278506,
              -31.4216252,
              0.0
            ]
          ]
        ]
      }
    },
    {
      "type": "Feature",
      "properties": {
        "gid": 73,
        "distrito": 4,
        "provincia": "Córdoba",
        "departamen": "Capital",
        "cabecera": "Córdoba",
        "circuito": "012D",
        "indec_p": 14,
        "indec_d": 14
      },
      "geometry": {
        "type": "Polygon",
        "coordinates": [
          [
            [
              -64.127467,
              -31.4599968,
              0.0
            ],
            [
              -64.127337,
              -31.4599967,
              0.0
            ],
            [
              -64.1199668,
              -31.4600062,
              0.0
            ],
            [
              -64.1164082,
              -31.4600061,
              0.0
            ],
            [
              -64.1196283,
              -31.4571052,
              0.0
            ],
            [
              -64.1245774,
              -31.4515497,
              0.0
            ],
            [
              -64.1249749,
              -31.4509379,
              0.0
            ],
            [
              -64.1262173,
              -31.4490261,
              0.0
            ],
            [
              -64.1290622,
              -31.4449799,
              0.0
            ],
            [
              -64.1301912,
              -31.4438115,
              0.0
            ],
            [
              -64.1318096,
              -31.4422337,
              0.0
            ],
            [
              -64.1331989,
              -31.4408792,
              0.0
            ],
            [
              -64.1353775,
              -31.4387551,
              0.0
            ],
            [
              -64.1363645,
              -31.4377927,
              0.0
            ],
            [
              -64.138882,
              -31.4353381,
              0.0
            ],
            [
              -64.1416228,
              -31.4326654,
              0.0
            ],
            [
              -64.1423552,
              -31.4319511,
              0.0
            ],
            [
              -64.1428978,
              -31.4318688,
              0.0
            ],
            [
              -64.1441278,
              -31.4315691,
              0.0
            ],
            [
              -64.1452278,
              -31.4313191,
              0.0
            ],
            [
              -64.145229,
              -31.4313314,
              0.0
            ],
            [
              -64.146423,
              -31.4311068,
              0.0
            ],
            [
              -64.1464957,
              -31.4314984,
              0.0
            ],
            [
              -64.1458979,
              -31.431899,
              0.0
            ],
            [
              -64.1453278,
              -31.4323391,
              0.0
            ],
            [
              -64.1449177,
              -31.4328893,
              0.0
            ],
            [
              -64.1448378,
              -31.4330233,
              0.0
            ],
            [
              -64.1446068,
              -31.4333262,
              0.0
            ],
            [
              -64.1443387,
              -31.4338022,
              0.0
            ],
            [
              -64.1441417,
              -31.4341891,
              0.0
            ],
            [
              -64.1439907,
              -31.4345561,
              0.0
            ],
            [
              -64.1438477,
              -31.4352391,
              0.0
            ],
            [
              -64.1438677,
              -31.4356491,
              0.0
            ],
            [
              -64.1439477,
              -31.4361291,
              0.0
            ],
            [
              -64.1441877,
              -31.4374792,
              0.0
            ],
            [
              -64.1445276,
              -31.4377993,
              0.0
            ],
            [
              -64.1445341,
              -31.4378078,
              0.0
            ],
            [
              -64.1428119,
              -31.4378234,
              0.0
            ],
            [
              -64.1428046,
              -31.439259,
              0.0
            ],
            [
              -64.1427963,
              -31.4408785,
              0.0
            ],
            [
              -64.1428175,
              -31.4408789,
              0.0
            ],
            [
              -64.1439776,
              -31.4408792,
              0.0
            ],
            [
              -64.1439775,
              -31.4412492,
              0.0
            ],
            [
              -64.1451376,
              -31.4412493,
              0.0
            ],
            [
              -64.1464576,
              -31.441239,
              0.0
            ],
            [
              -64.1481977,
              -31.4412286,
              0.0
            ],
            [
              -64.1482578,
              -31.4416786,
              0.0
            ],
            [
              -64.1482177,
              -31.4429985,
              0.0
            ],
            [
              -64.1481977,
              -31.4435786,
              0.0
            ],
            [
              -64.1481977,
              -31.4438886,
              0.0
            ],
            [
              -64.1481677,
              -31.4450886,
              0.0
            ],
            [
              -64.1480876,
              -31.4479286,
              0.0
            ],
            [
              -64.1479676,
              -31.4532587,
              0.0
            ],
            [
              -64.1479376,
              -31.4551788,
              0.0
            ],
            [
              -64.1479075,
              -31.4571288,
              0.0
            ],
            [
              -64.1479275,
              -31.4577488,
              0.0
            ],
            [
              -64.1479475,
              -31.4581588,
              0.0
            ],
            [
              -64.1479975,
              -31.4583888,
              0.0
            ],
            [
              -64.1480575,
              -31.4587688,
              0.0
            ],
            [
              -64.1480375,
              -31.4588788,
              0.0
            ],
            [
              -64.1481975,
              -31.4590687,
              0.0
            ],
            [
              -64.1482975,
              -31.4592588,
              0.0
            ],
            [
              -64.1483975,
              -31.4594488,
              0.0
            ],
            [
              -64.1483875,
              -31.4597987,
              0.0
            ],
            [
              -64.1482575,
              -31.4600488,
              0.0
            ],
            [
              -64.1479675,
              -31.4602488,
              0.0
            ],
            [
              -64.1475075,
              -31.4603089,
              0.0
            ],
            [
              -64.1473975,
              -31.460309,
              0.0
            ],
            [
              -64.1471275,
              -31.4602791,
              0.0
            ],
            [
              -64.1465775,
              -31.4600292,
              0.0
            ],
            [
              -64.1464874,
              -31.4600291,
              0.0
            ],
            [
              -64.1460674,
              -31.4599693,
              0.0
            ],
            [
              -64.1455674,
              -31.4598994,
              0.0
            ],
            [
              -64.1445473,
              -31.4598997,
              0.0
            ],
            [
              -64.1406913,
              -31.4599218,
              0.0
            ],
            [
              -64.1349471,
              -31.4599578,
              0.0
            ],
            [
              -64.1342272,
              -31.4599577,
              0.0
            ],
            [
              -64.1328171,
              -31.4599774,
              0.0
            ],
            [
              -64.1320371,
              -31.4599674,
              0.0
            ],
            [
              -64.1313171,
              -31.4599772,
              0.0
            ],
            [
              -64.1306971,
              -31.4599872,
              0.0
            ],
            [
              -64.128877,
              -31.4599869,
              0.0
            ],
            [
              -64.1274815,
              -31.4599967,
              0.0
            ],
            [
              -64.127467,
              -31.4599968,
              0.0
            ]
          ]
        ]
      }
    },
    {
      "type": "Feature",
      "properties": {
        "gid": 62,
        "distrito": 4,
        "provincia": "Córdoba",
        "departamen": "Capital",
        "cabecera": "Córdoba",
        "circuito": "011E",
        "indec_p": 14,
        "indec_d": 14
      },
      "geometry": {
        "type": "Polygon",
        "coordinates": [
          [
            [
              -64.2378308,
              -31.4142745,
              0.0
            ],
            [
              -64.2380108,
              -31.4149344,
              0.0
            ],
            [
              -64.2381808,
              -31.4155545,
              0.0
            ],
            [
              -64.2383409,
              -31.4161845,
              0.0
            ],
            [
              -64.2384709,
              -31.4166945,
              0.0
            ],
            [
              -64.239151,
              -31.4193045,
              0.0
            ],
            [
              -64.239441,
              -31.4203345,
              0.0
            ],
            [
              -64.2396911,
              -31.4212846,
              0.0
            ],
            [
              -64.2398111,
              -31.4217246,
              0.0
            ],
            [
              -64.2399612,
              -31.4223146,
              0.0
            ],
            [
              -64.2401112,
              -31.4228646,
              0.0
            ],
            [
              -64.2402712,
              -31.4234747,
              0.0
            ],
            [
              -64.2403912,
              -31.4239147,
              0.0
            ],
            [
              -64.2405513,
              -31.4245347,
              0.0
            ],
            [
              -64.2406773,
              -31.4250467,
              0.0
            ],
            [
              -64.2407813,
              -31.4253947,
              0.0
            ],
            [
              -64.2408513,
              -31.4256247,
              0.0
            ],
            [
              -64.2408813,
              -31.4258147,
              0.0
            ],
            [
              -64.2409813,
              -31.4261247,
              0.0
            ],
            [
              -64.2410113,
              -31.4262547,
              0.0
            ],
            [
              -64.2412794,
              -31.4273308,
              0.0
            ],
            [
              -64.2415515,
              -31.4283248,
              0.0
            ],
            [
              -64.2418216,
              -31.4293748,
              0.0
            ],
            [
              -64.2420715,
              -31.4303148,
              0.0
            ],
            [
              -64.2423315,
              -31.4313148,
              0.0
            ],
            [
              -64.2423916,
              -31.4314849,
              0.0
            ],
            [
              -64.2426115,
              -31.4323449,
              0.0
            ],
            [
              -64.2417815,
              -31.4322849,
              0.0
            ],
            [
              -64.2413614,
              -31.4322548,
              0.0
            ],
            [
              -64.2405814,
              -31.4322049,
              0.0
            ],
            [
              -64.2401914,
              -31.4321749,
              0.0
            ],
            [
              -64.2393714,
              -31.4321148,
              0.0
            ],
            [
              -64.2390614,
              -31.4321049,
              0.0
            ],
            [
              -64.2382114,
              -31.4320348,
              0.0
            ],
            [
              -64.2380603,
              -31.4320279,
              0.0
            ],
            [
              -64.2375413,
              -31.4320049,
              0.0
            ],
            [
              -64.2369813,
              -31.4319649,
              0.0
            ],
            [
              -64.2358813,
              -31.4318949,
              0.0
            ],
            [
              -64.2357493,
              -31.4318839,
              0.0
            ],
            [
              -64.2350312,
              -31.4318249,
              0.0
            ],
            [
              -64.2345812,
              -31.431795,
              0.0
            ],
            [
              -64.2337812,
              -31.431745,
              0.0
            ],
            [
              -64.2333812,
              -31.431715,
              0.0
            ],
            [
              -64.2322911,
              -31.4316451,
              0.0
            ],
            [
              -64.2317111,
              -31.4316051,
              0.0
            ],
            [
              -64.2315211,
              -31.4315851,
              0.0
            ],
            [
              -64.2311211,
              -31.4315551,
              0.0
            ],
            [
              -64.2304711,
              -31.4315152,
              0.0
            ],
            [
              -64.2302111,
              -31.4305252,
              0.0
            ],
            [
              -64.2300711,
              -31.4300152,
              0.0
            ],
            [
              -64.2299411,
              -31.4295352,
              0.0
            ],
            [
              -64.2296711,
              -31.4285552,
              0.0
            ],
            [
              -64.229421,
              -31.4276152,
              0.0
            ],
            [
              -64.229271,
              -31.4270752,
              0.0
            ],
            [
              -64.229071,
              -31.4263952,
              0.0
            ],
            [
              -64.2289209,
              -31.4258452,
              0.0
            ],
            [
              -64.2288809,
              -31.4256852,
              0.0
            ],
            [
              -64.2287908,
              -31.4253552,
              0.0
            ],
            [
              -64.2284508,
              -31.4240452,
              0.0
            ],
            [
              -64.2282307,
              -31.4231052,
              0.0
            ],
            [
              -64.2281107,
              -31.4226452,
              0.0
            ],
            [
              -64.2280107,
              -31.4222452,
              0.0
            ],
            [
              -64.2278506,
              -31.4216252,
              0.0
            ],
            [
              -64.2276906,
              -31.4210552,
              0.0
            ],
            [
              -64.2274006,
              -31.4199852,
              0.0
            ],
            [
              -64.2273705,
              -31.4198452,
              0.0
            ],
            [
              -64.227228,
              -31.4193441,
              0.0
            ],
            [
              -64.2270405,
              -31.4186852,
              0.0
            ],
            [
              -64.2267604,
              -31.4175752,
              0.0
            ],
            [
              -64.2264704,
              -31.4164252,
              0.0
            ],
            [
              -64.2264204,
              -31.4162752,
              0.0
            ],
            [
              -64.2262404,
              -31.4155752,
              0.0
            ],
            [
              -64.2260504,
              -31.4148452,
              0.0
            ],
            [
              -64.2259803,
              -31.4146153,
              0.0
            ],
            [
              -64.2258503,
              -31.4141352,
              0.0
            ],
            [
              -64.2256603,
              -31.4133753,
              0.0
            ],
            [
              -64.2269503,
              -31.4131151,
              0.0
            ],
            [
              -64.2282104,
              -31.412855,
              0.0
            ],
            [
              -64.2291204,
              -31.4126748,
              0.0
            ],
            [
              -64.2299704,
              -31.4125048,
              0.0
            ],
            [
              -64.2308905,
              -31.4123247,
              0.0
            ],
            [
              -64.2317804,
              -31.4121546,
              0.0
            ],
            [
              -64.2323705,
              -31.4120446,
              0.0
            ],
            [
              -64.2334305,
              -31.4118346,
              0.0
            ],
            [
              -64.2340505,
              -31.4117245,
              0.0
            ],
            [
              -64.2345905,
              -31.4116145,
              0.0
            ],
            [
              -64.2349306,
              -31.4115545,
              0.0
            ],
            [
              -64.2355806,
              -31.4114244,
              0.0
            ],
            [
              -64.2370106,
              -31.4111544,
              0.0
            ],
            [
              -64.2374907,
              -31.4129645,
              0.0
            ],
            [
              -64.2375407,
              -31.4131645,
              0.0
            ],
            [
              -64.2377007,
              -31.4137644,
              0.0
            ],
            [
              -64.2378308,
              -31.4142745,
              0.0
            ]
          ]
        ]
      }
    },
    {
      "type": "Feature",
      "properties": {
        "gid": 63,
        "distrito": 4,
        "provincia": "Córdoba",
        "departamen": "Capital",
        "cabecera": "Córdoba",
        "circuito": "011F",
        "indec_p": 14,
        "indec_d": 14
      },
      "geometry": {
        "type": "Polygon",
        "coordinates": [
          [
            [
              -64.269228,
              -31.401362,
              0.0
            ],
            [
              -64.2656667,
              -31.4020663,
              0.0
            ],
            [
              -64.2641835,
              -31.4023523,
              0.0
            ],
            [
              -64.260761,
              -31.4029497,
              0.0
            ],
            [
              -64.2593879,
              -31.4029578,
              0.0
            ],
            [
              -64.2587458,
              -31.4029508,
              0.0
            ],
            [
              -64.2546824,
              -31.4049119,
              0.0
            ],
            [
              -64.2537474,
              -31.4057801,
              0.0
            ],
            [
              -64.2515479,
              -31.4063294,
              0.0
            ],
            [
              -64.2502985,
              -31.4066599,
              0.0
            ],
            [
              -64.2493437,
              -31.4071337,
              0.0
            ],
            [
              -64.2485759,
              -31.4077259,
              0.0
            ],
            [
              -64.2478865,
              -31.4084583,
              0.0
            ],
            [
              -64.247162,
              -31.4096305,
              0.0
            ],
            [
              -64.246131,
              -31.4113345,
              0.0
            ],
            [
              -64.2450471,
              -31.4113842,
              0.0
            ],
            [
              -64.2445607,
              -31.4095192,
              0.0
            ],
            [
              -64.2440915,
              -31.4090404,
              0.0
            ],
            [
              -64.2439274,
              -31.4083698,
              0.0
            ],
            [
              -64.2438259,
              -31.4076821,
              0.0
            ],
            [
              -64.2434553,
              -31.4063759,
              0.0
            ],
            [
              -64.2438437,
              -31.4052534,
              0.0
            ],
            [
              -64.2457408,
              -31.4043543,
              0.0
            ],
            [
              -64.2452007,
              -31.4032343,
              0.0
            ],
            [
              -64.2442906,
              -31.4013142,
              0.0
            ],
            [
              -64.2437806,
              -31.4002842,
              0.0
            ],
            [
              -64.2433605,
              -31.3994141,
              0.0
            ],
            [
              -64.2423885,
              -31.3974105,
              0.0
            ],
            [
              -64.2418491,
              -31.3964327,
              0.0
            ],
            [
              -64.2418461,
              -31.3964338,
              0.0
            ],
            [
              -64.2414728,
              -31.3957569,
              0.0
            ],
            [
              -64.2418787,
              -31.3957303,
              0.0
            ],
            [
              -64.2418804,
              -31.3957341,
              0.0
            ],
            [
              -64.2451005,
              -31.3959341,
              0.0
            ],
            [
              -64.2478706,
              -31.3961242,
              0.0
            ],
            [
              -64.2493707,
              -31.3962143,
              0.0
            ],
            [
              -64.2493653,
              -31.3962042,
              0.0
            ],
            [
              -64.2503533,
              -31.3962819,
              0.0
            ],
            [
              -64.2513247,
              -31.3963033,
              0.0
            ],
            [
              -64.2533085,
              -31.3959612,
              0.0
            ],
            [
              -64.2551957,
              -31.3999172,
              0.0
            ],
            [
              -64.2552009,
              -31.3999149,
              0.0
            ],
            [
              -64.2554209,
              -31.3998149,
              0.0
            ],
            [
              -64.2563009,
              -31.399415,
              0.0
            ],
            [
              -64.2573709,
              -31.3988951,
              0.0
            ],
            [
              -64.2585209,
              -31.3983453,
              0.0
            ],
            [
              -64.2595809,
              -31.3978454,
              0.0
            ],
            [
              -64.2593909,
              -31.3974554,
              0.0
            ],
            [
              -64.2591009,
              -31.3968554,
              0.0
            ],
            [
              -64.2588109,
              -31.3962153,
              0.0
            ],
            [
              -64.2585109,
              -31.3955652,
              0.0
            ],
            [
              -64.2582009,
              -31.3949252,
              0.0
            ],
            [
              -64.2579408,
              -31.3943651,
              0.0
            ],
            [
              -64.2579283,
              -31.3943426,
              0.0
            ],
            [
              -64.2628661,
              -31.3943977,
              0.0
            ],
            [
              -64.2644416,
              -31.3948034,
              0.0
            ],
            [
              -64.2644159,
              -31.3948152,
              0.0
            ],
            [
              -64.265391,
              -31.3950764,
              0.0
            ],
            [
              -64.2653772,
              -31.395083,
              0.0
            ],
            [
              -64.2667297,
              -31.3952218,
              0.0
            ],
            [
              -64.266601,
              -31.3957166,
              0.0
            ],
            [
              -64.266651,
              -31.3960367,
              0.0
            ],
            [
              -64.266731,
              -31.3961967,
              0.0
            ],
            [
              -64.267091,
              -31.3969868,
              0.0
            ],
            [
              -64.267221,
              -31.3971668,
              0.0
            ],
            [
              -64.2675011,
              -31.3978968,
              0.0
            ],
            [
              -64.267671,
              -31.3984969,
              0.0
            ],
            [
              -64.2677411,
              -31.398757,
              0.0
            ],
            [
              -64.2678411,
              -31.399127,
              0.0
            ],
            [
              -64.2680911,
              -31.3997451,
              0.0
            ],
            [
              -64.2685011,
              -31.4005171,
              0.0
            ],
            [
              -64.2685912,
              -31.4006472,
              0.0
            ],
            [
              -64.2690411,
              -31.4010473,
              0.0
            ],
            [
              -64.269228,
              -31.401362,
              0.0
            ]
          ]
        ]
      }
    },
    {
      "type": "Feature",
      "properties": {
        "gid": 64,
        "distrito": 4,
        "provincia": "Córdoba",
        "departamen": "Capital",
        "cabecera": "Córdoba",
        "circuito": "011G",
        "indec_p": 14,
        "indec_d": 14
      },
      "geometry": {
        "type": "Polygon",
        "coordinates": [
          [
            [
              -64.2725883,
              -31.4088996,
              0.0
            ],
            [
              -64.2727655,
              -31.4205239,
              0.0
            ],
            [
              -64.2694116,
              -31.4205166,
              0.0
            ],
            [
              -64.2694117,
              -31.4204979,
              0.0
            ],
            [
              -64.2684717,
              -31.4204877,
              0.0
            ],
            [
              -64.2676817,
              -31.4204775,
              0.0
            ],
            [
              -64.2674017,
              -31.4204774,
              0.0
            ],
            [
              -64.2668317,
              -31.4204773,
              0.0
            ],
            [
              -64.2663617,
              -31.4204673,
              0.0
            ],
            [
              -64.2661017,
              -31.4204572,
              0.0
            ],
            [
              -64.2655817,
              -31.4204571,
              0.0
            ],
            [
              -64.2654117,
              -31.420457,
              0.0
            ],
            [
              -64.2646216,
              -31.4204569,
              0.0
            ],
            [
              -64.2638017,
              -31.4204488,
              0.0
            ],
            [
              -64.2625217,
              -31.4204365,
              0.0
            ],
            [
              -64.2615417,
              -31.4204264,
              0.0
            ],
            [
              -64.2603516,
              -31.4204061,
              0.0
            ],
            [
              -64.2591916,
              -31.420406,
              0.0
            ],
            [
              -64.2580116,
              -31.4203758,
              0.0
            ],
            [
              -64.2569315,
              -31.4203357,
              0.0
            ],
            [
              -64.2557115,
              -31.4202955,
              0.0
            ],
            [
              -64.2529314,
              -31.4202052,
              0.0
            ],
            [
              -64.2529314,
              -31.4194652,
              0.0
            ],
            [
              -64.2529474,
              -31.4190282,
              0.0
            ],
            [
              -64.2529814,
              -31.4184551,
              0.0
            ],
            [
              -64.2530314,
              -31.4177331,
              0.0
            ],
            [
              -64.2530513,
              -31.4174351,
              0.0
            ],
            [
              -64.2531413,
              -31.4164751,
              0.0
            ],
            [
              -64.2532513,
              -31.4154951,
              0.0
            ],
            [
              -64.2533912,
              -31.414445,
              0.0
            ],
            [
              -64.2535312,
              -31.4134351,
              0.0
            ],
            [
              -64.2537112,
              -31.4124351,
              0.0
            ],
            [
              -64.2537911,
              -31.4119951,
              0.0
            ],
            [
              -64.2538512,
              -31.4116751,
              0.0
            ],
            [
              -64.2540111,
              -31.4111951,
              0.0
            ],
            [
              -64.2532411,
              -31.411275,
              0.0
            ],
            [
              -64.2525211,
              -31.411375,
              0.0
            ],
            [
              -64.2517011,
              -31.4114749,
              0.0
            ],
            [
              -64.2507611,
              -31.4115448,
              0.0
            ],
            [
              -64.2494611,
              -31.4116447,
              0.0
            ],
            [
              -64.248111,
              -31.4117646,
              0.0
            ],
            [
              -64.247841,
              -31.4117846,
              0.0
            ],
            [
              -64.246131,
              -31.4113345,
              0.0
            ],
            [
              -64.247162,
              -31.4096305,
              0.0
            ],
            [
              -64.2478865,
              -31.4084583,
              0.0
            ],
            [
              -64.2485759,
              -31.4077259,
              0.0
            ],
            [
              -64.2493437,
              -31.4071337,
              0.0
            ],
            [
              -64.2502985,
              -31.4066599,
              0.0
            ],
            [
              -64.2515479,
              -31.4063294,
              0.0
            ],
            [
              -64.2537474,
              -31.4057801,
              0.0
            ],
            [
              -64.2546824,
              -31.4049119,
              0.0
            ],
            [
              -64.2587458,
              -31.4029508,
              0.0
            ],
            [
              -64.2593879,
              -31.4029578,
              0.0
            ],
            [
              -64.260761,
              -31.4029497,
              0.0
            ],
            [
              -64.2641835,
              -31.4023523,
              0.0
            ],
            [
              -64.2656667,
              -31.4020663,
              0.0
            ],
            [
              -64.269228,
              -31.401362,
              0.0
            ],
            [
              -64.2692312,
              -31.4013673,
              0.0
            ],
            [
              -64.2693612,
              -31.4015773,
              0.0
            ],
            [
              -64.2695112,
              -31.4020474,
              0.0
            ],
            [
              -64.2695112,
              -31.4021374,
              0.0
            ],
            [
              -64.2724861,
              -31.4021906,
              0.0
            ],
            [
              -64.2725883,
              -31.4088996,
              0.0
            ]
          ]
        ]
      }
    },
    {
      "type": "Feature",
      "properties": {
        "gid": 91,
        "distrito": 4,
        "provincia": "Córdoba",
        "departamen": "Capital",
        "cabecera": "Córdoba",
        "circuito": "013M",
        "indec_p": 14,
        "indec_d": 14
      },
      "geometry": {
        "type": "Polygon",
        "coordinates": [
          [
            [
              -64.1470447,
              -31.3085764,
              0.0
            ],
            [
              -64.1474371,
              -31.3095971,
              0.0
            ],
            [
              -64.1471274,
              -31.3204778,
              0.0
            ],
            [
              -64.1470964,
              -31.320487,
              0.0
            ],
            [
              -64.1471467,
              -31.3275472,
              0.0
            ],
            [
              -64.1471568,
              -31.3284371,
              0.0
            ],
            [
              -64.1471869,
              -31.3317472,
              0.0
            ],
            [
              -64.147217,
              -31.3349272,
              0.0
            ],
            [
              -64.1472178,
              -31.3349911,
              0.0
            ],
            [
              -64.1472451,
              -31.3371615,
              0.0
            ],
            [
              -64.1472572,
              -31.3381173,
              0.0
            ],
            [
              -64.1471973,
              -31.3410473,
              0.0
            ],
            [
              -64.147247,
              -31.3485274,
              0.0
            ],
            [
              -64.1473169,
              -31.3552074,
              0.0
            ],
            [
              -64.1473269,
              -31.3554675,
              0.0
            ],
            [
              -64.1473568,
              -31.3591875,
              0.0
            ],
            [
              -64.1473488,
              -31.3613655,
              0.0
            ],
            [
              -64.1473469,
              -31.3620025,
              0.0
            ],
            [
              -64.1473468,
              -31.3620276,
              0.0
            ],
            [
              -64.1464467,
              -31.3621377,
              0.0
            ],
            [
              -64.1439167,
              -31.3623273,
              0.0
            ],
            [
              -64.1432967,
              -31.3623671,
              0.0
            ],
            [
              -64.1411766,
              -31.3624867,
              0.0
            ],
            [
              -64.1390566,
              -31.3625763,
              0.0
            ],
            [
              -64.1378166,
              -31.3626361,
              0.0
            ],
            [
              -64.1362065,
              -31.3628758,
              0.0
            ],
            [
              -64.1343965,
              -31.3632956,
              0.0
            ],
            [
              -64.1332314,
              -31.363883,
              0.0
            ],
            [
              -64.1328466,
              -31.3667306,
              0.0
            ],
            [
              -64.1314679,
              -31.3667026,
              0.0
            ],
            [
              -64.1302358,
              -31.3666776,
              0.0
            ],
            [
              -64.1296672,
              -31.366666,
              0.0
            ],
            [
              -64.1225856,
              -31.3665219,
              0.0
            ],
            [
              -64.1182807,
              -31.3664343,
              0.0
            ],
            [
              -64.1177978,
              -31.3594573,
              0.0
            ],
            [
              -64.1189376,
              -31.3568514,
              0.0
            ],
            [
              -64.1208208,
              -31.3525457,
              0.0
            ],
            [
              -64.1237285,
              -31.3458965,
              0.0
            ],
            [
              -64.123733,
              -31.3428726,
              0.0
            ],
            [
              -64.1237787,
              -31.3098828,
              0.0
            ],
            [
              -64.1237992,
              -31.3098817,
              0.0
            ],
            [
              -64.131004,
              -31.3094771,
              0.0
            ],
            [
              -64.1317977,
              -31.3094325,
              0.0
            ],
            [
              -64.1365454,
              -31.3091659,
              0.0
            ],
            [
              -64.1368663,
              -31.3091479,
              0.0
            ],
            [
              -64.1371394,
              -31.3091325,
              0.0
            ],
            [
              -64.1378811,
              -31.3090909,
              0.0
            ],
            [
              -64.1426392,
              -31.3088237,
              0.0
            ],
            [
              -64.1469513,
              -31.3085815,
              0.0
            ],
            [
              -64.1470447,
              -31.3085764,
              0.0
            ]
          ]
        ]
      }
    },
    {
      "type": "Feature",
      "properties": {
        "gid": 65,
        "distrito": 4,
        "provincia": "Córdoba",
        "departamen": "Capital",
        "cabecera": "Córdoba",
        "circuito": "011H",
        "indec_p": 14,
        "indec_d": 14
      },
      "geometry": {
        "type": "Polygon",
        "coordinates": [
          [
            [
              -64.2654565,
              -31.3943317,
              0.0
            ],
            [
              -64.2667545,
              -31.3952166,
              0.0
            ],
            [
              -64.2667311,
              -31.3952167,
              0.0
            ],
            [
              -64.2667297,
              -31.3952218,
              0.0
            ],
            [
              -64.2653772,
              -31.395083,
              0.0
            ],
            [
              -64.265391,
              -31.3950764,
              0.0
            ],
            [
              -64.2644159,
              -31.3948152,
              0.0
            ],
            [
              -64.2644416,
              -31.3948034,
              0.0
            ],
            [
              -64.2628661,
              -31.3943977,
              0.0
            ],
            [
              -64.2579283,
              -31.3943426,
              0.0
            ],
            [
              -64.2579408,
              -31.3943651,
              0.0
            ],
            [
              -64.2582009,
              -31.3949252,
              0.0
            ],
            [
              -64.2585109,
              -31.3955652,
              0.0
            ],
            [
              -64.2588109,
              -31.3962153,
              0.0
            ],
            [
              -64.2591009,
              -31.3968554,
              0.0
            ],
            [
              -64.2593909,
              -31.3974554,
              0.0
            ],
            [
              -64.2595809,
              -31.3978454,
              0.0
            ],
            [
              -64.2585209,
              -31.3983453,
              0.0
            ],
            [
              -64.2573709,
              -31.3988951,
              0.0
            ],
            [
              -64.2563009,
              -31.399415,
              0.0
            ],
            [
              -64.2554209,
              -31.3998149,
              0.0
            ],
            [
              -64.2552009,
              -31.3999149,
              0.0
            ],
            [
              -64.2551957,
              -31.3999172,
              0.0
            ],
            [
              -64.2533085,
              -31.3959612,
              0.0
            ],
            [
              -64.2524098,
              -31.3940775,
              0.0
            ],
            [
              -64.2523907,
              -31.3940845,
              0.0
            ],
            [
              -64.2520807,
              -31.3934344,
              0.0
            ],
            [
              -64.2520563,
              -31.393443,
              0.0
            ],
            [
              -64.2485254,
              -31.386062,
              0.0
            ],
            [
              -64.2484615,
              -31.386081,
              0.0
            ],
            [
              -64.2482515,
              -31.385638,
              0.0
            ],
            [
              -64.2480305,
              -31.385174,
              0.0
            ],
            [
              -64.2476905,
              -31.384494,
              0.0
            ],
            [
              -64.2473805,
              -31.3838939,
              0.0
            ],
            [
              -64.2470964,
              -31.3833939,
              0.0
            ],
            [
              -64.2476495,
              -31.3830789,
              0.0
            ],
            [
              -64.2484074,
              -31.3822829,
              0.0
            ],
            [
              -64.2493415,
              -31.380689,
              0.0
            ],
            [
              -64.2498075,
              -31.379146,
              0.0
            ],
            [
              -64.2499825,
              -31.377851,
              0.0
            ],
            [
              -64.2498155,
              -31.376245,
              0.0
            ],
            [
              -64.2490385,
              -31.3750909,
              0.0
            ],
            [
              -64.2484305,
              -31.3748608,
              0.0
            ],
            [
              -64.2473834,
              -31.3747448,
              0.0
            ],
            [
              -64.2463024,
              -31.3750047,
              0.0
            ],
            [
              -64.2455254,
              -31.3752927,
              0.0
            ],
            [
              -64.2447154,
              -31.3754657,
              0.0
            ],
            [
              -64.2441414,
              -31.3755237,
              0.0
            ],
            [
              -64.2434313,
              -31.3755237,
              0.0
            ],
            [
              -64.2427563,
              -31.3752926,
              0.0
            ],
            [
              -64.2424863,
              -31.3750616,
              0.0
            ],
            [
              -64.2425533,
              -31.3746296,
              0.0
            ],
            [
              -64.2429923,
              -31.3741686,
              0.0
            ],
            [
              -64.2432623,
              -31.3733026,
              0.0
            ],
            [
              -64.2432963,
              -31.3723516,
              0.0
            ],
            [
              -64.2430263,
              -31.3713426,
              0.0
            ],
            [
              -64.2427903,
              -31.3703615,
              0.0
            ],
            [
              -64.2420473,
              -31.3689485,
              0.0
            ],
            [
              -64.2411683,
              -31.3676515,
              0.0
            ],
            [
              -64.2402903,
              -31.3666705,
              0.0
            ],
            [
              -64.2396822,
              -31.3653155,
              0.0
            ],
            [
              -64.2395133,
              -31.3641044,
              0.0
            ],
            [
              -64.2394803,
              -31.3635275,
              0.0
            ],
            [
              -64.2393883,
              -31.3620675,
              0.0
            ],
            [
              -64.2399993,
              -31.3612974,
              0.0
            ],
            [
              -64.2406093,
              -31.3603004,
              0.0
            ],
            [
              -64.2435004,
              -31.3630844,
              0.0
            ],
            [
              -64.2451444,
              -31.3652885,
              0.0
            ],
            [
              -64.2472825,
              -31.3678427,
              0.0
            ],
            [
              -64.2502675,
              -31.3708178,
              0.0
            ],
            [
              -64.2521611,
              -31.3721352,
              0.0
            ],
            [
              -64.2536166,
              -31.3747353,
              0.0
            ],
            [
              -64.2543762,
              -31.3762918,
              0.0
            ],
            [
              -64.2546753,
              -31.3770108,
              0.0
            ],
            [
              -64.2552106,
              -31.3775545,
              0.0
            ],
            [
              -64.2565906,
              -31.3788746,
              0.0
            ],
            [
              -64.2604608,
              -31.3832753,
              0.0
            ],
            [
              -64.2611008,
              -31.3842653,
              0.0
            ],
            [
              -64.2618708,
              -31.3857055,
              0.0
            ],
            [
              -64.2624809,
              -31.3865256,
              0.0
            ],
            [
              -64.2640509,
              -31.389226,
              0.0
            ],
            [
              -64.2651109,
              -31.3911062,
              0.0
            ],
            [
              -64.265401,
              -31.3916263,
              0.0
            ],
            [
              -64.2656509,
              -31.3924063,
              0.0
            ],
            [
              -64.265731,
              -31.3930664,
              0.0
            ],
            [
              -64.265661,
              -31.3938464,
              0.0
            ],
            [
              -64.265581,
              -31.3942263,
              0.0
            ],
            [
              -64.2654565,
              -31.3943317,
              0.0
            ]
          ]
        ]
      }
    },
    {
      "type": "Feature",
      "properties": {
        "gid": 66,
        "distrito": 4,
        "provincia": "Córdoba",
        "departamen": "Capital",
        "cabecera": "Córdoba",
        "circuito": "011I",
        "indec_p": 14,
        "indec_d": 14
      },
      "geometry": {
        "type": "Polygon",
        "coordinates": [
          [
            [
              -64.2402712,
              -31.4234747,
              0.0
            ],
            [
              -64.2401112,
              -31.4228646,
              0.0
            ],
            [
              -64.2399612,
              -31.4223146,
              0.0
            ],
            [
              -64.2398111,
              -31.4217246,
              0.0
            ],
            [
              -64.2396911,
              -31.4212846,
              0.0
            ],
            [
              -64.239441,
              -31.4203345,
              0.0
            ],
            [
              -64.239151,
              -31.4193045,
              0.0
            ],
            [
              -64.2384709,
              -31.4166945,
              0.0
            ],
            [
              -64.2383409,
              -31.4161845,
              0.0
            ],
            [
              -64.2381808,
              -31.4155545,
              0.0
            ],
            [
              -64.2380108,
              -31.4149344,
              0.0
            ],
            [
              -64.2378308,
              -31.4142745,
              0.0
            ],
            [
              -64.2377007,
              -31.4137644,
              0.0
            ],
            [
              -64.2375407,
              -31.4131645,
              0.0
            ],
            [
              -64.2374907,
              -31.4129645,
              0.0
            ],
            [
              -64.2370106,
              -31.4111544,
              0.0
            ],
            [
              -64.2384607,
              -31.4115544,
              0.0
            ],
            [
              -64.2395388,
              -31.4115373,
              0.0
            ],
            [
              -64.2404248,
              -31.4115234,
              0.0
            ],
            [
              -64.2427908,
              -31.4114843,
              0.0
            ],
            [
              -64.2435209,
              -31.4114544,
              0.0
            ],
            [
              -64.2442409,
              -31.4114244,
              0.0
            ],
            [
              -64.2450409,
              -31.4113845,
              0.0
            ],
            [
              -64.2450471,
              -31.4113842,
              0.0
            ],
            [
              -64.246131,
              -31.4113345,
              0.0
            ],
            [
              -64.247841,
              -31.4117846,
              0.0
            ],
            [
              -64.248111,
              -31.4117646,
              0.0
            ],
            [
              -64.2494611,
              -31.4116447,
              0.0
            ],
            [
              -64.2507611,
              -31.4115448,
              0.0
            ],
            [
              -64.2517011,
              -31.4114749,
              0.0
            ],
            [
              -64.2525211,
              -31.411375,
              0.0
            ],
            [
              -64.2532411,
              -31.411275,
              0.0
            ],
            [
              -64.2540111,
              -31.4111951,
              0.0
            ],
            [
              -64.2538512,
              -31.4116751,
              0.0
            ],
            [
              -64.2537911,
              -31.4119951,
              0.0
            ],
            [
              -64.2537112,
              -31.4124351,
              0.0
            ],
            [
              -64.2535312,
              -31.4134351,
              0.0
            ],
            [
              -64.2533912,
              -31.414445,
              0.0
            ],
            [
              -64.2532513,
              -31.4154951,
              0.0
            ],
            [
              -64.2531413,
              -31.4164751,
              0.0
            ],
            [
              -64.2530513,
              -31.4174351,
              0.0
            ],
            [
              -64.2530314,
              -31.4177331,
              0.0
            ],
            [
              -64.2529814,
              -31.4184551,
              0.0
            ],
            [
              -64.2529474,
              -31.4190282,
              0.0
            ],
            [
              -64.2529314,
              -31.4194652,
              0.0
            ],
            [
              -64.2529314,
              -31.4202052,
              0.0
            ],
            [
              -64.2529215,
              -31.4213952,
              0.0
            ],
            [
              -64.2529025,
              -31.4224503,
              0.0
            ],
            [
              -64.2528916,
              -31.4235153,
              0.0
            ],
            [
              -64.2528516,
              -31.4246653,
              0.0
            ],
            [
              -64.2528317,
              -31.4256153,
              0.0
            ],
            [
              -64.2528017,
              -31.4266154,
              0.0
            ],
            [
              -64.2527817,
              -31.4276454,
              0.0
            ],
            [
              -64.2527618,
              -31.4287054,
              0.0
            ],
            [
              -64.2527618,
              -31.4297255,
              0.0
            ],
            [
              -64.2527518,
              -31.4307754,
              0.0
            ],
            [
              -64.2527418,
              -31.4318655,
              0.0
            ],
            [
              -64.2527217,
              -31.4329855,
              0.0
            ],
            [
              -64.2524127,
              -31.4329794,
              0.0
            ],
            [
              -64.2517868,
              -31.4329254,
              0.0
            ],
            [
              -64.2515578,
              -31.4329104,
              0.0
            ],
            [
              -64.2506117,
              -31.4328453,
              0.0
            ],
            [
              -64.2502817,
              -31.4328252,
              0.0
            ],
            [
              -64.2492506,
              -31.4327562,
              0.0
            ],
            [
              -64.2480016,
              -31.4326751,
              0.0
            ],
            [
              -64.2469717,
              -31.432615,
              0.0
            ],
            [
              -64.2458416,
              -31.4325449,
              0.0
            ],
            [
              -64.2450016,
              -31.432485,
              0.0
            ],
            [
              -64.2445815,
              -31.4324649,
              0.0
            ],
            [
              -64.2438415,
              -31.4324149,
              0.0
            ],
            [
              -64.2433615,
              -31.4323849,
              0.0
            ],
            [
              -64.2426115,
              -31.4323449,
              0.0
            ],
            [
              -64.2423916,
              -31.4314849,
              0.0
            ],
            [
              -64.2423315,
              -31.4313148,
              0.0
            ],
            [
              -64.2420715,
              -31.4303148,
              0.0
            ],
            [
              -64.2418216,
              -31.4293748,
              0.0
            ],
            [
              -64.2415515,
              -31.4283248,
              0.0
            ],
            [
              -64.2412794,
              -31.4273308,
              0.0
            ],
            [
              -64.2410113,
              -31.4262547,
              0.0
            ],
            [
              -64.2409813,
              -31.4261247,
              0.0
            ],
            [
              -64.2408813,
              -31.4258147,
              0.0
            ],
            [
              -64.2408513,
              -31.4256247,
              0.0
            ],
            [
              -64.2407813,
              -31.4253947,
              0.0
            ],
            [
              -64.2406773,
              -31.4250467,
              0.0
            ],
            [
              -64.2405513,
              -31.4245347,
              0.0
            ],
            [
              -64.2403912,
              -31.4239147,
              0.0
            ],
            [
              -64.2402712,
              -31.4234747,
              0.0
            ]
          ]
        ]
      }
    },
    {
      "type": "Feature",
      "properties": {
        "gid": 74,
        "distrito": 4,
        "provincia": "Córdoba",
        "departamen": "Capital",
        "cabecera": "Córdoba",
        "circuito": "012E",
        "indec_p": 14,
        "indec_d": 14
      },
      "geometry": {
        "type": "Polygon",
        "coordinates": [
          [
            [
              -64.098606,
              -31.4690071,
              0.0
            ],
            [
              -64.1026562,
              -31.4648165,
              0.0
            ],
            [
              -64.1040062,
              -31.4634964,
              0.0
            ],
            [
              -64.1040087,
              -31.4634941,
              0.0
            ],
            [
              -64.1044363,
              -31.4630864,
              0.0
            ],
            [
              -64.1050063,
              -31.4625363,
              0.0
            ],
            [
              -64.1056663,
              -31.4618963,
              0.0
            ],
            [
              -64.1063363,
              -31.4612463,
              0.0
            ],
            [
              -64.1069963,
              -31.4605962,
              0.0
            ],
            [
              -64.1073463,
              -31.4602662,
              0.0
            ],
            [
              -64.1078063,
              -31.4598262,
              0.0
            ],
            [
              -64.1094664,
              -31.4598461,
              0.0
            ],
            [
              -64.1102465,
              -31.459866,
              0.0
            ],
            [
              -64.1109965,
              -31.459896,
              0.0
            ],
            [
              -64.1122865,
              -31.4599461,
              0.0
            ],
            [
              -64.1136566,
              -31.459996,
              0.0
            ],
            [
              -64.1148866,
              -31.460006,
              0.0
            ],
            [
              -64.1164082,
              -31.4600061,
              0.0
            ],
            [
              -64.1199668,
              -31.4600062,
              0.0
            ],
            [
              -64.127337,
              -31.4599967,
              0.0
            ],
            [
              -64.127467,
              -31.4599968,
              0.0
            ],
            [
              -64.1274815,
              -31.4599967,
              0.0
            ],
            [
              -64.1275213,
              -31.4671126,
              0.0
            ],
            [
              -64.1267611,
              -31.4671014,
              0.0
            ],
            [
              -64.1203055,
              -31.4751881,
              0.0
            ],
            [
              -64.1188372,
              -31.4751665,
              0.0
            ],
            [
              -64.1186965,
              -31.4833808,
              0.0
            ],
            [
              -64.1123235,
              -31.4832868,
              0.0
            ],
            [
              -64.1121741,
              -31.4901151,
              0.0
            ],
            [
              -64.1114335,
              -31.5239413,
              0.0
            ],
            [
              -64.1086245,
              -31.5238998,
              0.0
            ],
            [
              -64.1080737,
              -31.5238917,
              0.0
            ],
            [
              -64.1080734,
              -31.5238917,
              0.0
            ],
            [
              -64.1080338,
              -31.5238913,
              0.0
            ],
            [
              -64.0931376,
              -31.5237361,
              0.0
            ],
            [
              -64.0931373,
              -31.5237361,
              0.0
            ],
            [
              -64.0919806,
              -31.5237241,
              0.0
            ],
            [
              -64.0895962,
              -31.5236993,
              0.0
            ],
            [
              -64.0785843,
              -31.5235839,
              0.0
            ],
            [
              -64.0736531,
              -31.5235301,
              0.0
            ],
            [
              -64.0736487,
              -31.5218497,
              0.0
            ],
            [
              -64.0736264,
              -31.51326,
              0.0
            ],
            [
              -64.0736228,
              -31.5119405,
              0.0
            ],
            [
              -64.0736189,
              -31.5104576,
              0.0
            ],
            [
              -64.0736151,
              -31.5090563,
              0.0
            ],
            [
              -64.0736152,
              -31.5090559,
              0.0
            ],
            [
              -64.0736087,
              -31.5066325,
              0.0
            ],
            [
              -64.0736053,
              -31.5053801,
              0.0
            ],
            [
              -64.073584,
              -31.4973893,
              0.0
            ],
            [
              -64.073575,
              -31.4940142,
              0.0
            ],
            [
              -64.09768,
              -31.4702998,
              0.0
            ],
            [
              -64.098606,
              -31.4690071,
              0.0
            ]
          ]
        ]
      }
    },
    {
      "type": "Feature",
      "properties": {
        "gid": 67,
        "distrito": 4,
        "provincia": "Córdoba",
        "departamen": "Capital",
        "cabecera": "Córdoba",
        "circuito": "011J",
        "indec_p": 14,
        "indec_d": 14
      },
      "geometry": {
        "type": "Polygon",
        "coordinates": [
          [
            [
              -64.2262404,
              -31.4155752,
              0.0
            ],
            [
              -64.2264204,
              -31.4162752,
              0.0
            ],
            [
              -64.2264704,
              -31.4164252,
              0.0
            ],
            [
              -64.2267604,
              -31.4175752,
              0.0
            ],
            [
              -64.2270405,
              -31.4186852,
              0.0
            ],
            [
              -64.227228,
              -31.4193441,
              0.0
            ],
            [
              -64.2245477,
              -31.4198755,
              0.0
            ],
            [
              -64.2221053,
              -31.4203599,
              0.0
            ],
            [
              -64.2219403,
              -31.4197759,
              0.0
            ],
            [
              -64.2212803,
              -31.419916,
              0.0
            ],
            [
              -64.2206203,
              -31.4200561,
              0.0
            ],
            [
              -64.2199603,
              -31.4201962,
              0.0
            ],
            [
              -64.2192403,
              -31.4203463,
              0.0
            ],
            [
              -64.2187002,
              -31.4204564,
              0.0
            ],
            [
              -64.2184502,
              -31.4205064,
              0.0
            ],
            [
              -64.2177702,
              -31.4206465,
              0.0
            ],
            [
              -64.2170302,
              -31.4207767,
              0.0
            ],
            [
              -64.2164601,
              -31.4208867,
              0.0
            ],
            [
              -64.2161601,
              -31.4209468,
              0.0
            ],
            [
              -64.2157801,
              -31.4210169,
              0.0
            ],
            [
              -64.2155301,
              -31.421057,
              0.0
            ],
            [
              -64.215,
              -31.4211571,
              0.0
            ],
            [
              -64.21475,
              -31.4212071,
              0.0
            ],
            [
              -64.21383,
              -31.4213873,
              0.0
            ],
            [
              -64.21307,
              -31.4215275,
              0.0
            ],
            [
              -64.2128799,
              -31.4215676,
              0.0
            ],
            [
              -64.21185,
              -31.4217777,
              0.0
            ],
            [
              -64.2104999,
              -31.4220281,
              0.0
            ],
            [
              -64.2091598,
              -31.4222884,
              0.0
            ],
            [
              -64.2090397,
              -31.4217384,
              0.0
            ],
            [
              -64.2089098,
              -31.4211284,
              0.0
            ],
            [
              -64.2087297,
              -31.4204085,
              0.0
            ],
            [
              -64.2085396,
              -31.4197984,
              0.0
            ],
            [
              -64.2083496,
              -31.4191485,
              0.0
            ],
            [
              -64.2081696,
              -31.4185786,
              0.0
            ],
            [
              -64.2079895,
              -31.4179886,
              0.0
            ],
            [
              -64.2077895,
              -31.4173484,
              0.0
            ],
            [
              -64.2077696,
              -31.4169785,
              0.0
            ],
            [
              -64.2074095,
              -31.4160283,
              0.0
            ],
            [
              -64.2072195,
              -31.4153983,
              0.0
            ],
            [
              -64.2071595,
              -31.4151383,
              0.0
            ],
            [
              -64.2069594,
              -31.4144182,
              0.0
            ],
            [
              -64.2067694,
              -31.4136981,
              0.0
            ],
            [
              -64.2065394,
              -31.4129381,
              0.0
            ],
            [
              -64.2063593,
              -31.412418,
              0.0
            ],
            [
              -64.2067944,
              -31.4123411,
              0.0
            ],
            [
              -64.2067889,
              -31.4123254,
              0.0
            ],
            [
              -64.2079864,
              -31.411796,
              0.0
            ],
            [
              -64.2081594,
              -31.4117384,
              0.0
            ],
            [
              -64.2081604,
              -31.4117426,
              0.0
            ],
            [
              -64.2090902,
              -31.4114406,
              0.0
            ],
            [
              -64.2090894,
              -31.4114382,
              0.0
            ],
            [
              -64.2102995,
              -31.4110479,
              0.0
            ],
            [
              -64.2110595,
              -31.4108077,
              0.0
            ],
            [
              -64.2114195,
              -31.4106977,
              0.0
            ],
            [
              -64.2119395,
              -31.4105275,
              0.0
            ],
            [
              -64.2126296,
              -31.4103073,
              0.0
            ],
            [
              -64.2131095,
              -31.4101573,
              0.0
            ],
            [
              -64.2136095,
              -31.4099971,
              0.0
            ],
            [
              -64.2147297,
              -31.4096469,
              0.0
            ],
            [
              -64.2158797,
              -31.4092867,
              0.0
            ],
            [
              -64.2165497,
              -31.4090665,
              0.0
            ],
            [
              -64.2170397,
              -31.4089164,
              0.0
            ],
            [
              -64.2177797,
              -31.4086863,
              0.0
            ],
            [
              -64.2181998,
              -31.4085562,
              0.0
            ],
            [
              -64.2190698,
              -31.4082761,
              0.0
            ],
            [
              -64.2192898,
              -31.408216,
              0.0
            ],
            [
              -64.2204998,
              -31.4078358,
              0.0
            ],
            [
              -64.2205499,
              -31.4079558,
              0.0
            ],
            [
              -64.2215299,
              -31.4076257,
              0.0
            ],
            [
              -64.2225999,
              -31.4072555,
              0.0
            ],
            [
              -64.22373,
              -31.4068654,
              0.0
            ],
            [
              -64.22392,
              -31.4067853,
              0.0
            ],
            [
              -64.22471,
              -31.4065152,
              0.0
            ],
            [
              -64.22489,
              -31.4064552,
              0.0
            ],
            [
              -64.22558,
              -31.4062251,
              0.0
            ],
            [
              -64.22592,
              -31.406105,
              0.0
            ],
            [
              -64.2270001,
              -31.4057349,
              0.0
            ],
            [
              -64.2273001,
              -31.4056849,
              0.0
            ],
            [
              -64.2275901,
              -31.4056649,
              0.0
            ],
            [
              -64.2278801,
              -31.4056149,
              0.0
            ],
            [
              -64.2282302,
              -31.4055548,
              0.0
            ],
            [
              -64.2288902,
              -31.4054448,
              0.0
            ],
            [
              -64.2290802,
              -31.4054548,
              0.0
            ],
            [
              -64.2293802,
              -31.4065948,
              0.0
            ],
            [
              -64.2295303,
              -31.4071848,
              0.0
            ],
            [
              -64.2296302,
              -31.4075847,
              0.0
            ],
            [
              -64.2300203,
              -31.4090747,
              0.0
            ],
            [
              -64.2302703,
              -31.4100447,
              0.0
            ],
            [
              -64.2304603,
              -31.4107147,
              0.0
            ],
            [
              -64.2305904,
              -31.4112247,
              0.0
            ],
            [
              -64.2307404,
              -31.4117547,
              0.0
            ],
            [
              -64.2308905,
              -31.4123247,
              0.0
            ],
            [
              -64.2299704,
              -31.4125048,
              0.0
            ],
            [
              -64.2291204,
              -31.4126748,
              0.0
            ],
            [
              -64.2282104,
              -31.412855,
              0.0
            ],
            [
              -64.2269503,
              -31.4131151,
              0.0
            ],
            [
              -64.2256603,
              -31.4133753,
              0.0
            ],
            [
              -64.2258503,
              -31.4141352,
              0.0
            ],
            [
              -64.2259803,
              -31.4146153,
              0.0
            ],
            [
              -64.2260504,
              -31.4148452,
              0.0
            ],
            [
              -64.2262404,
              -31.4155752,
              0.0
            ]
          ]
        ]
      }
    },
    {
      "type": "Feature",
      "properties": {
        "gid": 68,
        "distrito": 4,
        "provincia": "Córdoba",
        "departamen": "Capital",
        "cabecera": "Córdoba",
        "circuito": "011K",
        "indec_p": 14,
        "indec_d": 14
      },
      "geometry": {
        "type": "Polygon",
        "coordinates": [
          [
            [
              -64.2524098,
              -31.3940775,
              0.0
            ],
            [
              -64.2533085,
              -31.3959612,
              0.0
            ],
            [
              -64.2513247,
              -31.3963033,
              0.0
            ],
            [
              -64.2503533,
              -31.3962819,
              0.0
            ],
            [
              -64.2493653,
              -31.3962042,
              0.0
            ],
            [
              -64.2493707,
              -31.3962143,
              0.0
            ],
            [
              -64.2478706,
              -31.3961242,
              0.0
            ],
            [
              -64.2451005,
              -31.3959341,
              0.0
            ],
            [
              -64.2418804,
              -31.3957341,
              0.0
            ],
            [
              -64.2418787,
              -31.3957303,
              0.0
            ],
            [
              -64.2414728,
              -31.3957569,
              0.0
            ],
            [
              -64.2405953,
              -31.3958143,
              0.0
            ],
            [
              -64.2394218,
              -31.3960669,
              0.0
            ],
            [
              -64.2393755,
              -31.3960769,
              0.0
            ],
            [
              -64.2371378,
              -31.3967888,
              0.0
            ],
            [
              -64.2371403,
              -31.3967941,
              0.0
            ],
            [
              -64.2355403,
              -31.3973142,
              0.0
            ],
            [
              -64.2335369,
              -31.3979656,
              0.0
            ],
            [
              -64.2328814,
              -31.3950934,
              0.0
            ],
            [
              -64.2312776,
              -31.3954585,
              0.0
            ],
            [
              -64.2312601,
              -31.3954444,
              0.0
            ],
            [
              -64.23107,
              -31.3954843,
              0.0
            ],
            [
              -64.23071,
              -31.3955544,
              0.0
            ],
            [
              -64.2296999,
              -31.3957645,
              0.0
            ],
            [
              -64.2296986,
              -31.3957605,
              0.0
            ],
            [
              -64.228408,
              -31.3960382,
              0.0
            ],
            [
              -64.228409,
              -31.3960417,
              0.0
            ],
            [
              -64.2276777,
              -31.3961973,
              0.0
            ],
            [
              -64.2276799,
              -31.3962047,
              0.0
            ],
            [
              -64.2265599,
              -31.3964448,
              0.0
            ],
            [
              -64.2267199,
              -31.3970348,
              0.0
            ],
            [
              -64.2268198,
              -31.3973448,
              0.0
            ],
            [
              -64.2268999,
              -31.3976247,
              0.0
            ],
            [
              -64.2270199,
              -31.3980748,
              0.0
            ],
            [
              -64.2272199,
              -31.3987747,
              0.0
            ],
            [
              -64.22742,
              -31.3994348,
              0.0
            ],
            [
              -64.22751,
              -31.3998648,
              0.0
            ],
            [
              -64.2265099,
              -31.4001949,
              0.0
            ],
            [
              -64.2256899,
              -31.400465,
              0.0
            ],
            [
              -64.2250899,
              -31.4007251,
              0.0
            ],
            [
              -64.2248598,
              -31.400185,
              0.0
            ],
            [
              -64.2246499,
              -31.3996651,
              0.0
            ],
            [
              -64.2242398,
              -31.3986551,
              0.0
            ],
            [
              -64.2238798,
              -31.3977851,
              0.0
            ],
            [
              -64.2237797,
              -31.3975352,
              0.0
            ],
            [
              -64.2234197,
              -31.3967252,
              0.0
            ],
            [
              -64.2230197,
              -31.3957852,
              0.0
            ],
            [
              -64.2226817,
              -31.3946142,
              0.0
            ],
            [
              -64.2257267,
              -31.3935668,
              0.0
            ],
            [
              -64.2292949,
              -31.3923115,
              0.0
            ],
            [
              -64.2302799,
              -31.3918524,
              0.0
            ],
            [
              -64.2312199,
              -31.3913173,
              0.0
            ],
            [
              -64.23268,
              -31.3904826,
              0.0
            ],
            [
              -64.232686,
              -31.3904792,
              0.0
            ],
            [
              -64.2338761,
              -31.3899681,
              0.0
            ],
            [
              -64.2362851,
              -31.389064,
              0.0
            ],
            [
              -64.2394832,
              -31.3878599,
              0.0
            ],
            [
              -64.2425163,
              -31.3863658,
              0.0
            ],
            [
              -64.2437413,
              -31.3850708,
              0.0
            ],
            [
              -64.2452004,
              -31.3841749,
              0.0
            ],
            [
              -64.2470964,
              -31.3833939,
              0.0
            ],
            [
              -64.2473805,
              -31.3838939,
              0.0
            ],
            [
              -64.2476905,
              -31.384494,
              0.0
            ],
            [
              -64.2480305,
              -31.385174,
              0.0
            ],
            [
              -64.2482515,
              -31.385638,
              0.0
            ],
            [
              -64.2484615,
              -31.386081,
              0.0
            ],
            [
              -64.2485254,
              -31.386062,
              0.0
            ],
            [
              -64.2520563,
              -31.393443,
              0.0
            ],
            [
              -64.2520807,
              -31.3934344,
              0.0
            ],
            [
              -64.2523907,
              -31.3940845,
              0.0
            ],
            [
              -64.2524098,
              -31.3940775,
              0.0
            ]
          ]
        ]
      }
    },
    {
      "type": "Feature",
      "properties": {
        "gid": 92,
        "distrito": 4,
        "provincia": "Córdoba",
        "departamen": "Capital",
        "cabecera": "Córdoba",
        "circuito": "013N",
        "indec_p": 14,
        "indec_d": 14
      },
      "geometry": {
        "type": "Polygon",
        "coordinates": [
          [
            [
              -64.1368866,
              -31.3873164,
              0.0
            ],
            [
              -64.1368865,
              -31.3877264,
              0.0
            ],
            [
              -64.1368866,
              -31.3882865,
              0.0
            ],
            [
              -64.1368865,
              -31.3886165,
              0.0
            ],
            [
              -64.1368965,
              -31.3895065,
              0.0
            ],
            [
              -64.1367666,
              -31.3899765,
              0.0
            ],
            [
              -64.1361665,
              -31.3898264,
              0.0
            ],
            [
              -64.1354565,
              -31.3896563,
              0.0
            ],
            [
              -64.1346065,
              -31.3894462,
              0.0
            ],
            [
              -64.1338465,
              -31.389266,
              0.0
            ],
            [
              -64.1331165,
              -31.3890859,
              0.0
            ],
            [
              -64.1323565,
              -31.3888958,
              0.0
            ],
            [
              -64.1316465,
              -31.3887357,
              0.0
            ],
            [
              -64.1291564,
              -31.3881754,
              0.0
            ],
            [
              -64.1284963,
              -31.3880253,
              0.0
            ],
            [
              -64.1279564,
              -31.3879252,
              0.0
            ],
            [
              -64.1274464,
              -31.3878152,
              0.0
            ],
            [
              -64.1268463,
              -31.3876952,
              0.0
            ],
            [
              -64.1257363,
              -31.387305,
              0.0
            ],
            [
              -64.1257363,
              -31.386925,
              0.0
            ],
            [
              -64.1240163,
              -31.3865149,
              0.0
            ],
            [
              -64.1231262,
              -31.3863249,
              0.0
            ],
            [
              -64.1217421,
              -31.3860108,
              0.0
            ],
            [
              -64.1196045,
              -31.3855511,
              0.0
            ],
            [
              -64.1188816,
              -31.3751126,
              0.0
            ],
            [
              -64.1239808,
              -31.3756702,
              0.0
            ],
            [
              -64.1239862,
              -31.3757047,
              0.0
            ],
            [
              -64.1241462,
              -31.3759046,
              0.0
            ],
            [
              -64.1242562,
              -31.3759347,
              0.0
            ],
            [
              -64.1267663,
              -31.3764149,
              0.0
            ],
            [
              -64.1328764,
              -31.3775056,
              0.0
            ],
            [
              -64.1346974,
              -31.3778209,
              0.0
            ],
            [
              -64.1367965,
              -31.3781962,
              0.0
            ],
            [
              -64.1368665,
              -31.3784062,
              0.0
            ],
            [
              -64.1368565,
              -31.3793863,
              0.0
            ],
            [
              -64.1368465,
              -31.3803463,
              0.0
            ],
            [
              -64.1368365,
              -31.3813763,
              0.0
            ],
            [
              -64.1368265,
              -31.3823563,
              0.0
            ],
            [
              -64.1368265,
              -31.3833563,
              0.0
            ],
            [
              -64.1368465,
              -31.3844263,
              0.0
            ],
            [
              -64.1368565,
              -31.3853464,
              0.0
            ],
            [
              -64.1368665,
              -31.3860464,
              0.0
            ],
            [
              -64.1368665,
              -31.3863065,
              0.0
            ],
            [
              -64.1368866,
              -31.3873164,
              0.0
            ]
          ]
        ]
      }
    },
    {
      "type": "Feature",
      "properties": {
        "gid": 69,
        "distrito": 4,
        "provincia": "Córdoba",
        "departamen": "Capital",
        "cabecera": "Córdoba",
        "circuito": "0012",
        "indec_p": 14,
        "indec_d": 14
      },
      "geometry": {
        "type": "Polygon",
        "coordinates": [
          [
            [
              -64.0734833,
              -31.4594468,
              0.0
            ],
            [
              -64.0734646,
              -31.4523695,
              0.0
            ],
            [
              -64.0734634,
              -31.4519163,
              0.0
            ],
            [
              -64.0734633,
              -31.451879,
              0.0
            ],
            [
              -64.0734624,
              -31.45155,
              0.0
            ],
            [
              -64.0734621,
              -31.4514132,
              0.0
            ],
            [
              -64.0734603,
              -31.4507608,
              0.0
            ],
            [
              -64.0745561,
              -31.4510444,
              0.0
            ],
            [
              -64.0780352,
              -31.4508891,
              0.0
            ],
            [
              -64.0864555,
              -31.4508788,
              0.0
            ],
            [
              -64.0953859,
              -31.4508772,
              0.0
            ],
            [
              -64.1013232,
              -31.4508385,
              0.0
            ],
            [
              -64.1038063,
              -31.4507663,
              0.0
            ],
            [
              -64.1080065,
              -31.451016,
              0.0
            ],
            [
              -64.1116466,
              -31.4510459,
              0.0
            ],
            [
              -64.1128866,
              -31.4511859,
              0.0
            ],
            [
              -64.1130126,
              -31.4511367,
              0.0
            ],
            [
              -64.1166169,
              -31.4510768,
              0.0
            ],
            [
              -64.1249749,
              -31.4509379,
              0.0
            ],
            [
              -64.1245774,
              -31.4515497,
              0.0
            ],
            [
              -64.1196283,
              -31.4571052,
              0.0
            ],
            [
              -64.1164082,
              -31.4600061,
              0.0
            ],
            [
              -64.1148866,
              -31.460006,
              0.0
            ],
            [
              -64.1136566,
              -31.459996,
              0.0
            ],
            [
              -64.1122865,
              -31.4599461,
              0.0
            ],
            [
              -64.1109965,
              -31.459896,
              0.0
            ],
            [
              -64.1102465,
              -31.459866,
              0.0
            ],
            [
              -64.1094664,
              -31.4598461,
              0.0
            ],
            [
              -64.1078063,
              -31.4598262,
              0.0
            ],
            [
              -64.1073463,
              -31.4602662,
              0.0
            ],
            [
              -64.1069963,
              -31.4605962,
              0.0
            ],
            [
              -64.1063363,
              -31.4612463,
              0.0
            ],
            [
              -64.1056663,
              -31.4618963,
              0.0
            ],
            [
              -64.1050063,
              -31.4625363,
              0.0
            ],
            [
              -64.1044363,
              -31.4630864,
              0.0
            ],
            [
              -64.1040087,
              -31.4634941,
              0.0
            ],
            [
              -64.1010542,
              -31.4635215,
              0.0
            ],
            [
              -64.1010561,
              -31.4635167,
              0.0
            ],
            [
              -64.1010461,
              -31.4630267,
              0.0
            ],
            [
              -64.1003261,
              -31.4630368,
              0.0
            ],
            [
              -64.099606,
              -31.4630568,
              0.0
            ],
            [
              -64.098936,
              -31.4630769,
              0.0
            ],
            [
              -64.098306,
              -31.463087,
              0.0
            ],
            [
              -64.0976559,
              -31.4631071,
              0.0
            ],
            [
              -64.0969259,
              -31.4631172,
              0.0
            ],
            [
              -64.0969258,
              -31.4631232,
              0.0
            ],
            [
              -64.096199,
              -31.4631215,
              0.0
            ],
            [
              -64.0961898,
              -31.4635743,
              0.0
            ],
            [
              -64.0954458,
              -31.4635874,
              0.0
            ],
            [
              -64.0946938,
              -31.4635705,
              0.0
            ],
            [
              -64.0940557,
              -31.4635675,
              0.0
            ],
            [
              -64.0934067,
              -31.4635757,
              0.0
            ],
            [
              -64.0926857,
              -31.4635878,
              0.0
            ],
            [
              -64.0919957,
              -31.4635779,
              0.0
            ],
            [
              -64.0917457,
              -31.4634879,
              0.0
            ],
            [
              -64.0914157,
              -31.463498,
              0.0
            ],
            [
              -64.0906857,
              -31.4634981,
              0.0
            ],
            [
              -64.0900856,
              -31.4635082,
              0.0
            ],
            [
              -64.0893866,
              -31.4636823,
              0.0
            ],
            [
              -64.0887065,
              -31.4636805,
              0.0
            ],
            [
              -64.0881303,
              -31.4636787,
              0.0
            ],
            [
              -64.0881406,
              -31.4631746,
              0.0
            ],
            [
              -64.0821352,
              -31.4631082,
              0.0
            ],
            [
              -64.0821351,
              -31.4625999,
              0.0
            ],
            [
              -64.0821252,
              -31.46196,
              0.0
            ],
            [
              -64.0807651,
              -31.46197,
              0.0
            ],
            [
              -64.0794751,
              -31.4619696,
              0.0
            ],
            [
              -64.0781651,
              -31.4619593,
              0.0
            ],
            [
              -64.078175,
              -31.4626094,
              0.0
            ],
            [
              -64.0781851,
              -31.4631594,
              0.0
            ],
            [
              -64.0781851,
              -31.4636894,
              0.0
            ],
            [
              -64.0781951,
              -31.4643295,
              0.0
            ],
            [
              -64.0782051,
              -31.4649894,
              0.0
            ],
            [
              -64.0782151,
              -31.4655795,
              0.0
            ],
            [
              -64.078215,
              -31.4660995,
              0.0
            ],
            [
              -64.0782251,
              -31.4666995,
              0.0
            ],
            [
              -64.0782251,
              -31.4672895,
              0.0
            ],
            [
              -64.0782351,
              -31.4679395,
              0.0
            ],
            [
              -64.0782446,
              -31.4684441,
              0.0
            ],
            [
              -64.0735069,
              -31.4683719,
              0.0
            ],
            [
              -64.0734833,
              -31.4594468,
              0.0
            ]
          ]
        ]
      }
    },
    {
      "type": "Feature",
      "properties": {
        "gid": 70,
        "distrito": 4,
        "provincia": "Córdoba",
        "departamen": "Capital",
        "cabecera": "Córdoba",
        "circuito": "012A",
        "indec_p": 14,
        "indec_d": 14
      },
      "geometry": {
        "type": "Polygon",
        "coordinates": [
          [
            [
              -64.1186965,
              -31.4833808,
              0.0
            ],
            [
              -64.1188372,
              -31.4751665,
              0.0
            ],
            [
              -64.1203055,
              -31.4751881,
              0.0
            ],
            [
              -64.1267611,
              -31.4671014,
              0.0
            ],
            [
              -64.1275213,
              -31.4671126,
              0.0
            ],
            [
              -64.1274815,
              -31.4599967,
              0.0
            ],
            [
              -64.128877,
              -31.4599869,
              0.0
            ],
            [
              -64.1306971,
              -31.4599872,
              0.0
            ],
            [
              -64.1313171,
              -31.4599772,
              0.0
            ],
            [
              -64.1320371,
              -31.4599674,
              0.0
            ],
            [
              -64.1328171,
              -31.4599774,
              0.0
            ],
            [
              -64.1342272,
              -31.4599577,
              0.0
            ],
            [
              -64.1349471,
              -31.4599578,
              0.0
            ],
            [
              -64.1406913,
              -31.4599218,
              0.0
            ],
            [
              -64.1445473,
              -31.4598997,
              0.0
            ],
            [
              -64.1455674,
              -31.4598994,
              0.0
            ],
            [
              -64.1460674,
              -31.4599693,
              0.0
            ],
            [
              -64.1464874,
              -31.4600291,
              0.0
            ],
            [
              -64.1468375,
              -31.4605791,
              0.0
            ],
            [
              -64.1470974,
              -31.4610991,
              0.0
            ],
            [
              -64.1472274,
              -31.461399,
              0.0
            ],
            [
              -64.1474275,
              -31.461859,
              0.0
            ],
            [
              -64.1476675,
              -31.462409,
              0.0
            ],
            [
              -64.1477975,
              -31.4629089,
              0.0
            ],
            [
              -64.1477575,
              -31.463219,
              0.0
            ],
            [
              -64.1476175,
              -31.463229,
              0.0
            ],
            [
              -64.1476075,
              -31.464549,
              0.0
            ],
            [
              -64.1476075,
              -31.465859,
              0.0
            ],
            [
              -64.1476345,
              -31.466959,
              0.0
            ],
            [
              -64.1476475,
              -31.468179,
              0.0
            ],
            [
              -64.1476375,
              -31.469249,
              0.0
            ],
            [
              -64.1476235,
              -31.4703661,
              0.0
            ],
            [
              -64.1475925,
              -31.4728411,
              0.0
            ],
            [
              -64.1475875,
              -31.4731991,
              0.0
            ],
            [
              -64.1475775,
              -31.4739991,
              0.0
            ],
            [
              -64.1475575,
              -31.4751692,
              0.0
            ],
            [
              -64.1475461,
              -31.4751693,
              0.0
            ],
            [
              -64.1474976,
              -31.4788083,
              0.0
            ],
            [
              -64.1466165,
              -31.4788094,
              0.0
            ],
            [
              -64.1458885,
              -31.4788096,
              0.0
            ],
            [
              -64.1451405,
              -31.4788098,
              0.0
            ],
            [
              -64.1443854,
              -31.4788089,
              0.0
            ],
            [
              -64.1435714,
              -31.4788089,
              0.0
            ],
            [
              -64.1428094,
              -31.4788098,
              0.0
            ],
            [
              -64.1420464,
              -31.4788086,
              0.0
            ],
            [
              -64.1412784,
              -31.4788084,
              0.0
            ],
            [
              -64.1405203,
              -31.4788083,
              0.0
            ],
            [
              -64.1397733,
              -31.4788081,
              0.0
            ],
            [
              -64.1390413,
              -31.478808,
              0.0
            ],
            [
              -64.1382873,
              -31.4788078,
              0.0
            ],
            [
              -64.1375223,
              -31.4788087,
              0.0
            ],
            [
              -64.1368963,
              -31.4788085,
              0.0
            ],
            [
              -64.1360703,
              -31.4788084,
              0.0
            ],
            [
              -64.1353752,
              -31.4788083,
              0.0
            ],
            [
              -64.1276561,
              -31.4788072,
              0.0
            ],
            [
              -64.1275541,
              -31.4788072,
              0.0
            ],
            [
              -64.1275438,
              -31.4788073,
              0.0
            ],
            [
              -64.1272894,
              -31.4821412,
              0.0
            ],
            [
              -64.1272771,
              -31.4823022,
              0.0
            ],
            [
              -64.127289,
              -31.4823022,
              0.0
            ],
            [
              -64.1272608,
              -31.4826264,
              0.0
            ],
            [
              -64.127184,
              -31.483506,
              0.0
            ],
            [
              -64.1186965,
              -31.4833808,
              0.0
            ]
          ]
        ]
      }
    },
    {
      "type": "Feature",
      "properties": {
        "gid": 71,
        "distrito": 4,
        "provincia": "Córdoba",
        "departamen": "Capital",
        "cabecera": "Córdoba",
        "circuito": "012B",
        "indec_p": 14,
        "indec_d": 14
      },
      "geometry": {
        "type": "Polygon",
        "coordinates": [
          [
            [
              -64.1501682,
              -31.4298381,
              0.0
            ],
            [
              -64.1512483,
              -31.4293378,
              0.0
            ],
            [
              -64.1523483,
              -31.4288176,
              0.0
            ],
            [
              -64.1534083,
              -31.4283474,
              0.0
            ],
            [
              -64.1538184,
              -31.4281873,
              0.0
            ],
            [
              -64.1546284,
              -31.4278672,
              0.0
            ],
            [
              -64.1558884,
              -31.427427,
              0.0
            ],
            [
              -64.1569784,
              -31.4270968,
              0.0
            ],
            [
              -64.1572685,
              -31.4267667,
              0.0
            ],
            [
              -64.1578485,
              -31.4266666,
              0.0
            ],
            [
              -64.1585285,
              -31.4265665,
              0.0
            ],
            [
              -64.1591985,
              -31.4264864,
              0.0
            ],
            [
              -64.1597286,
              -31.4264664,
              0.0
            ],
            [
              -64.1605186,
              -31.4263162,
              0.0
            ],
            [
              -64.1609986,
              -31.4262261,
              0.0
            ],
            [
              -64.1616487,
              -31.426166,
              0.0
            ],
            [
              -64.1622487,
              -31.426096,
              0.0
            ],
            [
              -64.1635187,
              -31.4259058,
              0.0
            ],
            [
              -64.1646387,
              -31.4254257,
              0.0
            ],
            [
              -64.1664387,
              -31.4251255,
              0.0
            ],
            [
              -64.166448,
              -31.4251245,
              0.0
            ],
            [
              -64.167427,
              -31.4240129,
              0.0
            ],
            [
              -64.1674289,
              -31.4240107,
              0.0
            ],
            [
              -64.1690189,
              -31.4248353,
              0.0
            ],
            [
              -64.1691889,
              -31.4253353,
              0.0
            ],
            [
              -64.170469,
              -31.4251152,
              0.0
            ],
            [
              -64.1693991,
              -31.4274054,
              0.0
            ],
            [
              -64.1695791,
              -31.4282054,
              0.0
            ],
            [
              -64.1698291,
              -31.4289754,
              0.0
            ],
            [
              -64.1698891,
              -31.4292354,
              0.0
            ],
            [
              -64.1697891,
              -31.4296454,
              0.0
            ],
            [
              -64.1697891,
              -31.4301654,
              0.0
            ],
            [
              -64.1697991,
              -31.4303054,
              0.0
            ],
            [
              -64.169779,
              -31.4313154,
              0.0
            ],
            [
              -64.1697873,
              -31.4313242,
              0.0
            ],
            [
              -64.1697866,
              -31.4333241,
              0.0
            ],
            [
              -64.1687987,
              -31.4346653,
              0.0
            ],
            [
              -64.1687989,
              -31.4346715,
              0.0
            ],
            [
              -64.1687889,
              -31.4351455,
              0.0
            ],
            [
              -64.1687889,
              -31.4354155,
              0.0
            ],
            [
              -64.1687889,
              -31.4359955,
              0.0
            ],
            [
              -64.1687689,
              -31.4366356,
              0.0
            ],
            [
              -64.1687588,
              -31.4371056,
              0.0
            ],
            [
              -64.1687588,
              -31.4380455,
              0.0
            ],
            [
              -64.1687588,
              -31.4388655,
              0.0
            ],
            [
              -64.1687587,
              -31.4397956,
              0.0
            ],
            [
              -64.1687587,
              -31.4401256,
              0.0
            ],
            [
              -64.1687388,
              -31.4402956,
              0.0
            ],
            [
              -64.1687488,
              -31.4406056,
              0.0
            ],
            [
              -64.1658156,
              -31.4404078,
              0.0
            ],
            [
              -64.1646286,
              -31.4403309,
              0.0
            ],
            [
              -64.1634485,
              -31.440276,
              0.0
            ],
            [
              -64.1618684,
              -31.4402462,
              0.0
            ],
            [
              -64.1605284,
              -31.4402364,
              0.0
            ],
            [
              -64.1596883,
              -31.4402165,
              0.0
            ],
            [
              -64.1590383,
              -31.4402266,
              0.0
            ],
            [
              -64.1580783,
              -31.4402267,
              0.0
            ],
            [
              -64.1567482,
              -31.4402169,
              0.0
            ],
            [
              -64.1552881,
              -31.4402471,
              0.0
            ],
            [
              -64.153608,
              -31.4404275,
              0.0
            ],
            [
              -64.1505479,
              -31.441018,
              0.0
            ],
            [
              -64.1497678,
              -31.4412082,
              0.0
            ],
            [
              -64.1494578,
              -31.4413283,
              0.0
            ],
            [
              -64.1487968,
              -31.4412204,
              0.0
            ],
            [
              -64.1481977,
              -31.4412286,
              0.0
            ],
            [
              -64.1464576,
              -31.441239,
              0.0
            ],
            [
              -64.1451376,
              -31.4412493,
              0.0
            ],
            [
              -64.1439775,
              -31.4412492,
              0.0
            ],
            [
              -64.1439776,
              -31.4408792,
              0.0
            ],
            [
              -64.1428175,
              -31.4408789,
              0.0
            ],
            [
              -64.1427963,
              -31.4408785,
              0.0
            ],
            [
              -64.1428046,
              -31.439259,
              0.0
            ],
            [
              -64.1428119,
              -31.4378234,
              0.0
            ],
            [
              -64.1445341,
              -31.4378078,
              0.0
            ],
            [
              -64.1445276,
              -31.4377993,
              0.0
            ],
            [
              -64.1441877,
              -31.4374792,
              0.0
            ],
            [
              -64.1439477,
              -31.4361291,
              0.0
            ],
            [
              -64.1438677,
              -31.4356491,
              0.0
            ],
            [
              -64.1438477,
              -31.4352391,
              0.0
            ],
            [
              -64.1439907,
              -31.4345561,
              0.0
            ],
            [
              -64.1441417,
              -31.4341891,
              0.0
            ],
            [
              -64.1443387,
              -31.4338022,
              0.0
            ],
            [
              -64.1446068,
              -31.4333262,
              0.0
            ],
            [
              -64.1448378,
              -31.4330233,
              0.0
            ],
            [
              -64.1449177,
              -31.4328893,
              0.0
            ],
            [
              -64.1453278,
              -31.4323391,
              0.0
            ],
            [
              -64.1458979,
              -31.431899,
              0.0
            ],
            [
              -64.1464957,
              -31.4314984,
              0.0
            ],
            [
              -64.1469279,
              -31.4312088,
              0.0
            ],
            [
              -64.147998,
              -31.4306885,
              0.0
            ],
            [
              -64.1479951,
              -31.4306841,
              0.0
            ],
            [
              -64.149234,
              -31.4300743,
              0.0
            ],
            [
              -64.1501556,
              -31.4298401,
              0.0
            ],
            [
              -64.150166,
              -31.4298355,
              0.0
            ],
            [
              -64.1501682,
              -31.4298381,
              0.0
            ]
          ]
        ]
      }
    },
    {
      "type": "Feature",
      "properties": {
        "gid": 72,
        "distrito": 4,
        "provincia": "Córdoba",
        "departamen": "Capital",
        "cabecera": "Córdoba",
        "circuito": "012C",
        "indec_p": 14,
        "indec_d": 14
      },
      "geometry": {
        "type": "Polygon",
        "coordinates": [
          [
            [
              -64.1114335,
              -31.5239413,
              0.0
            ],
            [
              -64.1121741,
              -31.4901151,
              0.0
            ],
            [
              -64.1123235,
              -31.4832868,
              0.0
            ],
            [
              -64.1186965,
              -31.4833808,
              0.0
            ],
            [
              -64.127184,
              -31.483506,
              0.0
            ],
            [
              -64.1272608,
              -31.4826264,
              0.0
            ],
            [
              -64.127289,
              -31.4823022,
              0.0
            ],
            [
              -64.1272771,
              -31.4823022,
              0.0
            ],
            [
              -64.1272894,
              -31.4821412,
              0.0
            ],
            [
              -64.1275438,
              -31.4788073,
              0.0
            ],
            [
              -64.1275541,
              -31.4788072,
              0.0
            ],
            [
              -64.1276561,
              -31.4788072,
              0.0
            ],
            [
              -64.1353752,
              -31.4788083,
              0.0
            ],
            [
              -64.1360703,
              -31.4788084,
              0.0
            ],
            [
              -64.1368963,
              -31.4788085,
              0.0
            ],
            [
              -64.1375223,
              -31.4788087,
              0.0
            ],
            [
              -64.1382873,
              -31.4788078,
              0.0
            ],
            [
              -64.1390413,
              -31.478808,
              0.0
            ],
            [
              -64.1397733,
              -31.4788081,
              0.0
            ],
            [
              -64.1405203,
              -31.4788083,
              0.0
            ],
            [
              -64.1412784,
              -31.4788084,
              0.0
            ],
            [
              -64.1420464,
              -31.4788086,
              0.0
            ],
            [
              -64.1428094,
              -31.4788098,
              0.0
            ],
            [
              -64.1435714,
              -31.4788089,
              0.0
            ],
            [
              -64.1443854,
              -31.4788089,
              0.0
            ],
            [
              -64.1451405,
              -31.4788098,
              0.0
            ],
            [
              -64.1458885,
              -31.4788096,
              0.0
            ],
            [
              -64.1466165,
              -31.4788094,
              0.0
            ],
            [
              -64.1474976,
              -31.4788083,
              0.0
            ],
            [
              -64.1474516,
              -31.4822599,
              0.0
            ],
            [
              -64.1474466,
              -31.4822623,
              0.0
            ],
            [
              -64.1473761,
              -31.4868208,
              0.0
            ],
            [
              -64.1473099,
              -31.4911145,
              0.0
            ],
            [
              -64.1466551,
              -31.5244595,
              0.0
            ],
            [
              -64.1460737,
              -31.5244512,
              0.0
            ],
            [
              -64.1270103,
              -31.5241713,
              0.0
            ],
            [
              -64.1265113,
              -31.5241639,
              0.0
            ],
            [
              -64.1191095,
              -31.5240546,
              0.0
            ],
            [
              -64.1114453,
              -31.5239415,
              0.0
            ],
            [
              -64.1114335,
              -31.5239413,
              0.0
            ]
          ]
        ]
      }
    },
    {
      "type": "Feature",
      "properties": {
        "gid": 75,
        "distrito": 4,
        "provincia": "Córdoba",
        "departamen": "Capital",
        "cabecera": "Córdoba",
        "circuito": "012F",
        "indec_p": 14,
        "indec_d": 14
      },
      "geometry": {
        "type": "Polygon",
        "coordinates": [
          [
            [
              -64.1686586,
              -31.4475657,
              0.0
            ],
            [
              -64.1686586,
              -31.4484857,
              0.0
            ],
            [
              -64.1686586,
              -31.4493757,
              0.0
            ],
            [
              -64.1686585,
              -31.4497357,
              0.0
            ],
            [
              -64.1686485,
              -31.4500257,
              0.0
            ],
            [
              -64.1686385,
              -31.4509758,
              0.0
            ],
            [
              -64.1686485,
              -31.4521957,
              0.0
            ],
            [
              -64.1686385,
              -31.4541258,
              0.0
            ],
            [
              -64.1686285,
              -31.4548258,
              0.0
            ],
            [
              -64.1686285,
              -31.4554559,
              0.0
            ],
            [
              -64.1686185,
              -31.4569159,
              0.0
            ],
            [
              -64.1686185,
              -31.4582259,
              0.0
            ],
            [
              -64.1631883,
              -31.4583063,
              0.0
            ],
            [
              -64.1601181,
              -31.4583367,
              0.0
            ],
            [
              -64.1595081,
              -31.4583368,
              0.0
            ],
            [
              -64.158133,
              -31.4583379,
              0.0
            ],
            [
              -64.1516877,
              -31.458348,
              0.0
            ],
            [
              -64.1479975,
              -31.4583888,
              0.0
            ],
            [
              -64.1479475,
              -31.4581588,
              0.0
            ],
            [
              -64.1479275,
              -31.4577488,
              0.0
            ],
            [
              -64.1479075,
              -31.4571288,
              0.0
            ],
            [
              -64.1479376,
              -31.4551788,
              0.0
            ],
            [
              -64.1479676,
              -31.4532587,
              0.0
            ],
            [
              -64.1480876,
              -31.4479276,
              0.0
            ],
            [
              -64.1481677,
              -31.4450886,
              0.0
            ],
            [
              -64.1481977,
              -31.4438886,
              0.0
            ],
            [
              -64.1481977,
              -31.4435786,
              0.0
            ],
            [
              -64.1482177,
              -31.4429985,
              0.0
            ],
            [
              -64.1482578,
              -31.4416786,
              0.0
            ],
            [
              -64.1481977,
              -31.4412286,
              0.0
            ],
            [
              -64.1487968,
              -31.4412204,
              0.0
            ],
            [
              -64.1494578,
              -31.4413283,
              0.0
            ],
            [
              -64.1497678,
              -31.4412082,
              0.0
            ],
            [
              -64.1505479,
              -31.441018,
              0.0
            ],
            [
              -64.153608,
              -31.4404275,
              0.0
            ],
            [
              -64.1552881,
              -31.4402471,
              0.0
            ],
            [
              -64.1567482,
              -31.4402169,
              0.0
            ],
            [
              -64.1580783,
              -31.4402267,
              0.0
            ],
            [
              -64.1590383,
              -31.4402266,
              0.0
            ],
            [
              -64.1596883,
              -31.4402165,
              0.0
            ],
            [
              -64.1605284,
              -31.4402364,
              0.0
            ],
            [
              -64.1618684,
              -31.4402462,
              0.0
            ],
            [
              -64.1634485,
              -31.440276,
              0.0
            ],
            [
              -64.1646286,
              -31.4403309,
              0.0
            ],
            [
              -64.1658156,
              -31.4404078,
              0.0
            ],
            [
              -64.1687488,
              -31.4406056,
              0.0
            ],
            [
              -64.1687387,
              -31.4412156,
              0.0
            ],
            [
              -64.1687187,
              -31.4425457,
              0.0
            ],
            [
              -64.1686886,
              -31.4436257,
              0.0
            ],
            [
              -64.1686886,
              -31.4441556,
              0.0
            ],
            [
              -64.1686787,
              -31.4446256,
              0.0
            ],
            [
              -64.1686887,
              -31.4450756,
              0.0
            ],
            [
              -64.1686786,
              -31.4455657,
              0.0
            ],
            [
              -64.1686686,
              -31.4457157,
              0.0
            ],
            [
              -64.1686686,
              -31.4464457,
              0.0
            ],
            [
              -64.1686586,
              -31.4470657,
              0.0
            ],
            [
              -64.1686586,
              -31.4475657,
              0.0
            ]
          ]
        ]
      }
    },
    {
      "type": "Feature",
      "properties": {
        "gid": 76,
        "distrito": 4,
        "provincia": "Córdoba",
        "departamen": "Capital",
        "cabecera": "Córdoba",
        "circuito": "012G",
        "indec_p": 14,
        "indec_d": 14
      },
      "geometry": {
        "type": "Polygon",
        "coordinates": [
          [
            [
              -64.0735091,
              -31.4691979,
              0.0
            ],
            [
              -64.0735075,
              -31.4685975,
              0.0
            ],
            [
              -64.0735075,
              -31.468597,
              0.0
            ],
            [
              -64.073507,
              -31.4683752,
              0.0
            ],
            [
              -64.0735069,
              -31.4683719,
              0.0
            ],
            [
              -64.0782446,
              -31.4684441,
              0.0
            ],
            [
              -64.0782351,
              -31.4679395,
              0.0
            ],
            [
              -64.0782251,
              -31.4672895,
              0.0
            ],
            [
              -64.0782251,
              -31.4666995,
              0.0
            ],
            [
              -64.078215,
              -31.4660995,
              0.0
            ],
            [
              -64.0782151,
              -31.4655795,
              0.0
            ],
            [
              -64.0782051,
              -31.4649894,
              0.0
            ],
            [
              -64.0781951,
              -31.4643295,
              0.0
            ],
            [
              -64.0781851,
              -31.4636894,
              0.0
            ],
            [
              -64.0781851,
              -31.4631594,
              0.0
            ],
            [
              -64.078175,
              -31.4626094,
              0.0
            ],
            [
              -64.0781651,
              -31.4619593,
              0.0
            ],
            [
              -64.0794751,
              -31.4619696,
              0.0
            ],
            [
              -64.0807651,
              -31.46197,
              0.0
            ],
            [
              -64.0821252,
              -31.46196,
              0.0
            ],
            [
              -64.0821351,
              -31.4625999,
              0.0
            ],
            [
              -64.0821352,
              -31.4631082,
              0.0
            ],
            [
              -64.0881406,
              -31.4631746,
              0.0
            ],
            [
              -64.0881303,
              -31.4636787,
              0.0
            ],
            [
              -64.0887065,
              -31.4636805,
              0.0
            ],
            [
              -64.0893866,
              -31.4636823,
              0.0
            ],
            [
              -64.0900856,
              -31.4635082,
              0.0
            ],
            [
              -64.0906857,
              -31.4634981,
              0.0
            ],
            [
              -64.0914157,
              -31.463498,
              0.0
            ],
            [
              -64.0917457,
              -31.4634879,
              0.0
            ],
            [
              -64.0919957,
              -31.4635779,
              0.0
            ],
            [
              -64.0926857,
              -31.4635878,
              0.0
            ],
            [
              -64.0934067,
              -31.4635757,
              0.0
            ],
            [
              -64.0940557,
              -31.4635675,
              0.0
            ],
            [
              -64.0946938,
              -31.4635705,
              0.0
            ],
            [
              -64.0954458,
              -31.4635874,
              0.0
            ],
            [
              -64.0961898,
              -31.4635743,
              0.0
            ],
            [
              -64.096199,
              -31.4631215,
              0.0
            ],
            [
              -64.0969258,
              -31.4631232,
              0.0
            ],
            [
              -64.0969259,
              -31.4631172,
              0.0
            ],
            [
              -64.0976559,
              -31.4631071,
              0.0
            ],
            [
              -64.098306,
              -31.463087,
              0.0
            ],
            [
              -64.098936,
              -31.4630769,
              0.0
            ],
            [
              -64.099606,
              -31.4630568,
              0.0
            ],
            [
              -64.1003261,
              -31.4630368,
              0.0
            ],
            [
              -64.1010461,
              -31.4630267,
              0.0
            ],
            [
              -64.1010561,
              -31.4635167,
              0.0
            ],
            [
              -64.1010542,
              -31.4635215,
              0.0
            ],
            [
              -64.1040087,
              -31.4634941,
              0.0
            ],
            [
              -64.1040062,
              -31.4634964,
              0.0
            ],
            [
              -64.1026562,
              -31.4648165,
              0.0
            ],
            [
              -64.098606,
              -31.4690071,
              0.0
            ],
            [
              -64.09768,
              -31.4702998,
              0.0
            ],
            [
              -64.073575,
              -31.4940142,
              0.0
            ],
            [
              -64.0735749,
              -31.4939545,
              0.0
            ],
            [
              -64.0735749,
              -31.4939542,
              0.0
            ],
            [
              -64.0735748,
              -31.4939033,
              0.0
            ],
            [
              -64.0735747,
              -31.4938844,
              0.0
            ],
            [
              -64.0735599,
              -31.4883155,
              0.0
            ],
            [
              -64.0735377,
              -31.4799572,
              0.0
            ],
            [
              -64.0735191,
              -31.4729905,
              0.0
            ],
            [
              -64.0735091,
              -31.4691979,
              0.0
            ]
          ]
        ]
      }
    },
    {
      "type": "Feature",
      "properties": {
        "gid": 77,
        "distrito": 4,
        "provincia": "Córdoba",
        "departamen": "Capital",
        "cabecera": "Córdoba",
        "circuito": "012H",
        "indec_p": 14,
        "indec_d": 14
      },
      "geometry": {
        "type": "Polygon",
        "coordinates": [
          [
            [
              -64.1466551,
              -31.5244595,
              0.0
            ],
            [
              -64.1473099,
              -31.4911145,
              0.0
            ],
            [
              -64.1473761,
              -31.4868208,
              0.0
            ],
            [
              -64.1474466,
              -31.4822623,
              0.0
            ],
            [
              -64.1474516,
              -31.4822599,
              0.0
            ],
            [
              -64.1474976,
              -31.4788083,
              0.0
            ],
            [
              -64.1475461,
              -31.4751693,
              0.0
            ],
            [
              -64.1475575,
              -31.4751692,
              0.0
            ],
            [
              -64.1475775,
              -31.4739991,
              0.0
            ],
            [
              -64.1475875,
              -31.4731991,
              0.0
            ],
            [
              -64.1475925,
              -31.4728411,
              0.0
            ],
            [
              -64.1476235,
              -31.4703661,
              0.0
            ],
            [
              -64.1476375,
              -31.469249,
              0.0
            ],
            [
              -64.1476475,
              -31.468179,
              0.0
            ],
            [
              -64.1476345,
              -31.466959,
              0.0
            ],
            [
              -64.1476075,
              -31.465859,
              0.0
            ],
            [
              -64.1476075,
              -31.464549,
              0.0
            ],
            [
              -64.1476175,
              -31.463229,
              0.0
            ],
            [
              -64.1477575,
              -31.463219,
              0.0
            ],
            [
              -64.1477975,
              -31.4629089,
              0.0
            ],
            [
              -64.1476675,
              -31.462409,
              0.0
            ],
            [
              -64.1474275,
              -31.461859,
              0.0
            ],
            [
              -64.1472274,
              -31.461399,
              0.0
            ],
            [
              -64.1470974,
              -31.4610991,
              0.0
            ],
            [
              -64.1468375,
              -31.4605791,
              0.0
            ],
            [
              -64.1464874,
              -31.4600291,
              0.0
            ],
            [
              -64.1465775,
              -31.4600292,
              0.0
            ],
            [
              -64.1471275,
              -31.4602791,
              0.0
            ],
            [
              -64.1473975,
              -31.460309,
              0.0
            ],
            [
              -64.1475075,
              -31.4603089,
              0.0
            ],
            [
              -64.1479675,
              -31.4602488,
              0.0
            ],
            [
              -64.1482575,
              -31.4600488,
              0.0
            ],
            [
              -64.1483875,
              -31.4597987,
              0.0
            ],
            [
              -64.1483975,
              -31.4594488,
              0.0
            ],
            [
              -64.1482975,
              -31.4592588,
              0.0
            ],
            [
              -64.1481975,
              -31.4590687,
              0.0
            ],
            [
              -64.1480375,
              -31.4588788,
              0.0
            ],
            [
              -64.1480575,
              -31.4587688,
              0.0
            ],
            [
              -64.1479975,
              -31.4583888,
              0.0
            ],
            [
              -64.1516877,
              -31.458348,
              0.0
            ],
            [
              -64.158133,
              -31.4583379,
              0.0
            ],
            [
              -64.1595081,
              -31.4583368,
              0.0
            ],
            [
              -64.1601181,
              -31.4583367,
              0.0
            ],
            [
              -64.1631883,
              -31.4583063,
              0.0
            ],
            [
              -64.1686185,
              -31.4582259,
              0.0
            ],
            [
              -64.1685984,
              -31.4622359,
              0.0
            ],
            [
              -64.1685885,
              -31.4631159,
              0.0
            ],
            [
              -64.1685785,
              -31.464036,
              0.0
            ],
            [
              -64.1685684,
              -31.4649659,
              0.0
            ],
            [
              -64.1685685,
              -31.465836,
              0.0
            ],
            [
              -64.1684985,
              -31.466446,
              0.0
            ],
            [
              -64.1680584,
              -31.467656,
              0.0
            ],
            [
              -64.1679785,
              -31.468636,
              0.0
            ],
            [
              -64.1679684,
              -31.4689461,
              0.0
            ],
            [
              -64.1681284,
              -31.4698561,
              0.0
            ],
            [
              -64.1681185,
              -31.4700161,
              0.0
            ],
            [
              -64.1683385,
              -31.470536,
              0.0
            ],
            [
              -64.1685384,
              -31.4709161,
              0.0
            ],
            [
              -64.1685885,
              -31.4711861,
              0.0
            ],
            [
              -64.1685685,
              -31.4721161,
              0.0
            ],
            [
              -64.1683365,
              -31.4746112,
              0.0
            ],
            [
              -64.1685166,
              -31.4746059,
              0.0
            ],
            [
              -64.168366,
              -31.4865616,
              0.0
            ],
            [
              -64.167884,
              -31.5247626,
              0.0
            ],
            [
              -64.167378,
              -31.5247555,
              0.0
            ],
            [
              -64.1661757,
              -31.5247383,
              0.0
            ],
            [
              -64.1548096,
              -31.524576,
              0.0
            ],
            [
              -64.1483941,
              -31.5244845,
              0.0
            ],
            [
              -64.1482698,
              -31.5244827,
              0.0
            ],
            [
              -64.147273,
              -31.5244685,
              0.0
            ],
            [
              -64.1466551,
              -31.5244595,
              0.0
            ]
          ]
        ]
      }
    },
    {
      "type": "Feature",
      "properties": {
        "gid": 78,
        "distrito": 4,
        "provincia": "Córdoba",
        "departamen": "Capital",
        "cabecera": "Córdoba",
        "circuito": "0013",
        "indec_p": 14,
        "indec_d": 14
      },
      "geometry": {
        "type": "Polygon",
        "coordinates": [
          [
            [
              -64.152987,
              -31.3830165,
              0.0
            ],
            [
              -64.1531371,
              -31.3830666,
              0.0
            ],
            [
              -64.1538371,
              -31.3832864,
              0.0
            ],
            [
              -64.154067,
              -31.3833564,
              0.0
            ],
            [
              -64.1544271,
              -31.3834663,
              0.0
            ],
            [
              -64.1551471,
              -31.3836962,
              0.0
            ],
            [
              -64.1556171,
              -31.3838561,
              0.0
            ],
            [
              -64.1562472,
              -31.384056,
              0.0
            ],
            [
              -64.1568372,
              -31.3842459,
              0.0
            ],
            [
              -64.1573672,
              -31.3844258,
              0.0
            ],
            [
              -64.1584173,
              -31.3847057,
              0.0
            ],
            [
              -64.1597074,
              -31.3861355,
              0.0
            ],
            [
              -64.1597086,
              -31.3861369,
              0.0
            ],
            [
              -64.1604274,
              -31.3869254,
              0.0
            ],
            [
              -64.1612275,
              -31.3878254,
              0.0
            ],
            [
              -64.1620275,
              -31.3887253,
              0.0
            ],
            [
              -64.1628176,
              -31.3896051,
              0.0
            ],
            [
              -64.1635476,
              -31.3904051,
              0.0
            ],
            [
              -64.1643477,
              -31.391295,
              0.0
            ],
            [
              -64.1650777,
              -31.392125,
              0.0
            ],
            [
              -64.1658577,
              -31.3929949,
              0.0
            ],
            [
              -64.1668678,
              -31.3941349,
              0.0
            ],
            [
              -64.1676978,
              -31.3950548,
              0.0
            ],
            [
              -64.1684979,
              -31.3959347,
              0.0
            ],
            [
              -64.169368,
              -31.3969347,
              0.0
            ],
            [
              -64.170238,
              -31.3978947,
              0.0
            ],
            [
              -64.1710281,
              -31.3988646,
              0.0
            ],
            [
              -64.171338,
              -31.3992846,
              0.0
            ],
            [
              -64.1715161,
              -31.3996557,
              0.0
            ],
            [
              -64.1710881,
              -31.3996047,
              0.0
            ],
            [
              -64.169898,
              -31.3993047,
              0.0
            ],
            [
              -64.168688,
              -31.3989548,
              0.0
            ],
            [
              -64.1678079,
              -31.3986649,
              0.0
            ],
            [
              -64.1671479,
              -31.3984449,
              0.0
            ],
            [
              -64.1658478,
              -31.398025,
              0.0
            ],
            [
              -64.1639278,
              -31.3974652,
              0.0
            ],
            [
              -64.1628677,
              -31.3971453,
              0.0
            ],
            [
              -64.1618076,
              -31.3968254,
              0.0
            ],
            [
              -64.1599075,
              -31.3962357,
              0.0
            ],
            [
              -64.1591075,
              -31.3959958,
              0.0
            ],
            [
              -64.1584675,
              -31.3957958,
              0.0
            ],
            [
              -64.1578875,
              -31.3956059,
              0.0
            ],
            [
              -64.1559173,
              -31.3949763,
              0.0
            ],
            [
              -64.1549573,
              -31.3946664,
              0.0
            ],
            [
              -64.1539572,
              -31.3943365,
              0.0
            ],
            [
              -64.1529471,
              -31.3940268,
              0.0
            ],
            [
              -64.1518571,
              -31.393687,
              0.0
            ],
            [
              -64.1509271,
              -31.3933971,
              0.0
            ],
            [
              -64.149887,
              -31.3930574,
              0.0
            ],
            [
              -64.1492769,
              -31.3928575,
              0.0
            ],
            [
              -64.1487069,
              -31.3927076,
              0.0
            ],
            [
              -64.1479869,
              -31.3925178,
              0.0
            ],
            [
              -64.1476869,
              -31.3924479,
              0.0
            ],
            [
              -64.1478269,
              -31.3920579,
              0.0
            ],
            [
              -64.1478068,
              -31.3913178,
              0.0
            ],
            [
              -64.1478068,
              -31.3910778,
              0.0
            ],
            [
              -64.1478154,
              -31.3910726,
              0.0
            ],
            [
              -64.147817,
              -31.3902799,
              0.0
            ],
            [
              -64.1478069,
              -31.3902678,
              0.0
            ],
            [
              -64.1477968,
              -31.3900378,
              0.0
            ],
            [
              -64.1477968,
              -31.3898178,
              0.0
            ],
            [
              -64.1477985,
              -31.3898165,
              0.0
            ],
            [
              -64.147783,
              -31.3888751,
              0.0
            ],
            [
              -64.1477768,
              -31.3888678,
              0.0
            ],
            [
              -64.1477768,
              -31.3886478,
              0.0
            ],
            [
              -64.1477668,
              -31.3883678,
              0.0
            ],
            [
              -64.1477568,
              -31.3878878,
              0.0
            ],
            [
              -64.1477568,
              -31.3875177,
              0.0
            ],
            [
              -64.1477668,
              -31.3870577,
              0.0
            ],
            [
              -64.1477568,
              -31.3866177,
              0.0
            ],
            [
              -64.1477552,
              -31.3866174,
              0.0
            ],
            [
              -64.1477386,
              -31.3850097,
              0.0
            ],
            [
              -64.1477368,
              -31.3850078,
              0.0
            ],
            [
              -64.1477368,
              -31.3846978,
              0.0
            ],
            [
              -64.1477268,
              -31.3843477,
              0.0
            ],
            [
              -64.1477268,
              -31.3839277,
              0.0
            ],
            [
              -64.1477168,
              -31.3835677,
              0.0
            ],
            [
              -64.1477068,
              -31.3832277,
              0.0
            ],
            [
              -64.1477068,
              -31.3825477,
              0.0
            ],
            [
              -64.1477067,
              -31.3824278,
              0.0
            ],
            [
              -64.1476967,
              -31.3818577,
              0.0
            ],
            [
              -64.1476867,
              -31.3813777,
              0.0
            ],
            [
              -64.1485468,
              -31.3816375,
              0.0
            ],
            [
              -64.1493468,
              -31.3818873,
              0.0
            ],
            [
              -64.1496668,
              -31.3819973,
              0.0
            ],
            [
              -64.1507869,
              -31.382337,
              0.0
            ],
            [
              -64.1513669,
              -31.3825169,
              0.0
            ],
            [
              -64.151817,
              -31.3826568,
              0.0
            ],
            [
              -64.152137,
              -31.3827567,
              0.0
            ],
            [
              -64.152987,
              -31.3830165,
              0.0
            ]
          ]
        ]
      }
    },
    {
      "type": "Feature",
      "properties": {
        "gid": 79,
        "distrito": 4,
        "provincia": "Córdoba",
        "departamen": "Capital",
        "cabecera": "Córdoba",
        "circuito": "013A",
        "indec_p": 14,
        "indec_d": 14
      },
      "geometry": {
        "type": "Polygon",
        "coordinates": [
          [
            [
              -64.1654776,
              -31.3704346,
              0.0
            ],
            [
              -64.1635175,
              -31.3697348,
              0.0
            ],
            [
              -64.1640075,
              -31.3693247,
              0.0
            ],
            [
              -64.1652877,
              -31.3682545,
              0.0
            ],
            [
              -64.1657776,
              -31.3678445,
              0.0
            ],
            [
              -64.1663077,
              -31.3673944,
              0.0
            ],
            [
              -64.1669177,
              -31.3668943,
              0.0
            ],
            [
              -64.1673977,
              -31.3664943,
              0.0
            ],
            [
              -64.1677277,
              -31.3660643,
              0.0
            ],
            [
              -64.1672777,
              -31.3656543,
              0.0
            ],
            [
              -64.1668277,
              -31.3652443,
              0.0
            ],
            [
              -64.1663477,
              -31.3648044,
              0.0
            ],
            [
              -64.1659177,
              -31.3644144,
              0.0
            ],
            [
              -64.1654277,
              -31.3639745,
              0.0
            ],
            [
              -64.1649477,
              -31.3635345,
              0.0
            ],
            [
              -64.1642876,
              -31.3629246,
              0.0
            ],
            [
              -64.1630976,
              -31.3618447,
              0.0
            ],
            [
              -64.1625276,
              -31.3613247,
              0.0
            ],
            [
              -64.1621076,
              -31.3609448,
              0.0
            ],
            [
              -64.1603325,
              -31.3599447,
              0.0
            ],
            [
              -64.1759982,
              -31.3574637,
              0.0
            ],
            [
              -64.1758981,
              -31.3611438,
              0.0
            ],
            [
              -64.1758381,
              -31.3617738,
              0.0
            ],
            [
              -64.1758381,
              -31.3625638,
              0.0
            ],
            [
              -64.1758481,
              -31.3633539,
              0.0
            ],
            [
              -64.1758481,
              -31.3648239,
              0.0
            ],
            [
              -64.175858,
              -31.3663938,
              0.0
            ],
            [
              -64.175868,
              -31.3679039,
              0.0
            ],
            [
              -64.1759081,
              -31.3690639,
              0.0
            ],
            [
              -64.175908,
              -31.3699439,
              0.0
            ],
            [
              -64.1759081,
              -31.3701539,
              0.0
            ],
            [
              -64.175938,
              -31.371004,
              0.0
            ],
            [
              -64.175938,
              -31.371334,
              0.0
            ],
            [
              -64.175958,
              -31.371964,
              0.0
            ],
            [
              -64.175968,
              -31.372414,
              0.0
            ],
            [
              -64.175968,
              -31.374214,
              0.0
            ],
            [
              -64.175978,
              -31.374534,
              0.0
            ],
            [
              -64.175968,
              -31.374664,
              0.0
            ],
            [
              -64.175968,
              -31.374792,
              0.0
            ],
            [
              -64.175968,
              -31.375054,
              0.0
            ],
            [
              -64.175968,
              -31.375974,
              0.0
            ],
            [
              -64.175968,
              -31.376614,
              0.0
            ],
            [
              -64.175968,
              -31.377924,
              0.0
            ],
            [
              -64.175968,
              -31.378164,
              0.0
            ],
            [
              -64.175968,
              -31.378744,
              0.0
            ],
            [
              -64.175968,
              -31.3792441,
              0.0
            ],
            [
              -64.175968,
              -31.3796841,
              0.0
            ],
            [
              -64.175968,
              -31.3802541,
              0.0
            ],
            [
              -64.175968,
              -31.3804441,
              0.0
            ],
            [
              -64.175958,
              -31.3805441,
              0.0
            ],
            [
              -64.175968,
              -31.3810141,
              0.0
            ],
            [
              -64.175198,
              -31.3812542,
              0.0
            ],
            [
              -64.174448,
              -31.3814841,
              0.0
            ],
            [
              -64.173828,
              -31.3816842,
              0.0
            ],
            [
              -64.1731579,
              -31.3818942,
              0.0
            ],
            [
              -64.1722078,
              -31.3822043,
              0.0
            ],
            [
              -64.1713879,
              -31.3824543,
              0.0
            ],
            [
              -64.1712178,
              -31.3825043,
              0.0
            ],
            [
              -64.1706278,
              -31.3827044,
              0.0
            ],
            [
              -64.1701378,
              -31.3828544,
              0.0
            ],
            [
              -64.1695378,
              -31.3830444,
              0.0
            ],
            [
              -64.1689477,
              -31.3832344,
              0.0
            ],
            [
              -64.1684078,
              -31.3834145,
              0.0
            ],
            [
              -64.1678877,
              -31.3835846,
              0.0
            ],
            [
              -64.1676977,
              -31.3831445,
              0.0
            ],
            [
              -64.1674577,
              -31.3825645,
              0.0
            ],
            [
              -64.1672177,
              -31.3819945,
              0.0
            ],
            [
              -64.1669877,
              -31.3814546,
              0.0
            ],
            [
              -64.1669277,
              -31.3812846,
              0.0
            ],
            [
              -64.1665076,
              -31.3802846,
              0.0
            ],
            [
              -64.1662577,
              -31.3797046,
              0.0
            ],
            [
              -64.1658676,
              -31.3792347,
              0.0
            ],
            [
              -64.1659376,
              -31.3789546,
              0.0
            ],
            [
              -64.1656076,
              -31.3782447,
              0.0
            ],
            [
              -64.1654476,
              -31.3778747,
              0.0
            ],
            [
              -64.1653976,
              -31.3777247,
              0.0
            ],
            [
              -64.1653785,
              -31.3777187,
              0.0
            ],
            [
              -64.1677919,
              -31.3770957,
              0.0
            ],
            [
              -64.1676601,
              -31.3766839,
              0.0
            ],
            [
              -64.1676577,
              -31.3766845,
              0.0
            ],
            [
              -64.1676477,
              -31.3766869,
              0.0
            ],
            [
              -64.1668745,
              -31.3744109,
              0.0
            ],
            [
              -64.1668576,
              -31.3744145,
              0.0
            ],
            [
              -64.1666977,
              -31.3739445,
              0.0
            ],
            [
              -64.1663677,
              -31.3730145,
              0.0
            ],
            [
              -64.1661477,
              -31.3723745,
              0.0
            ],
            [
              -64.1654776,
              -31.3704346,
              0.0
            ]
          ]
        ]
      }
    },
    {
      "type": "Feature",
      "properties": {
        "gid": 80,
        "distrito": 4,
        "provincia": "Córdoba",
        "departamen": "Capital",
        "cabecera": "Córdoba",
        "circuito": "013B",
        "indec_p": 14,
        "indec_d": 14
      },
      "geometry": {
        "type": "Polygon",
        "coordinates": [
          [
            [
              -64.1177978,
              -31.3594573,
              0.0
            ],
            [
              -64.0971061,
              -31.3591532,
              0.0
            ],
            [
              -64.0964373,
              -31.342604,
              0.0
            ],
            [
              -64.0964523,
              -31.341673,
              0.0
            ],
            [
              -64.0965192,
              -31.3374911,
              0.0
            ],
            [
              -64.0969426,
              -31.3109971,
              0.0
            ],
            [
              -64.1018333,
              -31.3108345,
              0.0
            ],
            [
              -64.1022754,
              -31.3108198,
              0.0
            ],
            [
              -64.1058048,
              -31.3107025,
              0.0
            ],
            [
              -64.1070321,
              -31.3106617,
              0.0
            ],
            [
              -64.1082381,
              -31.3106216,
              0.0
            ],
            [
              -64.1089241,
              -31.3105987,
              0.0
            ],
            [
              -64.1110089,
              -31.3105294,
              0.0
            ],
            [
              -64.1140868,
              -31.3104271,
              0.0
            ],
            [
              -64.1142714,
              -31.3104167,
              0.0
            ],
            [
              -64.1145653,
              -31.3104001,
              0.0
            ],
            [
              -64.1163857,
              -31.310298,
              0.0
            ],
            [
              -64.1237787,
              -31.3098828,
              0.0
            ],
            [
              -64.123733,
              -31.3428726,
              0.0
            ],
            [
              -64.1237285,
              -31.3458965,
              0.0
            ],
            [
              -64.1208208,
              -31.3525457,
              0.0
            ],
            [
              -64.1189376,
              -31.3568514,
              0.0
            ],
            [
              -64.1177978,
              -31.3594573,
              0.0
            ]
          ]
        ]
      }
    },
    {
      "type": "Feature",
      "properties": {
        "gid": 102,
        "distrito": 4,
        "provincia": "Córdoba",
        "departamen": "Capital",
        "cabecera": "Córdoba",
        "circuito": "014J",
        "indec_p": 14,
        "indec_d": 14
      },
      "geometry": {
        "type": "Polygon",
        "coordinates": [
          [
            [
              -64.2470964,
              -31.3833939,
              0.0
            ],
            [
              -64.2452004,
              -31.3841749,
              0.0
            ],
            [
              -64.2437413,
              -31.3850708,
              0.0
            ],
            [
              -64.2425163,
              -31.3863658,
              0.0
            ],
            [
              -64.2394832,
              -31.3878599,
              0.0
            ],
            [
              -64.2362851,
              -31.389064,
              0.0
            ],
            [
              -64.2338761,
              -31.3899681,
              0.0
            ],
            [
              -64.232686,
              -31.3904792,
              0.0
            ],
            [
              -64.23268,
              -31.3904826,
              0.0
            ],
            [
              -64.2325136,
              -31.3897149,
              0.0
            ],
            [
              -64.2324558,
              -31.3893225,
              0.0
            ],
            [
              -64.23224,
              -31.3892442,
              0.0
            ],
            [
              -64.23157,
              -31.3890242,
              0.0
            ],
            [
              -64.2304899,
              -31.3886643,
              0.0
            ],
            [
              -64.2291498,
              -31.3879643,
              0.0
            ],
            [
              -64.2281098,
              -31.3870545,
              0.0
            ],
            [
              -64.2274598,
              -31.3864745,
              0.0
            ],
            [
              -64.2264797,
              -31.3860046,
              0.0
            ],
            [
              -64.2260197,
              -31.3855146,
              0.0
            ],
            [
              -64.2267897,
              -31.3850546,
              0.0
            ],
            [
              -64.2273697,
              -31.3847645,
              0.0
            ],
            [
              -64.2279797,
              -31.3844645,
              0.0
            ],
            [
              -64.2285397,
              -31.3841844,
              0.0
            ],
            [
              -64.2300498,
              -31.3833742,
              0.0
            ],
            [
              -64.2304418,
              -31.3831612,
              0.0
            ],
            [
              -64.2312999,
              -31.3826941,
              0.0
            ],
            [
              -64.2320299,
              -31.3823241,
              0.0
            ],
            [
              -64.2328499,
              -31.381874,
              0.0
            ],
            [
              -64.23375,
              -31.381344,
              0.0
            ],
            [
              -64.23455,
              -31.3808839,
              0.0
            ],
            [
              -64.23617,
              -31.3799438,
              0.0
            ],
            [
              -64.23678,
              -31.3795937,
              0.0
            ],
            [
              -64.2372801,
              -31.3792938,
              0.0
            ],
            [
              -64.2380101,
              -31.3788737,
              0.0
            ],
            [
              -64.2391102,
              -31.3782437,
              0.0
            ],
            [
              -64.2397602,
              -31.3778736,
              0.0
            ],
            [
              -64.2404402,
              -31.3774936,
              0.0
            ],
            [
              -64.2413502,
              -31.3769736,
              0.0
            ],
            [
              -64.2420203,
              -31.3765936,
              0.0
            ],
            [
              -64.2426203,
              -31.3762536,
              0.0
            ],
            [
              -64.2430603,
              -31.3759836,
              0.0
            ],
            [
              -64.2441414,
              -31.3755237,
              0.0
            ],
            [
              -64.2447154,
              -31.3754657,
              0.0
            ],
            [
              -64.2455254,
              -31.3752927,
              0.0
            ],
            [
              -64.2463024,
              -31.3750047,
              0.0
            ],
            [
              -64.2473834,
              -31.3747448,
              0.0
            ],
            [
              -64.2484305,
              -31.3748608,
              0.0
            ],
            [
              -64.2490385,
              -31.3750909,
              0.0
            ],
            [
              -64.2498155,
              -31.376245,
              0.0
            ],
            [
              -64.2499825,
              -31.377851,
              0.0
            ],
            [
              -64.2498075,
              -31.379146,
              0.0
            ],
            [
              -64.2493415,
              -31.380689,
              0.0
            ],
            [
              -64.2484074,
              -31.3822829,
              0.0
            ],
            [
              -64.2476495,
              -31.3830789,
              0.0
            ],
            [
              -64.2470964,
              -31.3833939,
              0.0
            ]
          ]
        ]
      }
    },
    {
      "type": "Feature",
      "properties": {
        "gid": 81,
        "distrito": 4,
        "provincia": "Córdoba",
        "departamen": "Capital",
        "cabecera": "Córdoba",
        "circuito": "013C",
        "indec_p": 14,
        "indec_d": 14
      },
      "geometry": {
        "type": "Polygon",
        "coordinates": [
          [
            [
              -64.1737482,
              -31.3997246,
              0.0
            ],
            [
              -64.1731981,
              -31.3997645,
              0.0
            ],
            [
              -64.1723481,
              -31.3997446,
              0.0
            ],
            [
              -64.1721281,
              -31.3997346,
              0.0
            ],
            [
              -64.1715161,
              -31.3996557,
              0.0
            ],
            [
              -64.171338,
              -31.3992846,
              0.0
            ],
            [
              -64.1710281,
              -31.3988646,
              0.0
            ],
            [
              -64.170238,
              -31.3978947,
              0.0
            ],
            [
              -64.169368,
              -31.3969347,
              0.0
            ],
            [
              -64.1684979,
              -31.3959347,
              0.0
            ],
            [
              -64.1676978,
              -31.3950548,
              0.0
            ],
            [
              -64.1668678,
              -31.3941349,
              0.0
            ],
            [
              -64.1658577,
              -31.3929949,
              0.0
            ],
            [
              -64.1650777,
              -31.392125,
              0.0
            ],
            [
              -64.1643477,
              -31.391295,
              0.0
            ],
            [
              -64.1635476,
              -31.3904051,
              0.0
            ],
            [
              -64.1628176,
              -31.3896051,
              0.0
            ],
            [
              -64.1620275,
              -31.3887253,
              0.0
            ],
            [
              -64.1612275,
              -31.3878254,
              0.0
            ],
            [
              -64.1604274,
              -31.3869254,
              0.0
            ],
            [
              -64.1597086,
              -31.3861369,
              0.0
            ],
            [
              -64.1607991,
              -31.3862686,
              0.0
            ],
            [
              -64.1614656,
              -31.3865199,
              0.0
            ],
            [
              -64.1614774,
              -31.3865153,
              0.0
            ],
            [
              -64.1630475,
              -31.3861051,
              0.0
            ],
            [
              -64.1637405,
              -31.385902,
              0.0
            ],
            [
              -64.1651776,
              -31.3854648,
              0.0
            ],
            [
              -64.1666577,
              -31.3850147,
              0.0
            ],
            [
              -64.1672477,
              -31.3848446,
              0.0
            ],
            [
              -64.1677777,
              -31.3846846,
              0.0
            ],
            [
              -64.1682978,
              -31.3845246,
              0.0
            ],
            [
              -64.1679577,
              -31.3837245,
              0.0
            ],
            [
              -64.1678877,
              -31.3835846,
              0.0
            ],
            [
              -64.1684078,
              -31.3834145,
              0.0
            ],
            [
              -64.1689477,
              -31.3832344,
              0.0
            ],
            [
              -64.1695378,
              -31.3830444,
              0.0
            ],
            [
              -64.1701378,
              -31.3828544,
              0.0
            ],
            [
              -64.1706278,
              -31.3827044,
              0.0
            ],
            [
              -64.1712178,
              -31.3825043,
              0.0
            ],
            [
              -64.1713879,
              -31.3824543,
              0.0
            ],
            [
              -64.1722078,
              -31.3822043,
              0.0
            ],
            [
              -64.1731579,
              -31.3818942,
              0.0
            ],
            [
              -64.173828,
              -31.3816842,
              0.0
            ],
            [
              -64.174448,
              -31.3814841,
              0.0
            ],
            [
              -64.175198,
              -31.3812542,
              0.0
            ],
            [
              -64.175968,
              -31.3810141,
              0.0
            ],
            [
              -64.175958,
              -31.3815541,
              0.0
            ],
            [
              -64.1759581,
              -31.3822041,
              0.0
            ],
            [
              -64.175958,
              -31.3827741,
              0.0
            ],
            [
              -64.175948,
              -31.3833241,
              0.0
            ],
            [
              -64.175948,
              -31.3839442,
              0.0
            ],
            [
              -64.175938,
              -31.3843942,
              0.0
            ],
            [
              -64.175938,
              -31.3850742,
              0.0
            ],
            [
              -64.1759381,
              -31.3854842,
              0.0
            ],
            [
              -64.1759381,
              -31.3865342,
              0.0
            ],
            [
              -64.175928,
              -31.3868643,
              0.0
            ],
            [
              -64.175928,
              -31.3876542,
              0.0
            ],
            [
              -64.1759181,
              -31.3886143,
              0.0
            ],
            [
              -64.1759181,
              -31.3888043,
              0.0
            ],
            [
              -64.1759081,
              -31.3897543,
              0.0
            ],
            [
              -64.1759081,
              -31.3899043,
              0.0
            ],
            [
              -64.1759081,
              -31.3906443,
              0.0
            ],
            [
              -64.1759081,
              -31.3911243,
              0.0
            ],
            [
              -64.1759081,
              -31.3913543,
              0.0
            ],
            [
              -64.1759081,
              -31.3923943,
              0.0
            ],
            [
              -64.1758982,
              -31.3937243,
              0.0
            ],
            [
              -64.1758882,
              -31.3949044,
              0.0
            ],
            [
              -64.1758882,
              -31.3962344,
              0.0
            ],
            [
              -64.1758782,
              -31.3973244,
              0.0
            ],
            [
              -64.1758682,
              -31.3981144,
              0.0
            ],
            [
              -64.1758682,
              -31.3981249,
              0.0
            ],
            [
              -64.1758683,
              -31.3994845,
              0.0
            ],
            [
              -64.1749982,
              -31.3995945,
              0.0
            ],
            [
              -64.1741982,
              -31.3996945,
              0.0
            ],
            [
              -64.1737482,
              -31.3997246,
              0.0
            ]
          ]
        ]
      }
    },
    {
      "type": "Feature",
      "properties": {
        "gid": 82,
        "distrito": 4,
        "provincia": "Córdoba",
        "departamen": "Capital",
        "cabecera": "Córdoba",
        "circuito": "013D",
        "indec_p": 14,
        "indec_d": 14
      },
      "geometry": {
        "type": "Polygon",
        "coordinates": [
          [
            [
              -64.0731664,
              -31.3412137,
              0.0
            ],
            [
              -64.0933409,
              -31.3416123,
              0.0
            ],
            [
              -64.0964523,
              -31.341673,
              0.0
            ],
            [
              -64.0964373,
              -31.342604,
              0.0
            ],
            [
              -64.0971061,
              -31.3591532,
              0.0
            ],
            [
              -64.0979721,
              -31.3805755,
              0.0
            ],
            [
              -64.0968352,
              -31.3803158,
              0.0
            ],
            [
              -64.0943985,
              -31.379714,
              0.0
            ],
            [
              -64.0932983,
              -31.3794423,
              0.0
            ],
            [
              -64.0915749,
              -31.3790166,
              0.0
            ],
            [
              -64.0782004,
              -31.3759603,
              0.0
            ],
            [
              -64.0732567,
              -31.3748933,
              0.0
            ],
            [
              -64.0732562,
              -31.3747113,
              0.0
            ],
            [
              -64.0732263,
              -31.3636038,
              0.0
            ],
            [
              -64.0732035,
              -31.3551415,
              0.0
            ],
            [
              -64.0731994,
              -31.3536199,
              0.0
            ],
            [
              -64.0731967,
              -31.3526045,
              0.0
            ],
            [
              -64.0731913,
              -31.3505589,
              0.0
            ],
            [
              -64.0731664,
              -31.3412137,
              0.0
            ]
          ]
        ]
      }
    },
    {
      "type": "Feature",
      "properties": {
        "gid": 84,
        "distrito": 4,
        "provincia": "Córdoba",
        "departamen": "Capital",
        "cabecera": "Córdoba",
        "circuito": "013F",
        "indec_p": 14,
        "indec_d": 14
      },
      "geometry": {
        "type": "Polygon",
        "coordinates": [
          [
            [
              -64.1467367,
              -31.3799479,
              0.0
            ],
            [
              -64.1476767,
              -31.3796776,
              0.0
            ],
            [
              -64.1476767,
              -31.3804277,
              0.0
            ],
            [
              -64.1476767,
              -31.3805677,
              0.0
            ],
            [
              -64.1476868,
              -31.3810677,
              0.0
            ],
            [
              -64.1476867,
              -31.3812777,
              0.0
            ],
            [
              -64.1476867,
              -31.3813777,
              0.0
            ],
            [
              -64.1476967,
              -31.3818577,
              0.0
            ],
            [
              -64.1477067,
              -31.3824278,
              0.0
            ],
            [
              -64.1477068,
              -31.3825477,
              0.0
            ],
            [
              -64.1477068,
              -31.3832277,
              0.0
            ],
            [
              -64.1477168,
              -31.3835677,
              0.0
            ],
            [
              -64.1477268,
              -31.3839277,
              0.0
            ],
            [
              -64.1477268,
              -31.3843477,
              0.0
            ],
            [
              -64.1477368,
              -31.3846978,
              0.0
            ],
            [
              -64.1477368,
              -31.3850078,
              0.0
            ],
            [
              -64.1477386,
              -31.3850097,
              0.0
            ],
            [
              -64.1477552,
              -31.3866174,
              0.0
            ],
            [
              -64.1477568,
              -31.3866177,
              0.0
            ],
            [
              -64.1477668,
              -31.3870577,
              0.0
            ],
            [
              -64.1477568,
              -31.3875177,
              0.0
            ],
            [
              -64.1477568,
              -31.3878878,
              0.0
            ],
            [
              -64.1477668,
              -31.3883678,
              0.0
            ],
            [
              -64.1477768,
              -31.3886478,
              0.0
            ],
            [
              -64.1477768,
              -31.3888678,
              0.0
            ],
            [
              -64.147783,
              -31.3888751,
              0.0
            ],
            [
              -64.1477985,
              -31.3898165,
              0.0
            ],
            [
              -64.1477968,
              -31.3898178,
              0.0
            ],
            [
              -64.1477968,
              -31.3900378,
              0.0
            ],
            [
              -64.1478069,
              -31.3902678,
              0.0
            ],
            [
              -64.147817,
              -31.3902799,
              0.0
            ],
            [
              -64.1478154,
              -31.3910726,
              0.0
            ],
            [
              -64.1478068,
              -31.3910778,
              0.0
            ],
            [
              -64.1478068,
              -31.3913178,
              0.0
            ],
            [
              -64.1478269,
              -31.3920579,
              0.0
            ],
            [
              -64.1476869,
              -31.3924479,
              0.0
            ],
            [
              -64.1469168,
              -31.3922981,
              0.0
            ],
            [
              -64.1461868,
              -31.3921382,
              0.0
            ],
            [
              -64.1454567,
              -31.3919683,
              0.0
            ],
            [
              -64.1448367,
              -31.3918181,
              0.0
            ],
            [
              -64.1441968,
              -31.391678,
              0.0
            ],
            [
              -64.1435567,
              -31.3915278,
              0.0
            ],
            [
              -64.1429467,
              -31.3913777,
              0.0
            ],
            [
              -64.1423266,
              -31.3912276,
              0.0
            ],
            [
              -64.1414666,
              -31.3910474,
              0.0
            ],
            [
              -64.1404767,
              -31.3908472,
              0.0
            ],
            [
              -64.1400066,
              -31.3907471,
              0.0
            ],
            [
              -64.1394866,
              -31.390637,
              0.0
            ],
            [
              -64.1389066,
              -31.3904969,
              0.0
            ],
            [
              -64.1382366,
              -31.3903268,
              0.0
            ],
            [
              -64.1375366,
              -31.3901566,
              0.0
            ],
            [
              -64.1367666,
              -31.3899765,
              0.0
            ],
            [
              -64.1368965,
              -31.3895065,
              0.0
            ],
            [
              -64.1368865,
              -31.3886165,
              0.0
            ],
            [
              -64.1368866,
              -31.3882865,
              0.0
            ],
            [
              -64.1368865,
              -31.3877264,
              0.0
            ],
            [
              -64.1368866,
              -31.3873164,
              0.0
            ],
            [
              -64.1368665,
              -31.3863065,
              0.0
            ],
            [
              -64.1368665,
              -31.3860464,
              0.0
            ],
            [
              -64.1368565,
              -31.3853464,
              0.0
            ],
            [
              -64.1368465,
              -31.3844263,
              0.0
            ],
            [
              -64.1368265,
              -31.3833563,
              0.0
            ],
            [
              -64.1368265,
              -31.3823563,
              0.0
            ],
            [
              -64.1368365,
              -31.3813763,
              0.0
            ],
            [
              -64.1368465,
              -31.3803463,
              0.0
            ],
            [
              -64.1368565,
              -31.3793863,
              0.0
            ],
            [
              -64.1368665,
              -31.3784062,
              0.0
            ],
            [
              -64.1367965,
              -31.3781962,
              0.0
            ],
            [
              -64.1379365,
              -31.3783964,
              0.0
            ],
            [
              -64.1396266,
              -31.3786967,
              0.0
            ],
            [
              -64.1410366,
              -31.378957,
              0.0
            ],
            [
              -64.1413666,
              -31.3790171,
              0.0
            ],
            [
              -64.1420066,
              -31.3791272,
              0.0
            ],
            [
              -64.1427666,
              -31.3792674,
              0.0
            ],
            [
              -64.1441866,
              -31.3795177,
              0.0
            ],
            [
              -64.1444366,
              -31.3795677,
              0.0
            ],
            [
              -64.1460966,
              -31.3798481,
              0.0
            ],
            [
              -64.1467367,
              -31.3799479,
              0.0
            ]
          ]
        ]
      }
    },
    {
      "type": "Feature",
      "properties": {
        "gid": 85,
        "distrito": 4,
        "provincia": "Córdoba",
        "departamen": "Capital",
        "cabecera": "Córdoba",
        "circuito": "013G",
        "indec_p": 14,
        "indec_d": 14
      },
      "geometry": {
        "type": "Polygon",
        "coordinates": [
          [
            [
              -64.1761684,
              -31.3492156,
              0.0
            ],
            [
              -64.1760583,
              -31.3497836,
              0.0
            ],
            [
              -64.1760583,
              -31.3506036,
              0.0
            ],
            [
              -64.1760483,
              -31.3513236,
              0.0
            ],
            [
              -64.1760583,
              -31.3523236,
              0.0
            ],
            [
              -64.1760583,
              -31.3528537,
              0.0
            ],
            [
              -64.1760583,
              -31.3532937,
              0.0
            ],
            [
              -64.1760582,
              -31.3540637,
              0.0
            ],
            [
              -64.1760582,
              -31.3542737,
              0.0
            ],
            [
              -64.1760583,
              -31.3550837,
              0.0
            ],
            [
              -64.1759982,
              -31.3574637,
              0.0
            ],
            [
              -64.1603325,
              -31.3599447,
              0.0
            ],
            [
              -64.1516112,
              -31.3613268,
              0.0
            ],
            [
              -64.1473469,
              -31.3620025,
              0.0
            ],
            [
              -64.1473488,
              -31.3613655,
              0.0
            ],
            [
              -64.1473568,
              -31.3591875,
              0.0
            ],
            [
              -64.1473269,
              -31.3554675,
              0.0
            ],
            [
              -64.1473169,
              -31.3552074,
              0.0
            ],
            [
              -64.147247,
              -31.3485274,
              0.0
            ],
            [
              -64.1471973,
              -31.3410473,
              0.0
            ],
            [
              -64.1472572,
              -31.3381173,
              0.0
            ],
            [
              -64.1500046,
              -31.3372833,
              0.0
            ],
            [
              -64.1756187,
              -31.3295071,
              0.0
            ],
            [
              -64.175618,
              -31.3295433,
              0.0
            ],
            [
              -64.1756081,
              -31.3303632,
              0.0
            ],
            [
              -64.1755782,
              -31.3322433,
              0.0
            ],
            [
              -64.1754683,
              -31.3356833,
              0.0
            ],
            [
              -64.1757284,
              -31.3359634,
              0.0
            ],
            [
              -64.1760184,
              -31.3364334,
              0.0
            ],
            [
              -64.1760284,
              -31.3369534,
              0.0
            ],
            [
              -64.1760284,
              -31.3374134,
              0.0
            ],
            [
              -64.1760284,
              -31.3377835,
              0.0
            ],
            [
              -64.1760284,
              -31.3380935,
              0.0
            ],
            [
              -64.1760284,
              -31.3384235,
              0.0
            ],
            [
              -64.1760385,
              -31.3393335,
              0.0
            ],
            [
              -64.1760486,
              -31.3398035,
              0.0
            ],
            [
              -64.1760386,
              -31.3403135,
              0.0
            ],
            [
              -64.1760485,
              -31.3407635,
              0.0
            ],
            [
              -64.1760586,
              -31.3412335,
              0.0
            ],
            [
              -64.1760984,
              -31.3477136,
              0.0
            ],
            [
              -64.1761684,
              -31.3492156,
              0.0
            ]
          ]
        ]
      }
    },
    {
      "type": "Feature",
      "properties": {
        "gid": 86,
        "distrito": 4,
        "provincia": "Córdoba",
        "departamen": "Capital",
        "cabecera": "Córdoba",
        "circuito": "013H",
        "indec_p": 14,
        "indec_d": 14
      },
      "geometry": {
        "type": "Polygon",
        "coordinates": [
          [
            [
              -64.1378166,
              -31.3626361,
              0.0
            ],
            [
              -64.1390566,
              -31.3625763,
              0.0
            ],
            [
              -64.1411766,
              -31.3624867,
              0.0
            ],
            [
              -64.1432967,
              -31.3623671,
              0.0
            ],
            [
              -64.1439167,
              -31.3623273,
              0.0
            ],
            [
              -64.1464467,
              -31.3621377,
              0.0
            ],
            [
              -64.1473468,
              -31.3620276,
              0.0
            ],
            [
              -64.1474168,
              -31.3620175,
              0.0
            ],
            [
              -64.1474368,
              -31.3647675,
              0.0
            ],
            [
              -64.1474267,
              -31.3649176,
              0.0
            ],
            [
              -64.1474468,
              -31.3655275,
              0.0
            ],
            [
              -64.1474768,
              -31.3668675,
              0.0
            ],
            [
              -64.1474768,
              -31.3672476,
              0.0
            ],
            [
              -64.1474867,
              -31.3677076,
              0.0
            ],
            [
              -64.1475067,
              -31.3685076,
              0.0
            ],
            [
              -64.1475068,
              -31.3689176,
              0.0
            ],
            [
              -64.1475167,
              -31.3693076,
              0.0
            ],
            [
              -64.1475267,
              -31.3699676,
              0.0
            ],
            [
              -64.1475368,
              -31.3701176,
              0.0
            ],
            [
              -64.1475467,
              -31.3708876,
              0.0
            ],
            [
              -64.1475468,
              -31.3718076,
              0.0
            ],
            [
              -64.1475567,
              -31.3721576,
              0.0
            ],
            [
              -64.1475667,
              -31.3726176,
              0.0
            ],
            [
              -64.1475567,
              -31.3734377,
              0.0
            ],
            [
              -64.1475767,
              -31.3744776,
              0.0
            ],
            [
              -64.1475867,
              -31.3755476,
              0.0
            ],
            [
              -64.1476067,
              -31.3766276,
              0.0
            ],
            [
              -64.1476172,
              -31.3771708,
              0.0
            ],
            [
              -64.1476233,
              -31.3774937,
              0.0
            ],
            [
              -64.1476267,
              -31.3775976,
              0.0
            ],
            [
              -64.1476267,
              -31.3776377,
              0.0
            ],
            [
              -64.1476344,
              -31.3780474,
              0.0
            ],
            [
              -64.147646,
              -31.3786667,
              0.0
            ],
            [
              -64.1476467,
              -31.3787077,
              0.0
            ],
            [
              -64.1476767,
              -31.3796776,
              0.0
            ],
            [
              -64.1467367,
              -31.3799479,
              0.0
            ],
            [
              -64.1460966,
              -31.3798481,
              0.0
            ],
            [
              -64.1444366,
              -31.3795677,
              0.0
            ],
            [
              -64.1441866,
              -31.3795177,
              0.0
            ],
            [
              -64.1427666,
              -31.3792674,
              0.0
            ],
            [
              -64.1420066,
              -31.3791272,
              0.0
            ],
            [
              -64.1413666,
              -31.3790171,
              0.0
            ],
            [
              -64.1410366,
              -31.378957,
              0.0
            ],
            [
              -64.1396266,
              -31.3786967,
              0.0
            ],
            [
              -64.1379365,
              -31.3783964,
              0.0
            ],
            [
              -64.1367965,
              -31.3781962,
              0.0
            ],
            [
              -64.1346974,
              -31.3778209,
              0.0
            ],
            [
              -64.1328764,
              -31.3775056,
              0.0
            ],
            [
              -64.1328864,
              -31.3748255,
              0.0
            ],
            [
              -64.1328964,
              -31.3742456,
              0.0
            ],
            [
              -64.1328864,
              -31.3737856,
              0.0
            ],
            [
              -64.1328964,
              -31.3732655,
              0.0
            ],
            [
              -64.1328864,
              -31.3729255,
              0.0
            ],
            [
              -64.1328964,
              -31.3723655,
              0.0
            ],
            [
              -64.1328865,
              -31.3722355,
              0.0
            ],
            [
              -64.1328905,
              -31.3717135,
              0.0
            ],
            [
              -64.1328964,
              -31.3712155,
              0.0
            ],
            [
              -64.1328964,
              -31.3706955,
              0.0
            ],
            [
              -64.1328865,
              -31.3701454,
              0.0
            ],
            [
              -64.1328764,
              -31.3696355,
              0.0
            ],
            [
              -64.1328764,
              -31.3693433,
              0.0
            ],
            [
              -64.1328764,
              -31.3693255,
              0.0
            ],
            [
              -64.1328764,
              -31.3690855,
              0.0
            ],
            [
              -64.1328664,
              -31.3687454,
              0.0
            ],
            [
              -64.1328665,
              -31.3685054,
              0.0
            ],
            [
              -64.1328664,
              -31.3681455,
              0.0
            ],
            [
              -64.1328564,
              -31.3679455,
              0.0
            ],
            [
              -64.1328565,
              -31.3675754,
              0.0
            ],
            [
              -64.1328482,
              -31.3675756,
              0.0
            ],
            [
              -64.1328413,
              -31.36677,
              0.0
            ],
            [
              -64.1328466,
              -31.3667306,
              0.0
            ],
            [
              -64.1332314,
              -31.363883,
              0.0
            ],
            [
              -64.1343965,
              -31.3632956,
              0.0
            ],
            [
              -64.1362065,
              -31.3628758,
              0.0
            ],
            [
              -64.1378166,
              -31.3626361,
              0.0
            ]
          ]
        ]
      }
    },
    {
      "type": "Feature",
      "properties": {
        "gid": 87,
        "distrito": 4,
        "provincia": "Córdoba",
        "departamen": "Capital",
        "cabecera": "Córdoba",
        "circuito": "013I",
        "indec_p": 14,
        "indec_d": 14
      },
      "geometry": {
        "type": "Polygon",
        "coordinates": [
          [
            [
              -64.1239808,
              -31.3756702,
              0.0
            ],
            [
              -64.1188816,
              -31.3751126,
              0.0
            ],
            [
              -64.1182807,
              -31.3664343,
              0.0
            ],
            [
              -64.1225856,
              -31.3665219,
              0.0
            ],
            [
              -64.1296672,
              -31.366666,
              0.0
            ],
            [
              -64.1302358,
              -31.3666776,
              0.0
            ],
            [
              -64.1314679,
              -31.3667026,
              0.0
            ],
            [
              -64.1328466,
              -31.3667306,
              0.0
            ],
            [
              -64.1328413,
              -31.36677,
              0.0
            ],
            [
              -64.1328482,
              -31.3675756,
              0.0
            ],
            [
              -64.1328565,
              -31.3675754,
              0.0
            ],
            [
              -64.1328564,
              -31.3679455,
              0.0
            ],
            [
              -64.1328664,
              -31.3681455,
              0.0
            ],
            [
              -64.1328665,
              -31.3685054,
              0.0
            ],
            [
              -64.1328664,
              -31.3687454,
              0.0
            ],
            [
              -64.1328764,
              -31.3690855,
              0.0
            ],
            [
              -64.1328764,
              -31.3693255,
              0.0
            ],
            [
              -64.1328764,
              -31.3693433,
              0.0
            ],
            [
              -64.1328764,
              -31.3696355,
              0.0
            ],
            [
              -64.1328865,
              -31.3701454,
              0.0
            ],
            [
              -64.1328964,
              -31.3706955,
              0.0
            ],
            [
              -64.1328964,
              -31.3712155,
              0.0
            ],
            [
              -64.1328905,
              -31.3717135,
              0.0
            ],
            [
              -64.1328865,
              -31.3722355,
              0.0
            ],
            [
              -64.1328964,
              -31.3723655,
              0.0
            ],
            [
              -64.1328864,
              -31.3729255,
              0.0
            ],
            [
              -64.1328964,
              -31.3732655,
              0.0
            ],
            [
              -64.1328864,
              -31.3737856,
              0.0
            ],
            [
              -64.1328964,
              -31.3742456,
              0.0
            ],
            [
              -64.1328864,
              -31.3748255,
              0.0
            ],
            [
              -64.1328764,
              -31.3775056,
              0.0
            ],
            [
              -64.1267663,
              -31.3764149,
              0.0
            ],
            [
              -64.1242562,
              -31.3759347,
              0.0
            ],
            [
              -64.1241462,
              -31.3759046,
              0.0
            ],
            [
              -64.1239862,
              -31.3757047,
              0.0
            ],
            [
              -64.1239808,
              -31.3756702,
              0.0
            ]
          ]
        ]
      }
    },
    {
      "type": "Feature",
      "properties": {
        "gid": 94,
        "distrito": 4,
        "provincia": "Córdoba",
        "departamen": "Capital",
        "cabecera": "Córdoba",
        "circuito": "014A",
        "indec_p": 14,
        "indec_d": 14
      },
      "geometry": {
        "type": "Polygon",
        "coordinates": [
          [
            [
              -64.2420617,
              -31.3366768,
              0.0
            ],
            [
              -64.2406205,
              -31.336763,
              0.0
            ],
            [
              -64.2404903,
              -31.3323129,
              0.0
            ],
            [
              -64.2405003,
              -31.3313929,
              0.0
            ],
            [
              -64.2405003,
              -31.3304628,
              0.0
            ],
            [
              -64.2405002,
              -31.3295228,
              0.0
            ],
            [
              -64.2405102,
              -31.3290228,
              0.0
            ],
            [
              -64.2405202,
              -31.3286727,
              0.0
            ],
            [
              -64.2405202,
              -31.3277827,
              0.0
            ],
            [
              -64.2405301,
              -31.3269028,
              0.0
            ],
            [
              -64.2405301,
              -31.3260127,
              0.0
            ],
            [
              -64.2405301,
              -31.3250627,
              0.0
            ],
            [
              -64.24048,
              -31.3241127,
              0.0
            ],
            [
              -64.24048,
              -31.3232327,
              0.0
            ],
            [
              -64.24049,
              -31.3222726,
              0.0
            ],
            [
              -64.2405,
              -31.3214627,
              0.0
            ],
            [
              -64.2404999,
              -31.3205426,
              0.0
            ],
            [
              -64.2405027,
              -31.3202825,
              0.0
            ],
            [
              -64.2443897,
              -31.3202868,
              0.0
            ],
            [
              -64.2443901,
              -31.3202826,
              0.0
            ],
            [
              -64.2461701,
              -31.3202926,
              0.0
            ],
            [
              -64.2465601,
              -31.3202926,
              0.0
            ],
            [
              -64.2475101,
              -31.3203027,
              0.0
            ],
            [
              -64.2481602,
              -31.3203028,
              0.0
            ],
            [
              -64.2490002,
              -31.3203028,
              0.0
            ],
            [
              -64.2498302,
              -31.3203128,
              0.0
            ],
            [
              -64.2507002,
              -31.3203229,
              0.0
            ],
            [
              -64.2517003,
              -31.3203229,
              0.0
            ],
            [
              -64.2523003,
              -31.320323,
              0.0
            ],
            [
              -64.2526703,
              -31.320323,
              0.0
            ],
            [
              -64.2531703,
              -31.3203231,
              0.0
            ],
            [
              -64.2541603,
              -31.3203331,
              0.0
            ],
            [
              -64.2550304,
              -31.3203332,
              0.0
            ],
            [
              -64.2558404,
              -31.3203433,
              0.0
            ],
            [
              -64.2566904,
              -31.3203434,
              0.0
            ],
            [
              -64.2577004,
              -31.3203436,
              0.0
            ],
            [
              -64.2585705,
              -31.3203537,
              0.0
            ],
            [
              -64.2594904,
              -31.3203537,
              0.0
            ],
            [
              -64.2613471,
              -31.3203639,
              0.0
            ],
            [
              -64.2613605,
              -31.320364,
              0.0
            ],
            [
              -64.2613659,
              -31.320364,
              0.0
            ],
            [
              -64.2604763,
              -31.3216997,
              0.0
            ],
            [
              -64.2609532,
              -31.3217942,
              0.0
            ],
            [
              -64.2632234,
              -31.3229114,
              0.0
            ],
            [
              -64.26328,
              -31.3229578,
              0.0
            ],
            [
              -64.2641666,
              -31.3236874,
              0.0
            ],
            [
              -64.2662676,
              -31.3247141,
              0.0
            ],
            [
              -64.2672075,
              -31.325443,
              0.0
            ],
            [
              -64.2672907,
              -31.3254452,
              0.0
            ],
            [
              -64.2682708,
              -31.3254654,
              0.0
            ],
            [
              -64.2674708,
              -31.3265853,
              0.0
            ],
            [
              -64.2666908,
              -31.3276652,
              0.0
            ],
            [
              -64.2662308,
              -31.3282951,
              0.0
            ],
            [
              -64.2660008,
              -31.328625,
              0.0
            ],
            [
              -64.2655409,
              -31.329265,
              0.0
            ],
            [
              -64.2645109,
              -31.3306548,
              0.0
            ],
            [
              -64.2635409,
              -31.3315047,
              0.0
            ],
            [
              -64.2630809,
              -31.3317746,
              0.0
            ],
            [
              -64.2624509,
              -31.3320745,
              0.0
            ],
            [
              -64.2624109,
              -31.3328245,
              0.0
            ],
            [
              -64.262351,
              -31.3337445,
              0.0
            ],
            [
              -64.262371,
              -31.3339845,
              0.0
            ],
            [
              -64.262351,
              -31.3342845,
              0.0
            ],
            [
              -64.262341,
              -31.3344945,
              0.0
            ],
            [
              -64.2623011,
              -31.3354246,
              0.0
            ],
            [
              -64.261511,
              -31.3358145,
              0.0
            ],
            [
              -64.2594311,
              -31.3369642,
              0.0
            ],
            [
              -64.2583911,
              -31.3377241,
              0.0
            ],
            [
              -64.256401,
              -31.3391739,
              0.0
            ],
            [
              -64.2551811,
              -31.3398638,
              0.0
            ],
            [
              -64.2551144,
              -31.3399327,
              0.0
            ],
            [
              -64.2551197,
              -31.3396479,
              0.0
            ],
            [
              -64.2538515,
              -31.3398066,
              0.0
            ],
            [
              -64.2525091,
              -31.3384718,
              0.0
            ],
            [
              -64.252461,
              -31.3384935,
              0.0
            ],
            [
              -64.2500569,
              -31.3385223,
              0.0
            ],
            [
              -64.2500068,
              -31.3384918,
              0.0
            ],
            [
              -64.2475501,
              -31.3384582,
              0.0
            ],
            [
              -64.2463937,
              -31.3381194,
              0.0
            ],
            [
              -64.2423824,
              -31.3368317,
              0.0
            ],
            [
              -64.2420617,
              -31.3366768,
              0.0
            ]
          ]
        ]
      }
    },
    {
      "type": "Feature",
      "properties": {
        "gid": 88,
        "distrito": 4,
        "provincia": "Córdoba",
        "departamen": "Capital",
        "cabecera": "Córdoba",
        "circuito": "013J",
        "indec_p": 14,
        "indec_d": 14
      },
      "geometry": {
        "type": "Polygon",
        "coordinates": [
          [
            [
              -64.1651776,
              -31.3854648,
              0.0
            ],
            [
              -64.1637405,
              -31.385902,
              0.0
            ],
            [
              -64.1630475,
              -31.3861051,
              0.0
            ],
            [
              -64.1614774,
              -31.3865153,
              0.0
            ],
            [
              -64.1614656,
              -31.3865199,
              0.0
            ],
            [
              -64.1607991,
              -31.3862686,
              0.0
            ],
            [
              -64.1597086,
              -31.3861369,
              0.0
            ],
            [
              -64.1597074,
              -31.3861355,
              0.0
            ],
            [
              -64.1584173,
              -31.3847057,
              0.0
            ],
            [
              -64.1573672,
              -31.3844258,
              0.0
            ],
            [
              -64.1568372,
              -31.3842459,
              0.0
            ],
            [
              -64.1562472,
              -31.384056,
              0.0
            ],
            [
              -64.1556171,
              -31.3838561,
              0.0
            ],
            [
              -64.1551471,
              -31.3836962,
              0.0
            ],
            [
              -64.1544271,
              -31.3834663,
              0.0
            ],
            [
              -64.154067,
              -31.3833564,
              0.0
            ],
            [
              -64.1538371,
              -31.3832864,
              0.0
            ],
            [
              -64.1531371,
              -31.3830666,
              0.0
            ],
            [
              -64.152987,
              -31.3830165,
              0.0
            ],
            [
              -64.152137,
              -31.3827567,
              0.0
            ],
            [
              -64.151817,
              -31.3826568,
              0.0
            ],
            [
              -64.1513669,
              -31.3825169,
              0.0
            ],
            [
              -64.1507869,
              -31.382337,
              0.0
            ],
            [
              -64.1496668,
              -31.3819973,
              0.0
            ],
            [
              -64.1493468,
              -31.3818873,
              0.0
            ],
            [
              -64.1485468,
              -31.3816375,
              0.0
            ],
            [
              -64.1476867,
              -31.3813777,
              0.0
            ],
            [
              -64.1476867,
              -31.3812777,
              0.0
            ],
            [
              -64.1476868,
              -31.3810677,
              0.0
            ],
            [
              -64.1476767,
              -31.3805677,
              0.0
            ],
            [
              -64.1476767,
              -31.3804277,
              0.0
            ],
            [
              -64.1476767,
              -31.3796776,
              0.0
            ],
            [
              -64.1476467,
              -31.3787077,
              0.0
            ],
            [
              -64.147646,
              -31.3786667,
              0.0
            ],
            [
              -64.1476344,
              -31.3780474,
              0.0
            ],
            [
              -64.1476267,
              -31.3776377,
              0.0
            ],
            [
              -64.1476267,
              -31.3775976,
              0.0
            ],
            [
              -64.1476233,
              -31.3774937,
              0.0
            ],
            [
              -64.1476172,
              -31.3771708,
              0.0
            ],
            [
              -64.1476067,
              -31.3766276,
              0.0
            ],
            [
              -64.1475867,
              -31.3755476,
              0.0
            ],
            [
              -64.1475767,
              -31.3744776,
              0.0
            ],
            [
              -64.1475567,
              -31.3734377,
              0.0
            ],
            [
              -64.1475667,
              -31.3726176,
              0.0
            ],
            [
              -64.1475567,
              -31.3721576,
              0.0
            ],
            [
              -64.1475468,
              -31.3718076,
              0.0
            ],
            [
              -64.1475467,
              -31.3708876,
              0.0
            ],
            [
              -64.1475368,
              -31.3701176,
              0.0
            ],
            [
              -64.1475267,
              -31.3699676,
              0.0
            ],
            [
              -64.1475167,
              -31.3693076,
              0.0
            ],
            [
              -64.1475068,
              -31.3689176,
              0.0
            ],
            [
              -64.1475067,
              -31.3685076,
              0.0
            ],
            [
              -64.1474867,
              -31.3677076,
              0.0
            ],
            [
              -64.1474768,
              -31.3672476,
              0.0
            ],
            [
              -64.1474768,
              -31.3668675,
              0.0
            ],
            [
              -64.1474468,
              -31.3655275,
              0.0
            ],
            [
              -64.1474267,
              -31.3649176,
              0.0
            ],
            [
              -64.1474368,
              -31.3647675,
              0.0
            ],
            [
              -64.1474168,
              -31.3620175,
              0.0
            ],
            [
              -64.1473468,
              -31.3620276,
              0.0
            ],
            [
              -64.1473469,
              -31.3620025,
              0.0
            ],
            [
              -64.1516112,
              -31.3613268,
              0.0
            ],
            [
              -64.1603325,
              -31.3599447,
              0.0
            ],
            [
              -64.1621076,
              -31.3609448,
              0.0
            ],
            [
              -64.1625276,
              -31.3613247,
              0.0
            ],
            [
              -64.1630976,
              -31.3618447,
              0.0
            ],
            [
              -64.1642876,
              -31.3629246,
              0.0
            ],
            [
              -64.1649477,
              -31.3635345,
              0.0
            ],
            [
              -64.1654277,
              -31.3639745,
              0.0
            ],
            [
              -64.1659177,
              -31.3644144,
              0.0
            ],
            [
              -64.1663477,
              -31.3648044,
              0.0
            ],
            [
              -64.1668277,
              -31.3652443,
              0.0
            ],
            [
              -64.1672777,
              -31.3656543,
              0.0
            ],
            [
              -64.1677277,
              -31.3660643,
              0.0
            ],
            [
              -64.1673977,
              -31.3664943,
              0.0
            ],
            [
              -64.1669177,
              -31.3668943,
              0.0
            ],
            [
              -64.1663077,
              -31.3673944,
              0.0
            ],
            [
              -64.1657776,
              -31.3678445,
              0.0
            ],
            [
              -64.1652877,
              -31.3682545,
              0.0
            ],
            [
              -64.1640075,
              -31.3693247,
              0.0
            ],
            [
              -64.1635175,
              -31.3697348,
              0.0
            ],
            [
              -64.1654776,
              -31.3704346,
              0.0
            ],
            [
              -64.1661477,
              -31.3723745,
              0.0
            ],
            [
              -64.1663677,
              -31.3730145,
              0.0
            ],
            [
              -64.1666977,
              -31.3739445,
              0.0
            ],
            [
              -64.1668576,
              -31.3744145,
              0.0
            ],
            [
              -64.1668745,
              -31.3744109,
              0.0
            ],
            [
              -64.1676477,
              -31.3766869,
              0.0
            ],
            [
              -64.1676577,
              -31.3766845,
              0.0
            ],
            [
              -64.1676601,
              -31.3766839,
              0.0
            ],
            [
              -64.1677919,
              -31.3770957,
              0.0
            ],
            [
              -64.1653785,
              -31.3777187,
              0.0
            ],
            [
              -64.1653976,
              -31.3777247,
              0.0
            ],
            [
              -64.1654476,
              -31.3778747,
              0.0
            ],
            [
              -64.1656076,
              -31.3782447,
              0.0
            ],
            [
              -64.1659376,
              -31.3789546,
              0.0
            ],
            [
              -64.1658676,
              -31.3792347,
              0.0
            ],
            [
              -64.1662577,
              -31.3797046,
              0.0
            ],
            [
              -64.1665076,
              -31.3802846,
              0.0
            ],
            [
              -64.1669277,
              -31.3812846,
              0.0
            ],
            [
              -64.1669877,
              -31.3814546,
              0.0
            ],
            [
              -64.1672177,
              -31.3819945,
              0.0
            ],
            [
              -64.1674577,
              -31.3825645,
              0.0
            ],
            [
              -64.1676977,
              -31.3831445,
              0.0
            ],
            [
              -64.1678877,
              -31.3835846,
              0.0
            ],
            [
              -64.1679577,
              -31.3837245,
              0.0
            ],
            [
              -64.1682978,
              -31.3845246,
              0.0
            ],
            [
              -64.1677777,
              -31.3846846,
              0.0
            ],
            [
              -64.1672477,
              -31.3848446,
              0.0
            ],
            [
              -64.1666577,
              -31.3850147,
              0.0
            ],
            [
              -64.1651776,
              -31.3854648,
              0.0
            ]
          ]
        ]
      }
    },
    {
      "type": "Feature",
      "properties": {
        "gid": 93,
        "distrito": 4,
        "provincia": "Córdoba",
        "departamen": "Capital",
        "cabecera": "Córdoba",
        "circuito": "0014",
        "indec_p": 14,
        "indec_d": 14
      },
      "geometry": {
        "type": "Polygon",
        "coordinates": [
          [
            [
              -64.2912023,
              -31.3464565,
              0.0
            ],
            [
              -64.2911893,
              -31.3464612,
              0.0
            ],
            [
              -64.2907523,
              -31.3497598,
              0.0
            ],
            [
              -64.2910708,
              -31.3521909,
              0.0
            ],
            [
              -64.2907992,
              -31.3529256,
              0.0
            ],
            [
              -64.2907542,
              -31.3535096,
              0.0
            ],
            [
              -64.2881069,
              -31.3627071,
              0.0
            ],
            [
              -64.2881072,
              -31.3627132,
              0.0
            ],
            [
              -64.2717028,
              -31.362389,
              0.0
            ],
            [
              -64.2689743,
              -31.3594207,
              0.0
            ],
            [
              -64.2683026,
              -31.3581088,
              0.0
            ],
            [
              -64.268194,
              -31.3571304,
              0.0
            ],
            [
              -64.2682931,
              -31.3551778,
              0.0
            ],
            [
              -64.2693012,
              -31.3522983,
              0.0
            ],
            [
              -64.2687392,
              -31.3523781,
              0.0
            ],
            [
              -64.2676762,
              -31.3531599,
              0.0
            ],
            [
              -64.2659891,
              -31.3547877,
              0.0
            ],
            [
              -64.264157,
              -31.3562274,
              0.0
            ],
            [
              -64.262032,
              -31.357791,
              0.0
            ],
            [
              -64.261541,
              -31.3569449,
              0.0
            ],
            [
              -64.260871,
              -31.3559748,
              0.0
            ],
            [
              -64.2604409,
              -31.3553347,
              0.0
            ],
            [
              -64.259741,
              -31.3543146,
              0.0
            ],
            [
              -64.259001,
              -31.3532145,
              0.0
            ],
            [
              -64.258261,
              -31.3521144,
              0.0
            ],
            [
              -64.257721,
              -31.3513243,
              0.0
            ],
            [
              -64.257261,
              -31.3506542,
              0.0
            ],
            [
              -64.256921,
              -31.3501542,
              0.0
            ],
            [
              -64.256551,
              -31.3496041,
              0.0
            ],
            [
              -64.255581,
              -31.348234,
              0.0
            ],
            [
              -64.254961,
              -31.3483839,
              0.0
            ],
            [
              -64.254561,
              -31.3484839,
              0.0
            ],
            [
              -64.253311,
              -31.3489238,
              0.0
            ],
            [
              -64.2525009,
              -31.3493437,
              0.0
            ],
            [
              -64.2519009,
              -31.3497036,
              0.0
            ],
            [
              -64.2512609,
              -31.3501336,
              0.0
            ],
            [
              -64.2505408,
              -31.3507335,
              0.0
            ],
            [
              -64.2503209,
              -31.3509235,
              0.0
            ],
            [
              -64.2493108,
              -31.3518635,
              0.0
            ],
            [
              -64.2480907,
              -31.3528434,
              0.0
            ],
            [
              -64.2469306,
              -31.3538134,
              0.0
            ],
            [
              -64.2464906,
              -31.3541734,
              0.0
            ],
            [
              -64.2458106,
              -31.3547534,
              0.0
            ],
            [
              -64.2435506,
              -31.3563434,
              0.0
            ],
            [
              -64.2430205,
              -31.3566033,
              0.0
            ],
            [
              -64.2409904,
              -31.3572534,
              0.0
            ],
            [
              -64.2415604,
              -31.3567333,
              0.0
            ],
            [
              -64.2423105,
              -31.3560633,
              0.0
            ],
            [
              -64.2427405,
              -31.3556733,
              0.0
            ],
            [
              -64.2439606,
              -31.3545733,
              0.0
            ],
            [
              -64.2444906,
              -31.3540733,
              0.0
            ],
            [
              -64.2453206,
              -31.3533433,
              0.0
            ],
            [
              -64.2456007,
              -31.3530834,
              0.0
            ],
            [
              -64.2466607,
              -31.3520934,
              0.0
            ],
            [
              -64.2468107,
              -31.3519333,
              0.0
            ],
            [
              -64.2476607,
              -31.3511134,
              0.0
            ],
            [
              -64.2479607,
              -31.3506234,
              0.0
            ],
            [
              -64.2484908,
              -31.3497334,
              0.0
            ],
            [
              -64.2488489,
              -31.3491525,
              0.0
            ],
            [
              -64.2492509,
              -31.3485034,
              0.0
            ],
            [
              -64.2497709,
              -31.3476535,
              0.0
            ],
            [
              -64.250731,
              -31.3460835,
              0.0
            ],
            [
              -64.251161,
              -31.3453535,
              0.0
            ],
            [
              -64.2516911,
              -31.3444536,
              0.0
            ],
            [
              -64.2519011,
              -31.3440836,
              0.0
            ],
            [
              -64.2522811,
              -31.3434235,
              0.0
            ],
            [
              -64.2524411,
              -31.3431636,
              0.0
            ],
            [
              -64.2526611,
              -31.3427736,
              0.0
            ],
            [
              -64.2531511,
              -31.3419636,
              0.0
            ],
            [
              -64.2551144,
              -31.3399327,
              0.0
            ],
            [
              -64.2551811,
              -31.3398638,
              0.0
            ],
            [
              -64.256401,
              -31.3391739,
              0.0
            ],
            [
              -64.2583911,
              -31.3377241,
              0.0
            ],
            [
              -64.2594311,
              -31.3369642,
              0.0
            ],
            [
              -64.2602612,
              -31.3380908,
              0.0
            ],
            [
              -64.2602711,
              -31.3381044,
              0.0
            ],
            [
              -64.2608112,
              -31.3387644,
              0.0
            ],
            [
              -64.2613112,
              -31.3394245,
              0.0
            ],
            [
              -64.2614612,
              -31.3396146,
              0.0
            ],
            [
              -64.2621613,
              -31.3405347,
              0.0
            ],
            [
              -64.2629113,
              -31.3415249,
              0.0
            ],
            [
              -64.2633313,
              -31.342155,
              0.0
            ],
            [
              -64.2641114,
              -31.3423151,
              0.0
            ],
            [
              -64.2642513,
              -31.3436551,
              0.0
            ],
            [
              -64.2643513,
              -31.3448952,
              0.0
            ],
            [
              -64.2644513,
              -31.3459852,
              0.0
            ],
            [
              -64.2646312,
              -31.3474453,
              0.0
            ],
            [
              -64.2662813,
              -31.3473356,
              0.0
            ],
            [
              -64.2676313,
              -31.3472559,
              0.0
            ],
            [
              -64.2690314,
              -31.3471661,
              0.0
            ],
            [
              -64.2697914,
              -31.3471163,
              0.0
            ],
            [
              -64.2709314,
              -31.3470465,
              0.0
            ],
            [
              -64.2722614,
              -31.3469669,
              0.0
            ],
            [
              -64.2738115,
              -31.3468564,
              0.0
            ],
            [
              -64.2751316,
              -31.3467761,
              0.0
            ],
            [
              -64.2765216,
              -31.3466858,
              0.0
            ],
            [
              -64.2779217,
              -31.3465955,
              0.0
            ],
            [
              -64.2788218,
              -31.3465354,
              0.0
            ],
            [
              -64.2797918,
              -31.3464751,
              0.0
            ],
            [
              -64.2812119,
              -31.3463849,
              0.0
            ],
            [
              -64.2812272,
              -31.3464066,
              0.0
            ],
            [
              -64.2843203,
              -31.345657,
              0.0
            ],
            [
              -64.2893137,
              -31.3428733,
              0.0
            ],
            [
              -64.2907346,
              -31.3414996,
              0.0
            ],
            [
              -64.2907427,
              -31.3415015,
              0.0
            ],
            [
              -64.2920493,
              -31.3418003,
              0.0
            ],
            [
              -64.2914824,
              -31.3447804,
              0.0
            ],
            [
              -64.2914263,
              -31.3459774,
              0.0
            ],
            [
              -64.2912023,
              -31.3464565,
              0.0
            ]
          ]
        ]
      }
    },
    {
      "type": "Feature",
      "properties": {
        "gid": 95,
        "distrito": 4,
        "provincia": "Córdoba",
        "departamen": "Capital",
        "cabecera": "Córdoba",
        "circuito": "014B",
        "indec_p": 14,
        "indec_d": 14
      },
      "geometry": {
        "type": "Polygon",
        "coordinates": [
          [
            [
              -64.2673011,
              -31.3345754,
              0.0
            ],
            [
              -64.2678411,
              -31.3345755,
              0.0
            ],
            [
              -64.2685611,
              -31.3345257,
              0.0
            ],
            [
              -64.2692211,
              -31.3344359,
              0.0
            ],
            [
              -64.2697311,
              -31.334336,
              0.0
            ],
            [
              -64.2714122,
              -31.3340403,
              0.0
            ],
            [
              -64.2728012,
              -31.3342265,
              0.0
            ],
            [
              -64.2737412,
              -31.3347362,
              0.0
            ],
            [
              -64.2752814,
              -31.3356159,
              0.0
            ],
            [
              -64.2756514,
              -31.3357659,
              0.0
            ],
            [
              -64.2757714,
              -31.3358158,
              0.0
            ],
            [
              -64.2758412,
              -31.3358409,
              0.0
            ],
            [
              -64.2762714,
              -31.3359957,
              0.0
            ],
            [
              -64.2769715,
              -31.3362255,
              0.0
            ],
            [
              -64.2775015,
              -31.3363854,
              0.0
            ],
            [
              -64.2779515,
              -31.3365154,
              0.0
            ],
            [
              -64.2779616,
              -31.3386654,
              0.0
            ],
            [
              -64.2779517,
              -31.3405754,
              0.0
            ],
            [
              -64.2779617,
              -31.3410254,
              0.0
            ],
            [
              -64.2779557,
              -31.3417924,
              0.0
            ],
            [
              -64.2779518,
              -31.3423354,
              0.0
            ],
            [
              -64.2779518,
              -31.3432555,
              0.0
            ],
            [
              -64.2779518,
              -31.3442555,
              0.0
            ],
            [
              -64.2779317,
              -31.3453955,
              0.0
            ],
            [
              -64.2779217,
              -31.3465955,
              0.0
            ],
            [
              -64.2765216,
              -31.3466858,
              0.0
            ],
            [
              -64.2751316,
              -31.3467761,
              0.0
            ],
            [
              -64.2738115,
              -31.3468564,
              0.0
            ],
            [
              -64.2722614,
              -31.3469669,
              0.0
            ],
            [
              -64.2709314,
              -31.3470465,
              0.0
            ],
            [
              -64.2697914,
              -31.3471163,
              0.0
            ],
            [
              -64.2690314,
              -31.3471661,
              0.0
            ],
            [
              -64.2676313,
              -31.3472559,
              0.0
            ],
            [
              -64.2662813,
              -31.3473356,
              0.0
            ],
            [
              -64.2646312,
              -31.3474453,
              0.0
            ],
            [
              -64.2644513,
              -31.3459852,
              0.0
            ],
            [
              -64.2643513,
              -31.3448952,
              0.0
            ],
            [
              -64.2642513,
              -31.3436551,
              0.0
            ],
            [
              -64.2641114,
              -31.3423151,
              0.0
            ],
            [
              -64.2633313,
              -31.342155,
              0.0
            ],
            [
              -64.2629113,
              -31.3415249,
              0.0
            ],
            [
              -64.2621613,
              -31.3405347,
              0.0
            ],
            [
              -64.2614612,
              -31.3396146,
              0.0
            ],
            [
              -64.2613112,
              -31.3394245,
              0.0
            ],
            [
              -64.2608112,
              -31.3387644,
              0.0
            ],
            [
              -64.2602711,
              -31.3381044,
              0.0
            ],
            [
              -64.2602612,
              -31.3380908,
              0.0
            ],
            [
              -64.2624335,
              -31.3361973,
              0.0
            ],
            [
              -64.2651311,
              -31.3347951,
              0.0
            ],
            [
              -64.2671011,
              -31.3345754,
              0.0
            ],
            [
              -64.2673011,
              -31.3345754,
              0.0
            ]
          ]
        ]
      }
    },
    {
      "type": "Feature",
      "properties": {
        "gid": 96,
        "distrito": 4,
        "provincia": "Córdoba",
        "departamen": "Capital",
        "cabecera": "Córdoba",
        "circuito": "014C",
        "indec_p": 14,
        "indec_d": 14
      },
      "geometry": {
        "type": "Polygon",
        "coordinates": [
          [
            [
              -64.2779515,
              -31.3365154,
              0.0
            ],
            [
              -64.2775015,
              -31.3363854,
              0.0
            ],
            [
              -64.2769715,
              -31.3362255,
              0.0
            ],
            [
              -64.2762714,
              -31.3359957,
              0.0
            ],
            [
              -64.2758412,
              -31.3358409,
              0.0
            ],
            [
              -64.2758362,
              -31.3326277,
              0.0
            ],
            [
              -64.2768913,
              -31.3323855,
              0.0
            ],
            [
              -64.2779113,
              -31.3321153,
              0.0
            ],
            [
              -64.2787214,
              -31.3317051,
              0.0
            ],
            [
              -64.2789033,
              -31.3314721,
              0.0
            ],
            [
              -64.2791714,
              -31.331205,
              0.0
            ],
            [
              -64.2794714,
              -31.3309949,
              0.0
            ],
            [
              -64.2799714,
              -31.3308948,
              0.0
            ],
            [
              -64.2809714,
              -31.3307046,
              0.0
            ],
            [
              -64.2820715,
              -31.3304944,
              0.0
            ],
            [
              -64.2833345,
              -31.3301552,
              0.0
            ],
            [
              -64.2846636,
              -31.329758,
              0.0
            ],
            [
              -64.2863917,
              -31.3292838,
              0.0
            ],
            [
              -64.2873917,
              -31.3290036,
              0.0
            ],
            [
              -64.288481,
              -31.3287117,
              0.0
            ],
            [
              -64.2885622,
              -31.3365631,
              0.0
            ],
            [
              -64.289082,
              -31.3363135,
              0.0
            ],
            [
              -64.289542,
              -31.3360104,
              0.0
            ],
            [
              -64.290662,
              -31.3355634,
              0.0
            ],
            [
              -64.2914521,
              -31.3351132,
              0.0
            ],
            [
              -64.2919921,
              -31.3347331,
              0.0
            ],
            [
              -64.2921221,
              -31.3346232,
              0.0
            ],
            [
              -64.2923821,
              -31.3343931,
              0.0
            ],
            [
              -64.2926521,
              -31.3340631,
              0.0
            ],
            [
              -64.2928821,
              -31.333603,
              0.0
            ],
            [
              -64.2930521,
              -31.332983,
              0.0
            ],
            [
              -64.2930521,
              -31.3328431,
              0.0
            ],
            [
              -64.2930821,
              -31.332613,
              0.0
            ],
            [
              -64.2930821,
              -31.331993,
              0.0
            ],
            [
              -64.293142,
              -31.331563,
              0.0
            ],
            [
              -64.293372,
              -31.3309429,
              0.0
            ],
            [
              -64.293952,
              -31.3300829,
              0.0
            ],
            [
              -64.294222,
              -31.3298929,
              0.0
            ],
            [
              -64.295272,
              -31.3293827,
              0.0
            ],
            [
              -64.295162,
              -31.3292427,
              0.0
            ],
            [
              -64.2976621,
              -31.3287226,
              0.0
            ],
            [
              -64.2987021,
              -31.3283925,
              0.0
            ],
            [
              -64.3034023,
              -31.3274424,
              0.0
            ],
            [
              -64.3040523,
              -31.3273224,
              0.0
            ],
            [
              -64.3044922,
              -31.3271523,
              0.0
            ],
            [
              -64.3048323,
              -31.3269523,
              0.0
            ],
            [
              -64.3050623,
              -31.3266423,
              0.0
            ],
            [
              -64.3052223,
              -31.3263023,
              0.0
            ],
            [
              -64.3052823,
              -31.3260223,
              0.0
            ],
            [
              -64.3051523,
              -31.3256823,
              0.0
            ],
            [
              -64.3049322,
              -31.3249923,
              0.0
            ],
            [
              -64.3050522,
              -31.3246923,
              0.0
            ],
            [
              -64.3055822,
              -31.3236823,
              0.0
            ],
            [
              -64.3057822,
              -31.3233823,
              0.0
            ],
            [
              -64.3061623,
              -31.3230723,
              0.0
            ],
            [
              -64.3064922,
              -31.3228923,
              0.0
            ],
            [
              -64.3070022,
              -31.3227222,
              0.0
            ],
            [
              -64.3077522,
              -31.3225423,
              0.0
            ],
            [
              -64.3087623,
              -31.3222923,
              0.0
            ],
            [
              -64.3089822,
              -31.3222423,
              0.0
            ],
            [
              -64.3091623,
              -31.3221623,
              0.0
            ],
            [
              -64.3091721,
              -31.3221182,
              0.0
            ],
            [
              -64.3117637,
              -31.320937,
              0.0
            ],
            [
              -64.3160748,
              -31.318972,
              0.0
            ],
            [
              -64.3192761,
              -31.3182007,
              0.0
            ],
            [
              -64.32033,
              -31.3193205,
              0.0
            ],
            [
              -64.3203299,
              -31.3193305,
              0.0
            ],
            [
              -64.3203215,
              -31.3198014,
              0.0
            ],
            [
              -64.3203212,
              -31.3198174,
              0.0
            ],
            [
              -64.320317,
              -31.3200569,
              0.0
            ],
            [
              -64.3161785,
              -31.3216287,
              0.0
            ],
            [
              -64.3122518,
              -31.3239409,
              0.0
            ],
            [
              -64.3103428,
              -31.3258591,
              0.0
            ],
            [
              -64.3103424,
              -31.3258224,
              0.0
            ],
            [
              -64.3085814,
              -31.3267744,
              0.0
            ],
            [
              -64.3074044,
              -31.3276364,
              0.0
            ],
            [
              -64.3065074,
              -31.3287384,
              0.0
            ],
            [
              -64.3052184,
              -31.3295994,
              0.0
            ],
            [
              -64.3028634,
              -31.3318984,
              0.0
            ],
            [
              -64.3017423,
              -31.3325686,
              0.0
            ],
            [
              -64.2995554,
              -31.3352507,
              0.0
            ],
            [
              -64.2977614,
              -31.3367348,
              0.0
            ],
            [
              -64.2959674,
              -31.3377409,
              0.0
            ],
            [
              -64.2922114,
              -31.3406623,
              0.0
            ],
            [
              -64.2922254,
              -31.3408742,
              0.0
            ],
            [
              -64.2920493,
              -31.3418003,
              0.0
            ],
            [
              -64.2907427,
              -31.3415015,
              0.0
            ],
            [
              -64.2907346,
              -31.3414996,
              0.0
            ],
            [
              -64.2893137,
              -31.3428733,
              0.0
            ],
            [
              -64.2843203,
              -31.345657,
              0.0
            ],
            [
              -64.2812272,
              -31.3464066,
              0.0
            ],
            [
              -64.2812119,
              -31.3463849,
              0.0
            ],
            [
              -64.2797918,
              -31.3464751,
              0.0
            ],
            [
              -64.2788218,
              -31.3465354,
              0.0
            ],
            [
              -64.2779217,
              -31.3465955,
              0.0
            ],
            [
              -64.2779317,
              -31.3453955,
              0.0
            ],
            [
              -64.2779518,
              -31.3442555,
              0.0
            ],
            [
              -64.2779518,
              -31.3432555,
              0.0
            ],
            [
              -64.2779518,
              -31.3423354,
              0.0
            ],
            [
              -64.2779557,
              -31.3417924,
              0.0
            ],
            [
              -64.2779617,
              -31.3410254,
              0.0
            ],
            [
              -64.2779517,
              -31.3405754,
              0.0
            ],
            [
              -64.2779616,
              -31.3386654,
              0.0
            ],
            [
              -64.2779515,
              -31.3365154,
              0.0
            ]
          ]
        ]
      }
    },
    {
      "type": "Feature",
      "properties": {
        "gid": 97,
        "distrito": 4,
        "provincia": "Córdoba",
        "departamen": "Capital",
        "cabecera": "Córdoba",
        "circuito": "014D",
        "indec_p": 14,
        "indec_d": 14
      },
      "geometry": {
        "type": "Polygon",
        "coordinates": [
          [
            [
              -64.2244796,
              -31.3837449,
              0.0
            ],
            [
              -64.2233795,
              -31.3824549,
              0.0
            ],
            [
              -64.2237596,
              -31.3819248,
              0.0
            ],
            [
              -64.2234695,
              -31.3810049,
              0.0
            ],
            [
              -64.2231495,
              -31.3799849,
              0.0
            ],
            [
              -64.2236595,
              -31.3791349,
              0.0
            ],
            [
              -64.2243395,
              -31.3783748,
              0.0
            ],
            [
              -64.2250396,
              -31.3775847,
              0.0
            ],
            [
              -64.2256397,
              -31.3769146,
              0.0
            ],
            [
              -64.2264997,
              -31.3759445,
              0.0
            ],
            [
              -64.2268597,
              -31.3755344,
              0.0
            ],
            [
              -64.2270797,
              -31.3752844,
              0.0
            ],
            [
              -64.2274897,
              -31.3748243,
              0.0
            ],
            [
              -64.2278097,
              -31.3744543,
              0.0
            ],
            [
              -64.2281698,
              -31.3740543,
              0.0
            ],
            [
              -64.2284097,
              -31.3737743,
              0.0
            ],
            [
              -64.2288797,
              -31.3732341,
              0.0
            ],
            [
              -64.2291998,
              -31.3728742,
              0.0
            ],
            [
              -64.2295798,
              -31.3724441,
              0.0
            ],
            [
              -64.2299498,
              -31.372014,
              0.0
            ],
            [
              -64.2304599,
              -31.371444,
              0.0
            ],
            [
              -64.2305498,
              -31.371334,
              0.0
            ],
            [
              -64.2311299,
              -31.3706839,
              0.0
            ],
            [
              -64.2316299,
              -31.3701039,
              0.0
            ],
            [
              -64.2320299,
              -31.3696438,
              0.0
            ],
            [
              -64.23258,
              -31.3690238,
              0.0
            ],
            [
              -64.23344,
              -31.3680137,
              0.0
            ],
            [
              -64.23414,
              -31.3671737,
              0.0
            ],
            [
              -64.23454,
              -31.3665937,
              0.0
            ],
            [
              -64.23474,
              -31.3662836,
              0.0
            ],
            [
              -64.2350501,
              -31.3658236,
              0.0
            ],
            [
              -64.2355101,
              -31.3651336,
              0.0
            ],
            [
              -64.2356801,
              -31.3648936,
              0.0
            ],
            [
              -64.2362702,
              -31.3640435,
              0.0
            ],
            [
              -64.2365802,
              -31.3635835,
              0.0
            ],
            [
              -64.2368702,
              -31.3630835,
              0.0
            ],
            [
              -64.2371501,
              -31.3625835,
              0.0
            ],
            [
              -64.2371408,
              -31.3625759,
              0.0
            ],
            [
              -64.2409845,
              -31.3572549,
              0.0
            ],
            [
              -64.2409904,
              -31.3572534,
              0.0
            ],
            [
              -64.2409014,
              -31.3588053,
              0.0
            ],
            [
              -64.2407784,
              -31.3594023,
              0.0
            ],
            [
              -64.2406093,
              -31.3603004,
              0.0
            ],
            [
              -64.2399993,
              -31.3612974,
              0.0
            ],
            [
              -64.2393883,
              -31.3620675,
              0.0
            ],
            [
              -64.2394803,
              -31.3635275,
              0.0
            ],
            [
              -64.2395133,
              -31.3641044,
              0.0
            ],
            [
              -64.2396822,
              -31.3653155,
              0.0
            ],
            [
              -64.2402903,
              -31.3666705,
              0.0
            ],
            [
              -64.2411683,
              -31.3676515,
              0.0
            ],
            [
              -64.2420473,
              -31.3689485,
              0.0
            ],
            [
              -64.2427903,
              -31.3703615,
              0.0
            ],
            [
              -64.2430263,
              -31.3713426,
              0.0
            ],
            [
              -64.2432963,
              -31.3723516,
              0.0
            ],
            [
              -64.2432623,
              -31.3733026,
              0.0
            ],
            [
              -64.2429923,
              -31.3741686,
              0.0
            ],
            [
              -64.2425533,
              -31.3746296,
              0.0
            ],
            [
              -64.2424863,
              -31.3750616,
              0.0
            ],
            [
              -64.2427563,
              -31.3752926,
              0.0
            ],
            [
              -64.2434313,
              -31.3755237,
              0.0
            ],
            [
              -64.2441414,
              -31.3755237,
              0.0
            ],
            [
              -64.2430603,
              -31.3759836,
              0.0
            ],
            [
              -64.2426203,
              -31.3762536,
              0.0
            ],
            [
              -64.2420203,
              -31.3765936,
              0.0
            ],
            [
              -64.2413502,
              -31.3769736,
              0.0
            ],
            [
              -64.2404402,
              -31.3774936,
              0.0
            ],
            [
              -64.2397602,
              -31.3778736,
              0.0
            ],
            [
              -64.2391102,
              -31.3782437,
              0.0
            ],
            [
              -64.2380101,
              -31.3788737,
              0.0
            ],
            [
              -64.2372801,
              -31.3792938,
              0.0
            ],
            [
              -64.23678,
              -31.3795937,
              0.0
            ],
            [
              -64.23617,
              -31.3799438,
              0.0
            ],
            [
              -64.23455,
              -31.3808839,
              0.0
            ],
            [
              -64.23375,
              -31.381344,
              0.0
            ],
            [
              -64.2328499,
              -31.381874,
              0.0
            ],
            [
              -64.2320299,
              -31.3823241,
              0.0
            ],
            [
              -64.2312999,
              -31.3826941,
              0.0
            ],
            [
              -64.2304418,
              -31.3831612,
              0.0
            ],
            [
              -64.2300498,
              -31.3833742,
              0.0
            ],
            [
              -64.2285397,
              -31.3841844,
              0.0
            ],
            [
              -64.2279797,
              -31.3844645,
              0.0
            ],
            [
              -64.2273697,
              -31.3847645,
              0.0
            ],
            [
              -64.2267897,
              -31.3850546,
              0.0
            ],
            [
              -64.2260197,
              -31.3855146,
              0.0
            ],
            [
              -64.2254696,
              -31.3848948,
              0.0
            ],
            [
              -64.2247196,
              -31.3840048,
              0.0
            ],
            [
              -64.2244796,
              -31.3837449,
              0.0
            ]
          ]
        ]
      }
    },
    {
      "type": "Feature",
      "properties": {
        "gid": 98,
        "distrito": 4,
        "provincia": "Córdoba",
        "departamen": "Capital",
        "cabecera": "Córdoba",
        "circuito": "014E",
        "indec_p": 14,
        "indec_d": 14
      },
      "geometry": {
        "type": "Polygon",
        "coordinates": [
          [
            [
              -64.280261,
              -31.3181245,
              0.0
            ],
            [
              -64.2816311,
              -31.3187142,
              0.0
            ],
            [
              -64.2828978,
              -31.3192622,
              0.0
            ],
            [
              -64.283108,
              -31.325224,
              0.0
            ],
            [
              -64.2831014,
              -31.3252241,
              0.0
            ],
            [
              -64.2813913,
              -31.3252844,
              0.0
            ],
            [
              -64.2807612,
              -31.3253046,
              0.0
            ],
            [
              -64.2792512,
              -31.3253548,
              0.0
            ],
            [
              -64.2786711,
              -31.325385,
              0.0
            ],
            [
              -64.277101,
              -31.3254353,
              0.0
            ],
            [
              -64.276301,
              -31.3254555,
              0.0
            ],
            [
              -64.2745409,
              -31.3255159,
              0.0
            ],
            [
              -64.2740609,
              -31.325526,
              0.0
            ],
            [
              -64.2736409,
              -31.3255261,
              0.0
            ],
            [
              -64.2730708,
              -31.3255563,
              0.0
            ],
            [
              -64.2722708,
              -31.3255663,
              0.0
            ],
            [
              -64.2717908,
              -31.3255861,
              0.0
            ],
            [
              -64.2710108,
              -31.325596,
              0.0
            ],
            [
              -64.2703308,
              -31.3256258,
              0.0
            ],
            [
              -64.2694608,
              -31.3256456,
              0.0
            ],
            [
              -64.2682708,
              -31.3254654,
              0.0
            ],
            [
              -64.2672907,
              -31.3254452,
              0.0
            ],
            [
              -64.2672075,
              -31.325443,
              0.0
            ],
            [
              -64.2662676,
              -31.3247141,
              0.0
            ],
            [
              -64.2641666,
              -31.3236874,
              0.0
            ],
            [
              -64.26328,
              -31.3229578,
              0.0
            ],
            [
              -64.2632234,
              -31.3229114,
              0.0
            ],
            [
              -64.2609532,
              -31.3217942,
              0.0
            ],
            [
              -64.2604763,
              -31.3216997,
              0.0
            ],
            [
              -64.2613659,
              -31.320364,
              0.0
            ],
            [
              -64.2613605,
              -31.320364,
              0.0
            ],
            [
              -64.2613471,
              -31.3203639,
              0.0
            ],
            [
              -64.2633462,
              -31.3170989,
              0.0
            ],
            [
              -64.2648889,
              -31.3178564,
              0.0
            ],
            [
              -64.2652584,
              -31.3182137,
              0.0
            ],
            [
              -64.2659047,
              -31.3185395,
              0.0
            ],
            [
              -64.2713163,
              -31.3212681,
              0.0
            ],
            [
              -64.2719607,
              -31.3203661,
              0.0
            ],
            [
              -64.2722007,
              -31.3200161,
              0.0
            ],
            [
              -64.2725507,
              -31.3195261,
              0.0
            ],
            [
              -64.2726106,
              -31.3194461,
              0.0
            ],
            [
              -64.2730107,
              -31.3188862,
              0.0
            ],
            [
              -64.2731507,
              -31.3186961,
              0.0
            ],
            [
              -64.2738006,
              -31.3177759,
              0.0
            ],
            [
              -64.2738907,
              -31.3176359,
              0.0
            ],
            [
              -64.2747207,
              -31.3164757,
              0.0
            ],
            [
              -64.2751207,
              -31.3159156,
              0.0
            ],
            [
              -64.2759308,
              -31.3162654,
              0.0
            ],
            [
              -64.2777709,
              -31.317055,
              0.0
            ],
            [
              -64.280261,
              -31.3181245,
              0.0
            ]
          ]
        ]
      }
    },
    {
      "type": "Feature",
      "properties": {
        "gid": 99,
        "distrito": 4,
        "provincia": "Córdoba",
        "departamen": "Capital",
        "cabecera": "Córdoba",
        "circuito": "014F",
        "indec_p": 14,
        "indec_d": 14
      },
      "geometry": {
        "type": "Polygon",
        "coordinates": [
          [
            [
              -64.2408727,
              -31.3430531,
              0.0
            ],
            [
              -64.2408508,
              -31.3422931,
              0.0
            ],
            [
              -64.2408807,
              -31.3409431,
              0.0
            ],
            [
              -64.2407907,
              -31.3408431,
              0.0
            ],
            [
              -64.2406407,
              -31.3406731,
              0.0
            ],
            [
              -64.2406407,
              -31.3397031,
              0.0
            ],
            [
              -64.2406306,
              -31.3384831,
              0.0
            ],
            [
              -64.2406205,
              -31.336763,
              0.0
            ],
            [
              -64.2420617,
              -31.3366768,
              0.0
            ],
            [
              -64.2423824,
              -31.3368317,
              0.0
            ],
            [
              -64.2463937,
              -31.3381194,
              0.0
            ],
            [
              -64.2475501,
              -31.3384582,
              0.0
            ],
            [
              -64.2500068,
              -31.3384918,
              0.0
            ],
            [
              -64.2500569,
              -31.3385223,
              0.0
            ],
            [
              -64.252461,
              -31.3384935,
              0.0
            ],
            [
              -64.2525091,
              -31.3384718,
              0.0
            ],
            [
              -64.2538515,
              -31.3398066,
              0.0
            ],
            [
              -64.2551197,
              -31.3396479,
              0.0
            ],
            [
              -64.2551144,
              -31.3399327,
              0.0
            ],
            [
              -64.2531511,
              -31.3419636,
              0.0
            ],
            [
              -64.2526611,
              -31.3427736,
              0.0
            ],
            [
              -64.2524411,
              -31.3431636,
              0.0
            ],
            [
              -64.2522811,
              -31.3434235,
              0.0
            ],
            [
              -64.2519011,
              -31.3440836,
              0.0
            ],
            [
              -64.2516911,
              -31.3444536,
              0.0
            ],
            [
              -64.251161,
              -31.3453535,
              0.0
            ],
            [
              -64.250731,
              -31.3460835,
              0.0
            ],
            [
              -64.2497709,
              -31.3476535,
              0.0
            ],
            [
              -64.2492509,
              -31.3485034,
              0.0
            ],
            [
              -64.2488489,
              -31.3491525,
              0.0
            ],
            [
              -64.2484908,
              -31.3497334,
              0.0
            ],
            [
              -64.2479607,
              -31.3506234,
              0.0
            ],
            [
              -64.2476607,
              -31.3511134,
              0.0
            ],
            [
              -64.2468107,
              -31.3519333,
              0.0
            ],
            [
              -64.2466607,
              -31.3520934,
              0.0
            ],
            [
              -64.2456007,
              -31.3530834,
              0.0
            ],
            [
              -64.2453206,
              -31.3533433,
              0.0
            ],
            [
              -64.2444906,
              -31.3540733,
              0.0
            ],
            [
              -64.2439606,
              -31.3545733,
              0.0
            ],
            [
              -64.2427405,
              -31.3556733,
              0.0
            ],
            [
              -64.2423105,
              -31.3560633,
              0.0
            ],
            [
              -64.2415604,
              -31.3567333,
              0.0
            ],
            [
              -64.2405904,
              -31.3557533,
              0.0
            ],
            [
              -64.2405604,
              -31.3545633,
              0.0
            ],
            [
              -64.2405605,
              -31.3537033,
              0.0
            ],
            [
              -64.2405805,
              -31.3525433,
              0.0
            ],
            [
              -64.2405805,
              -31.3518532,
              0.0
            ],
            [
              -64.2405906,
              -31.3499132,
              0.0
            ],
            [
              -64.240587,
              -31.349912,
              0.0
            ],
            [
              -64.2406562,
              -31.3490454,
              0.0
            ],
            [
              -64.2414167,
              -31.3486692,
              0.0
            ],
            [
              -64.2412007,
              -31.3455831,
              0.0
            ],
            [
              -64.2411877,
              -31.3453412,
              0.0
            ],
            [
              -64.2411507,
              -31.3446332,
              0.0
            ],
            [
              -64.2411207,
              -31.3437331,
              0.0
            ],
            [
              -64.2408727,
              -31.3430531,
              0.0
            ]
          ]
        ]
      }
    },
    {
      "type": "Feature",
      "properties": {
        "gid": 100,
        "distrito": 4,
        "provincia": "Córdoba",
        "departamen": "Capital",
        "cabecera": "Córdoba",
        "circuito": "014G",
        "indec_p": 14,
        "indec_d": 14
      },
      "geometry": {
        "type": "Polygon",
        "coordinates": [
          [
            [
              -64.2077193,
              -31.3429867,
              0.0
            ],
            [
              -64.2078591,
              -31.3345566,
              0.0
            ],
            [
              -64.2078879,
              -31.3345662,
              0.0
            ],
            [
              -64.2078616,
              -31.33455,
              0.0
            ],
            [
              -64.2043213,
              -31.3323731,
              0.0
            ],
            [
              -64.2033779,
              -31.3305222,
              0.0
            ],
            [
              -64.20354,
              -31.3284247,
              0.0
            ],
            [
              -64.2056748,
              -31.32765,
              0.0
            ],
            [
              -64.2064084,
              -31.3276605,
              0.0
            ],
            [
              -64.207547,
              -31.3278166,
              0.0
            ],
            [
              -64.2094627,
              -31.3278438,
              0.0
            ],
            [
              -64.2103841,
              -31.3281166,
              0.0
            ],
            [
              -64.2157878,
              -31.3297155,
              0.0
            ],
            [
              -64.2162566,
              -31.328637,
              0.0
            ],
            [
              -64.2166196,
              -31.3266821,
              0.0
            ],
            [
              -64.2167531,
              -31.3239191,
              0.0
            ],
            [
              -64.216109,
              -31.3213204,
              0.0
            ],
            [
              -64.215238,
              -31.3190502,
              0.0
            ],
            [
              -64.2148267,
              -31.3179781,
              0.0
            ],
            [
              -64.2131498,
              -31.3161002,
              0.0
            ],
            [
              -64.2114284,
              -31.3144318,
              0.0
            ],
            [
              -64.2097359,
              -31.3133935,
              0.0
            ],
            [
              -64.2099066,
              -31.3084824,
              0.0
            ],
            [
              -64.2099143,
              -31.3084823,
              0.0
            ],
            [
              -64.2206245,
              -31.308339,
              0.0
            ],
            [
              -64.2210494,
              -31.3083332,
              0.0
            ],
            [
              -64.2289704,
              -31.3082236,
              0.0
            ],
            [
              -64.2336368,
              -31.3081589,
              0.0
            ],
            [
              -64.2405921,
              -31.3080625,
              0.0
            ],
            [
              -64.2408487,
              -31.3080607,
              0.0
            ],
            [
              -64.2405199,
              -31.3176626,
              0.0
            ],
            [
              -64.2405199,
              -31.3187026,
              0.0
            ],
            [
              -64.2405099,
              -31.3196026,
              0.0
            ],
            [
              -64.2405027,
              -31.3202825,
              0.0
            ],
            [
              -64.2404999,
              -31.3205426,
              0.0
            ],
            [
              -64.2405,
              -31.3214627,
              0.0
            ],
            [
              -64.24049,
              -31.3222726,
              0.0
            ],
            [
              -64.24048,
              -31.3232327,
              0.0
            ],
            [
              -64.24048,
              -31.3241127,
              0.0
            ],
            [
              -64.2405301,
              -31.3250627,
              0.0
            ],
            [
              -64.2405301,
              -31.3260127,
              0.0
            ],
            [
              -64.2405301,
              -31.3269028,
              0.0
            ],
            [
              -64.2405202,
              -31.3277827,
              0.0
            ],
            [
              -64.2405202,
              -31.3286727,
              0.0
            ],
            [
              -64.2405102,
              -31.3290228,
              0.0
            ],
            [
              -64.2405002,
              -31.3295228,
              0.0
            ],
            [
              -64.2405003,
              -31.3304628,
              0.0
            ],
            [
              -64.2405003,
              -31.3313929,
              0.0
            ],
            [
              -64.2404903,
              -31.3323129,
              0.0
            ],
            [
              -64.2406205,
              -31.336763,
              0.0
            ],
            [
              -64.2406306,
              -31.3384831,
              0.0
            ],
            [
              -64.2406407,
              -31.3397031,
              0.0
            ],
            [
              -64.2406407,
              -31.3406731,
              0.0
            ],
            [
              -64.2407907,
              -31.3408431,
              0.0
            ],
            [
              -64.2408807,
              -31.3409431,
              0.0
            ],
            [
              -64.2408508,
              -31.3422931,
              0.0
            ],
            [
              -64.2408727,
              -31.3430531,
              0.0
            ],
            [
              -64.2411207,
              -31.3437331,
              0.0
            ],
            [
              -64.2411507,
              -31.3446332,
              0.0
            ],
            [
              -64.2411877,
              -31.3453412,
              0.0
            ],
            [
              -64.2412007,
              -31.3455831,
              0.0
            ],
            [
              -64.2404507,
              -31.3455831,
              0.0
            ],
            [
              -64.2399256,
              -31.3455912,
              0.0
            ],
            [
              -64.2393186,
              -31.3455911,
              0.0
            ],
            [
              -64.2387006,
              -31.3456132,
              0.0
            ],
            [
              -64.2365505,
              -31.3456433,
              0.0
            ],
            [
              -64.2358315,
              -31.3457303,
              0.0
            ],
            [
              -64.2350705,
              -31.3457533,
              0.0
            ],
            [
              -64.2340204,
              -31.3457834,
              0.0
            ],
            [
              -64.2328404,
              -31.3457535,
              0.0
            ],
            [
              -64.2316403,
              -31.3457736,
              0.0
            ],
            [
              -64.2304203,
              -31.3457836,
              0.0
            ],
            [
              -64.2293702,
              -31.3457938,
              0.0
            ],
            [
              -64.2281942,
              -31.3457988,
              0.0
            ],
            [
              -64.2270322,
              -31.345799,
              0.0
            ],
            [
              -64.2258701,
              -31.3458041,
              0.0
            ],
            [
              -64.2256601,
              -31.3457742,
              0.0
            ],
            [
              -64.22444,
              -31.3457843,
              0.0
            ],
            [
              -64.2233399,
              -31.3457845,
              0.0
            ],
            [
              -64.2221499,
              -31.3457947,
              0.0
            ],
            [
              -64.2210199,
              -31.3458048,
              0.0
            ],
            [
              -64.2198248,
              -31.3458111,
              0.0
            ],
            [
              -64.2190454,
              -31.3458147,
              0.0
            ],
            [
              -64.2185893,
              -31.3544985,
              0.0
            ],
            [
              -64.2141539,
              -31.355181,
              0.0
            ],
            [
              -64.202615,
              -31.3541064,
              0.0
            ],
            [
              -64.2024289,
              -31.3527258,
              0.0
            ],
            [
              -64.202839,
              -31.3514759,
              0.0
            ],
            [
              -64.2050092,
              -31.3478763,
              0.0
            ],
            [
              -64.2074093,
              -31.3439067,
              0.0
            ],
            [
              -64.2077193,
              -31.3430168,
              0.0
            ],
            [
              -64.2077193,
              -31.3429867,
              0.0
            ]
          ]
        ]
      }
    },
    {
      "type": "Feature",
      "properties": {
        "gid": 101,
        "distrito": 4,
        "provincia": "Córdoba",
        "departamen": "Capital",
        "cabecera": "Córdoba",
        "circuito": "014H",
        "indec_p": 14,
        "indec_d": 14
      },
      "geometry": {
        "type": "Polygon",
        "coordinates": [
          [
            [
              -64.2676712,
              -31.3078731,
              0.0
            ],
            [
              -64.2654524,
              -31.3132265,
              0.0
            ],
            [
              -64.2635763,
              -31.3167231,
              0.0
            ],
            [
              -64.2633462,
              -31.3170989,
              0.0
            ],
            [
              -64.2613471,
              -31.3203639,
              0.0
            ],
            [
              -64.2594904,
              -31.3203537,
              0.0
            ],
            [
              -64.2585705,
              -31.3203537,
              0.0
            ],
            [
              -64.2577004,
              -31.3203436,
              0.0
            ],
            [
              -64.2566904,
              -31.3203434,
              0.0
            ],
            [
              -64.2558404,
              -31.3203433,
              0.0
            ],
            [
              -64.2550304,
              -31.3203332,
              0.0
            ],
            [
              -64.2541603,
              -31.3203331,
              0.0
            ],
            [
              -64.2531703,
              -31.3203231,
              0.0
            ],
            [
              -64.2526703,
              -31.320323,
              0.0
            ],
            [
              -64.2523003,
              -31.320323,
              0.0
            ],
            [
              -64.2517003,
              -31.3203229,
              0.0
            ],
            [
              -64.2507002,
              -31.3203229,
              0.0
            ],
            [
              -64.2498302,
              -31.3203128,
              0.0
            ],
            [
              -64.2490002,
              -31.3203028,
              0.0
            ],
            [
              -64.2481602,
              -31.3203028,
              0.0
            ],
            [
              -64.2475101,
              -31.3203027,
              0.0
            ],
            [
              -64.2465601,
              -31.3202926,
              0.0
            ],
            [
              -64.2461701,
              -31.3202926,
              0.0
            ],
            [
              -64.2443901,
              -31.3202826,
              0.0
            ],
            [
              -64.2443897,
              -31.3202868,
              0.0
            ],
            [
              -64.2405027,
              -31.3202825,
              0.0
            ],
            [
              -64.2405099,
              -31.3196026,
              0.0
            ],
            [
              -64.2405199,
              -31.3187026,
              0.0
            ],
            [
              -64.2405199,
              -31.3176626,
              0.0
            ],
            [
              -64.2408487,
              -31.3080607,
              0.0
            ],
            [
              -64.2410132,
              -31.3080595,
              0.0
            ],
            [
              -64.2545619,
              -31.3079648,
              0.0
            ],
            [
              -64.2558085,
              -31.3079561,
              0.0
            ],
            [
              -64.2594049,
              -31.307931,
              0.0
            ],
            [
              -64.2599974,
              -31.3079268,
              0.0
            ],
            [
              -64.260962,
              -31.30792,
              0.0
            ],
            [
              -64.2663505,
              -31.3078823,
              0.0
            ],
            [
              -64.2663508,
              -31.3078823,
              0.0
            ],
            [
              -64.2676583,
              -31.3078732,
              0.0
            ],
            [
              -64.2676712,
              -31.3078731,
              0.0
            ]
          ]
        ]
      }
    },
    {
      "type": "Feature",
      "properties": {
        "gid": 104,
        "distrito": 4,
        "provincia": "Córdoba",
        "departamen": "Capital",
        "cabecera": "Córdoba",
        "circuito": "014l",
        "indec_p": 14,
        "indec_d": 14
      },
      "geometry": {
        "type": "Polygon",
        "coordinates": [
          [
            [
              -64.2412007,
              -31.3455831,
              0.0
            ],
            [
              -64.2414167,
              -31.3486692,
              0.0
            ],
            [
              -64.2406562,
              -31.3490454,
              0.0
            ],
            [
              -64.240587,
              -31.349912,
              0.0
            ],
            [
              -64.2405906,
              -31.3499132,
              0.0
            ],
            [
              -64.2405805,
              -31.3518532,
              0.0
            ],
            [
              -64.2405805,
              -31.3525433,
              0.0
            ],
            [
              -64.2405605,
              -31.3537033,
              0.0
            ],
            [
              -64.2405604,
              -31.3545633,
              0.0
            ],
            [
              -64.2405904,
              -31.3557533,
              0.0
            ],
            [
              -64.2415604,
              -31.3567333,
              0.0
            ],
            [
              -64.2409904,
              -31.3572534,
              0.0
            ],
            [
              -64.2409845,
              -31.3572549,
              0.0
            ],
            [
              -64.2399504,
              -31.3575233,
              0.0
            ],
            [
              -64.2385003,
              -31.3581733,
              0.0
            ],
            [
              -64.2377902,
              -31.3584834,
              0.0
            ],
            [
              -64.2373803,
              -31.3586734,
              0.0
            ],
            [
              -64.2363902,
              -31.3591034,
              0.0
            ],
            [
              -64.2358002,
              -31.3593735,
              0.0
            ],
            [
              -64.2350502,
              -31.3597036,
              0.0
            ],
            [
              -64.2341301,
              -31.3601036,
              0.0
            ],
            [
              -64.2338101,
              -31.3602336,
              0.0
            ],
            [
              -64.2335501,
              -31.3603436,
              0.0
            ],
            [
              -64.23264,
              -31.3607337,
              0.0
            ],
            [
              -64.23216,
              -31.3609237,
              0.0
            ],
            [
              -64.23142,
              -31.3612337,
              0.0
            ],
            [
              -64.2306799,
              -31.3615338,
              0.0
            ],
            [
              -64.2302,
              -31.3617439,
              0.0
            ],
            [
              -64.2291299,
              -31.3621839,
              0.0
            ],
            [
              -64.2287498,
              -31.3623441,
              0.0
            ],
            [
              -64.2284199,
              -31.362484,
              0.0
            ],
            [
              -64.2277998,
              -31.3627341,
              0.0
            ],
            [
              -64.2272098,
              -31.3629842,
              0.0
            ],
            [
              -64.2262097,
              -31.3634143,
              0.0
            ],
            [
              -64.2252097,
              -31.3638444,
              0.0
            ],
            [
              -64.2249797,
              -31.3639444,
              0.0
            ],
            [
              -64.2244496,
              -31.3641746,
              0.0
            ],
            [
              -64.2237496,
              -31.3644846,
              0.0
            ],
            [
              -64.2228396,
              -31.3648748,
              0.0
            ],
            [
              -64.2223495,
              -31.3650948,
              0.0
            ],
            [
              -64.2217895,
              -31.3653349,
              0.0
            ],
            [
              -64.2205495,
              -31.3658851,
              0.0
            ],
            [
              -64.2200595,
              -31.3648852,
              0.0
            ],
            [
              -64.2199434,
              -31.3644632,
              0.0
            ],
            [
              -64.2205245,
              -31.3641137,
              0.0
            ],
            [
              -64.2199437,
              -31.3612325,
              0.0
            ],
            [
              -64.2196918,
              -31.3599826,
              0.0
            ],
            [
              -64.2185888,
              -31.3545088,
              0.0
            ],
            [
              -64.2185893,
              -31.3544985,
              0.0
            ],
            [
              -64.2190454,
              -31.3458147,
              0.0
            ],
            [
              -64.2198248,
              -31.3458111,
              0.0
            ],
            [
              -64.2210199,
              -31.3458048,
              0.0
            ],
            [
              -64.2221499,
              -31.3457947,
              0.0
            ],
            [
              -64.2233399,
              -31.3457845,
              0.0
            ],
            [
              -64.22444,
              -31.3457843,
              0.0
            ],
            [
              -64.2256601,
              -31.3457742,
              0.0
            ],
            [
              -64.2258701,
              -31.3458041,
              0.0
            ],
            [
              -64.2270322,
              -31.345799,
              0.0
            ],
            [
              -64.2281942,
              -31.3457988,
              0.0
            ],
            [
              -64.2293702,
              -31.3457938,
              0.0
            ],
            [
              -64.2304203,
              -31.3457836,
              0.0
            ],
            [
              -64.2316403,
              -31.3457736,
              0.0
            ],
            [
              -64.2328404,
              -31.3457535,
              0.0
            ],
            [
              -64.2340204,
              -31.3457834,
              0.0
            ],
            [
              -64.2350705,
              -31.3457533,
              0.0
            ],
            [
              -64.2358315,
              -31.3457303,
              0.0
            ],
            [
              -64.2365505,
              -31.3456433,
              0.0
            ],
            [
              -64.2387006,
              -31.3456132,
              0.0
            ],
            [
              -64.2393186,
              -31.3455911,
              0.0
            ],
            [
              -64.2399256,
              -31.3455912,
              0.0
            ],
            [
              -64.2404507,
              -31.3455831,
              0.0
            ],
            [
              -64.2412007,
              -31.3455831,
              0.0
            ]
          ]
        ]
      }
    },
    {
      "type": "Feature",
      "properties": {
        "gid": 105,
        "distrito": 4,
        "provincia": "Córdoba",
        "departamen": "Capital",
        "cabecera": "Córdoba",
        "circuito": "014L",
        "indec_p": 14,
        "indec_d": 14
      },
      "geometry": {
        "type": "Polygon",
        "coordinates": [
          [
            [
              -64.2406093,
              -31.3603004,
              0.0
            ],
            [
              -64.2407784,
              -31.3594023,
              0.0
            ],
            [
              -64.2409014,
              -31.3588053,
              0.0
            ],
            [
              -64.2409904,
              -31.3572534,
              0.0
            ],
            [
              -64.2430205,
              -31.3566033,
              0.0
            ],
            [
              -64.2435506,
              -31.3563434,
              0.0
            ],
            [
              -64.2458106,
              -31.3547534,
              0.0
            ],
            [
              -64.2464906,
              -31.3541734,
              0.0
            ],
            [
              -64.2469306,
              -31.3538134,
              0.0
            ],
            [
              -64.2480907,
              -31.3528434,
              0.0
            ],
            [
              -64.2493108,
              -31.3518635,
              0.0
            ],
            [
              -64.2503209,
              -31.3509235,
              0.0
            ],
            [
              -64.2505408,
              -31.3507335,
              0.0
            ],
            [
              -64.2512609,
              -31.3501336,
              0.0
            ],
            [
              -64.2519009,
              -31.3497036,
              0.0
            ],
            [
              -64.2525009,
              -31.3493437,
              0.0
            ],
            [
              -64.253311,
              -31.3489238,
              0.0
            ],
            [
              -64.254561,
              -31.3484839,
              0.0
            ],
            [
              -64.254961,
              -31.3483839,
              0.0
            ],
            [
              -64.255581,
              -31.348234,
              0.0
            ],
            [
              -64.256551,
              -31.3496041,
              0.0
            ],
            [
              -64.256921,
              -31.3501542,
              0.0
            ],
            [
              -64.257261,
              -31.3506542,
              0.0
            ],
            [
              -64.257721,
              -31.3513243,
              0.0
            ],
            [
              -64.258261,
              -31.3521144,
              0.0
            ],
            [
              -64.259001,
              -31.3532145,
              0.0
            ],
            [
              -64.259741,
              -31.3543146,
              0.0
            ],
            [
              -64.2604409,
              -31.3553347,
              0.0
            ],
            [
              -64.260871,
              -31.3559748,
              0.0
            ],
            [
              -64.261541,
              -31.3569449,
              0.0
            ],
            [
              -64.262032,
              -31.357791,
              0.0
            ],
            [
              -64.2608589,
              -31.3581039,
              0.0
            ],
            [
              -64.2598329,
              -31.3587297,
              0.0
            ],
            [
              -64.2594659,
              -31.3602327,
              0.0
            ],
            [
              -64.2601259,
              -31.3613587,
              0.0
            ],
            [
              -64.2613718,
              -31.362298,
              0.0
            ],
            [
              -64.2625449,
              -31.3638002,
              0.0
            ],
            [
              -64.2627639,
              -31.3654903,
              0.0
            ],
            [
              -64.2621779,
              -31.3693713,
              0.0
            ],
            [
              -64.2607118,
              -31.3727511,
              0.0
            ],
            [
              -64.2592457,
              -31.3735019,
              0.0
            ],
            [
              -64.2566077,
              -31.3736895,
              0.0
            ],
            [
              -64.2529546,
              -31.3726871,
              0.0
            ],
            [
              -64.2521611,
              -31.3721352,
              0.0
            ],
            [
              -64.2502675,
              -31.3708178,
              0.0
            ],
            [
              -64.2472825,
              -31.3678427,
              0.0
            ],
            [
              -64.2451444,
              -31.3652885,
              0.0
            ],
            [
              -64.2435004,
              -31.3630844,
              0.0
            ],
            [
              -64.2406093,
              -31.3603004,
              0.0
            ]
          ]
        ]
      }
    },
    {
      "type": "Feature",
      "properties": {
        "gid": 106,
        "distrito": 4,
        "provincia": "Córdoba",
        "departamen": "Capital",
        "cabecera": "Córdoba",
        "circuito": "014M",
        "indec_p": 14,
        "indec_d": 14
      },
      "geometry": {
        "type": "Polygon",
        "coordinates": [
          [
            [
              -64.2409845,
              -31.3572549,
              0.0
            ],
            [
              -64.2371408,
              -31.3625759,
              0.0
            ],
            [
              -64.2371501,
              -31.3625835,
              0.0
            ],
            [
              -64.2368702,
              -31.3630835,
              0.0
            ],
            [
              -64.2365802,
              -31.3635835,
              0.0
            ],
            [
              -64.2362702,
              -31.3640435,
              0.0
            ],
            [
              -64.2356801,
              -31.3648936,
              0.0
            ],
            [
              -64.2355101,
              -31.3651336,
              0.0
            ],
            [
              -64.2350501,
              -31.3658236,
              0.0
            ],
            [
              -64.23474,
              -31.3662836,
              0.0
            ],
            [
              -64.23454,
              -31.3665937,
              0.0
            ],
            [
              -64.23414,
              -31.3671737,
              0.0
            ],
            [
              -64.23344,
              -31.3680137,
              0.0
            ],
            [
              -64.23258,
              -31.3690238,
              0.0
            ],
            [
              -64.2320299,
              -31.3696438,
              0.0
            ],
            [
              -64.2316299,
              -31.3701039,
              0.0
            ],
            [
              -64.2311299,
              -31.3706839,
              0.0
            ],
            [
              -64.2305498,
              -31.371334,
              0.0
            ],
            [
              -64.2304599,
              -31.371444,
              0.0
            ],
            [
              -64.2299498,
              -31.372014,
              0.0
            ],
            [
              -64.2295798,
              -31.3724441,
              0.0
            ],
            [
              -64.2291998,
              -31.3728742,
              0.0
            ],
            [
              -64.2288797,
              -31.3732341,
              0.0
            ],
            [
              -64.2284097,
              -31.3737743,
              0.0
            ],
            [
              -64.2281698,
              -31.3740543,
              0.0
            ],
            [
              -64.2278097,
              -31.3744543,
              0.0
            ],
            [
              -64.2274897,
              -31.3748243,
              0.0
            ],
            [
              -64.2270797,
              -31.3752844,
              0.0
            ],
            [
              -64.2268597,
              -31.3755344,
              0.0
            ],
            [
              -64.2264997,
              -31.3759445,
              0.0
            ],
            [
              -64.2256397,
              -31.3769146,
              0.0
            ],
            [
              -64.2250396,
              -31.3775847,
              0.0
            ],
            [
              -64.2243395,
              -31.3783748,
              0.0
            ],
            [
              -64.2236595,
              -31.3791349,
              0.0
            ],
            [
              -64.2233495,
              -31.3781049,
              0.0
            ],
            [
              -64.2231595,
              -31.3772749,
              0.0
            ],
            [
              -64.2229095,
              -31.3761349,
              0.0
            ],
            [
              -64.2226995,
              -31.3751649,
              0.0
            ],
            [
              -64.2224695,
              -31.3742149,
              0.0
            ],
            [
              -64.2224095,
              -31.3739649,
              0.0
            ],
            [
              -64.2220894,
              -31.372525,
              0.0
            ],
            [
              -64.2219395,
              -31.371865,
              0.0
            ],
            [
              -64.2217495,
              -31.371055,
              0.0
            ],
            [
              -64.2214795,
              -31.3698651,
              0.0
            ],
            [
              -64.2212094,
              -31.368695,
              0.0
            ],
            [
              -64.2209894,
              -31.367785,
              0.0
            ],
            [
              -64.2208895,
              -31.3673151,
              0.0
            ],
            [
              -64.2206795,
              -31.3664851,
              0.0
            ],
            [
              -64.2205495,
              -31.3658851,
              0.0
            ],
            [
              -64.2217895,
              -31.3653349,
              0.0
            ],
            [
              -64.2223495,
              -31.3650948,
              0.0
            ],
            [
              -64.2228396,
              -31.3648748,
              0.0
            ],
            [
              -64.2237496,
              -31.3644846,
              0.0
            ],
            [
              -64.2244496,
              -31.3641746,
              0.0
            ],
            [
              -64.2249797,
              -31.3639444,
              0.0
            ],
            [
              -64.2252097,
              -31.3638444,
              0.0
            ],
            [
              -64.2262097,
              -31.3634143,
              0.0
            ],
            [
              -64.2272098,
              -31.3629842,
              0.0
            ],
            [
              -64.2277998,
              -31.3627341,
              0.0
            ],
            [
              -64.2284199,
              -31.362484,
              0.0
            ],
            [
              -64.2287498,
              -31.3623441,
              0.0
            ],
            [
              -64.2291299,
              -31.3621839,
              0.0
            ],
            [
              -64.2302,
              -31.3617439,
              0.0
            ],
            [
              -64.2306799,
              -31.3615338,
              0.0
            ],
            [
              -64.23142,
              -31.3612337,
              0.0
            ],
            [
              -64.23216,
              -31.3609237,
              0.0
            ],
            [
              -64.23264,
              -31.3607337,
              0.0
            ],
            [
              -64.2335501,
              -31.3603436,
              0.0
            ],
            [
              -64.2338101,
              -31.3602336,
              0.0
            ],
            [
              -64.2341301,
              -31.3601036,
              0.0
            ],
            [
              -64.2350502,
              -31.3597036,
              0.0
            ],
            [
              -64.2358002,
              -31.3593735,
              0.0
            ],
            [
              -64.2363902,
              -31.3591034,
              0.0
            ],
            [
              -64.2373803,
              -31.3586734,
              0.0
            ],
            [
              -64.2377902,
              -31.3584834,
              0.0
            ],
            [
              -64.2385003,
              -31.3581733,
              0.0
            ],
            [
              -64.2399504,
              -31.3575233,
              0.0
            ],
            [
              -64.2409845,
              -31.3572549,
              0.0
            ]
          ]
        ]
      }
    },
    {
      "type": "Feature",
      "properties": {
        "gid": 107,
        "distrito": 4,
        "provincia": "Córdoba",
        "departamen": "Capital",
        "cabecera": "Córdoba",
        "circuito": "014N",
        "indec_p": 14,
        "indec_d": 14
      },
      "geometry": {
        "type": "Polygon",
        "coordinates": [
          [
            [
              -64.2757822,
              -31.3078289,
              0.0
            ],
            [
              -64.275876,
              -31.3078312,
              0.0
            ],
            [
              -64.2774971,
              -31.3078716,
              0.0
            ],
            [
              -64.2774975,
              -31.3078716,
              0.0
            ],
            [
              -64.2806243,
              -31.308218,
              0.0
            ],
            [
              -64.2798608,
              -31.3092944,
              0.0
            ],
            [
              -64.2796408,
              -31.3096245,
              0.0
            ],
            [
              -64.2794808,
              -31.3098445,
              0.0
            ],
            [
              -64.2790208,
              -31.3105046,
              0.0
            ],
            [
              -64.2781608,
              -31.3117048,
              0.0
            ],
            [
              -64.2773507,
              -31.312835,
              0.0
            ],
            [
              -64.2764807,
              -31.3140152,
              0.0
            ],
            [
              -64.2756207,
              -31.3152354,
              0.0
            ],
            [
              -64.2751207,
              -31.3159156,
              0.0
            ],
            [
              -64.2747207,
              -31.3164757,
              0.0
            ],
            [
              -64.2738907,
              -31.3176359,
              0.0
            ],
            [
              -64.2738006,
              -31.3177759,
              0.0
            ],
            [
              -64.2731507,
              -31.3186961,
              0.0
            ],
            [
              -64.2730107,
              -31.3188862,
              0.0
            ],
            [
              -64.2726106,
              -31.3194461,
              0.0
            ],
            [
              -64.2725507,
              -31.3195261,
              0.0
            ],
            [
              -64.2722007,
              -31.3200161,
              0.0
            ],
            [
              -64.2719607,
              -31.3203661,
              0.0
            ],
            [
              -64.2713163,
              -31.3212681,
              0.0
            ],
            [
              -64.2659047,
              -31.3185395,
              0.0
            ],
            [
              -64.2652584,
              -31.3182137,
              0.0
            ],
            [
              -64.2648889,
              -31.3178564,
              0.0
            ],
            [
              -64.2633462,
              -31.3170989,
              0.0
            ],
            [
              -64.2635763,
              -31.3167231,
              0.0
            ],
            [
              -64.2654524,
              -31.3132265,
              0.0
            ],
            [
              -64.2676712,
              -31.3078731,
              0.0
            ],
            [
              -64.2720972,
              -31.3078422,
              0.0
            ],
            [
              -64.2753555,
              -31.3078182,
              0.0
            ],
            [
              -64.2753559,
              -31.3078182,
              0.0
            ],
            [
              -64.2757822,
              -31.3078289,
              0.0
            ]
          ]
        ]
      }
    },
    {
      "type": "Feature",
      "properties": {
        "gid": 108,
        "distrito": 4,
        "provincia": "Córdoba",
        "departamen": "Capital",
        "cabecera": "Córdoba",
        "circuito": "014O",
        "indec_p": 14,
        "indec_d": 14
      },
      "geometry": {
        "type": "Polygon",
        "coordinates": [
          [
            [
              -64.2890516,
              -31.3250433,
              0.0
            ],
            [
              -64.2890617,
              -31.3253933,
              0.0
            ],
            [
              -64.2890916,
              -31.3261333,
              0.0
            ],
            [
              -64.2891017,
              -31.3265233,
              0.0
            ],
            [
              -64.2891017,
              -31.3266533,
              0.0
            ],
            [
              -64.2888017,
              -31.3273834,
              0.0
            ],
            [
              -64.2885017,
              -31.3281234,
              0.0
            ],
            [
              -64.2885117,
              -31.3287034,
              0.0
            ],
            [
              -64.288481,
              -31.3287117,
              0.0
            ],
            [
              -64.2873917,
              -31.3290036,
              0.0
            ],
            [
              -64.2863917,
              -31.3292838,
              0.0
            ],
            [
              -64.2846636,
              -31.329758,
              0.0
            ],
            [
              -64.2833345,
              -31.3301552,
              0.0
            ],
            [
              -64.2820715,
              -31.3304944,
              0.0
            ],
            [
              -64.2809714,
              -31.3307046,
              0.0
            ],
            [
              -64.2799714,
              -31.3308948,
              0.0
            ],
            [
              -64.2794714,
              -31.3309949,
              0.0
            ],
            [
              -64.2791714,
              -31.331205,
              0.0
            ],
            [
              -64.2789033,
              -31.3314721,
              0.0
            ],
            [
              -64.2787214,
              -31.3317051,
              0.0
            ],
            [
              -64.2779113,
              -31.3321153,
              0.0
            ],
            [
              -64.2768913,
              -31.3323855,
              0.0
            ],
            [
              -64.2758362,
              -31.3326277,
              0.0
            ],
            [
              -64.2758412,
              -31.3358409,
              0.0
            ],
            [
              -64.2757714,
              -31.3358158,
              0.0
            ],
            [
              -64.2756514,
              -31.3357659,
              0.0
            ],
            [
              -64.2752814,
              -31.3356159,
              0.0
            ],
            [
              -64.2737412,
              -31.3347362,
              0.0
            ],
            [
              -64.2728012,
              -31.3342265,
              0.0
            ],
            [
              -64.2714122,
              -31.3340403,
              0.0
            ],
            [
              -64.2697311,
              -31.334336,
              0.0
            ],
            [
              -64.2692211,
              -31.3344359,
              0.0
            ],
            [
              -64.2685611,
              -31.3345257,
              0.0
            ],
            [
              -64.2678411,
              -31.3345755,
              0.0
            ],
            [
              -64.2673011,
              -31.3345754,
              0.0
            ],
            [
              -64.2671011,
              -31.3345754,
              0.0
            ],
            [
              -64.2651311,
              -31.3347951,
              0.0
            ],
            [
              -64.2624335,
              -31.3361973,
              0.0
            ],
            [
              -64.2602612,
              -31.3380908,
              0.0
            ],
            [
              -64.2594311,
              -31.3369642,
              0.0
            ],
            [
              -64.261511,
              -31.3358145,
              0.0
            ],
            [
              -64.2623011,
              -31.3354246,
              0.0
            ],
            [
              -64.262341,
              -31.3344945,
              0.0
            ],
            [
              -64.262351,
              -31.3342845,
              0.0
            ],
            [
              -64.262371,
              -31.3339845,
              0.0
            ],
            [
              -64.262351,
              -31.3337445,
              0.0
            ],
            [
              -64.2624109,
              -31.3328245,
              0.0
            ],
            [
              -64.2624509,
              -31.3320745,
              0.0
            ],
            [
              -64.2630809,
              -31.3317746,
              0.0
            ],
            [
              -64.2635409,
              -31.3315047,
              0.0
            ],
            [
              -64.2645109,
              -31.3306548,
              0.0
            ],
            [
              -64.2655409,
              -31.329265,
              0.0
            ],
            [
              -64.2660008,
              -31.328625,
              0.0
            ],
            [
              -64.2662308,
              -31.3282951,
              0.0
            ],
            [
              -64.2666908,
              -31.3276652,
              0.0
            ],
            [
              -64.2674708,
              -31.3265853,
              0.0
            ],
            [
              -64.2682708,
              -31.3254654,
              0.0
            ],
            [
              -64.2694608,
              -31.3256456,
              0.0
            ],
            [
              -64.2703308,
              -31.3256258,
              0.0
            ],
            [
              -64.2710108,
              -31.325596,
              0.0
            ],
            [
              -64.2717908,
              -31.3255861,
              0.0
            ],
            [
              -64.2722708,
              -31.3255663,
              0.0
            ],
            [
              -64.2730708,
              -31.3255563,
              0.0
            ],
            [
              -64.2736409,
              -31.3255261,
              0.0
            ],
            [
              -64.2740609,
              -31.325526,
              0.0
            ],
            [
              -64.2745409,
              -31.3255159,
              0.0
            ],
            [
              -64.276301,
              -31.3254555,
              0.0
            ],
            [
              -64.277101,
              -31.3254353,
              0.0
            ],
            [
              -64.2786711,
              -31.325385,
              0.0
            ],
            [
              -64.2792512,
              -31.3253548,
              0.0
            ],
            [
              -64.2807612,
              -31.3253046,
              0.0
            ],
            [
              -64.2813913,
              -31.3252844,
              0.0
            ],
            [
              -64.2831014,
              -31.3252241,
              0.0
            ],
            [
              -64.283108,
              -31.325224,
              0.0
            ],
            [
              -64.2828978,
              -31.3192622,
              0.0
            ],
            [
              -64.2829712,
              -31.319294,
              0.0
            ],
            [
              -64.2838113,
              -31.3196539,
              0.0
            ],
            [
              -64.2851913,
              -31.3196337,
              0.0
            ],
            [
              -64.2867213,
              -31.3195835,
              0.0
            ],
            [
              -64.2877414,
              -31.3195633,
              0.0
            ],
            [
              -64.2889215,
              -31.3195232,
              0.0
            ],
            [
              -64.2889315,
              -31.3202332,
              0.0
            ],
            [
              -64.2889415,
              -31.3203731,
              0.0
            ],
            [
              -64.2889515,
              -31.3212732,
              0.0
            ],
            [
              -64.2889715,
              -31.3222732,
              0.0
            ],
            [
              -64.2890016,
              -31.3233133,
              0.0
            ],
            [
              -64.2890216,
              -31.3242733,
              0.0
            ],
            [
              -64.2890516,
              -31.3250433,
              0.0
            ]
          ]
        ]
      }
    },
    {
      "type": "Feature",
      "properties": {
        "gid": 109,
        "distrito": 4,
        "provincia": "Córdoba",
        "departamen": "Capital",
        "cabecera": "Córdoba",
        "circuito": "014P",
        "indec_p": 14,
        "indec_d": 14
      },
      "geometry": {
        "type": "Polygon",
        "coordinates": [
          [
            [
              -64.3091842,
              -31.3071556,
              0.0
            ],
            [
              -64.3093017,
              -31.3071525,
              0.0
            ],
            [
              -64.3137511,
              -31.307037,
              0.0
            ],
            [
              -64.3167352,
              -31.3069594,
              0.0
            ],
            [
              -64.3187552,
              -31.3069069,
              0.0
            ],
            [
              -64.3190333,
              -31.3068996,
              0.0
            ],
            [
              -64.3191519,
              -31.3068966,
              0.0
            ],
            [
              -64.3190955,
              -31.3074042,
              0.0
            ],
            [
              -64.3190094,
              -31.3081796,
              0.0
            ],
            [
              -64.3187257,
              -31.3107331,
              0.0
            ],
            [
              -64.3186973,
              -31.3109888,
              0.0
            ],
            [
              -64.3186468,
              -31.3114446,
              0.0
            ],
            [
              -64.3185396,
              -31.3124092,
              0.0
            ],
            [
              -64.318042,
              -31.3168887,
              0.0
            ],
            [
              -64.3183179,
              -31.3171818,
              0.0
            ],
            [
              -64.3185941,
              -31.3174755,
              0.0
            ],
            [
              -64.3191076,
              -31.3180212,
              0.0
            ],
            [
              -64.3191319,
              -31.3180475,
              0.0
            ],
            [
              -64.3192761,
              -31.3182007,
              0.0
            ],
            [
              -64.3160748,
              -31.318972,
              0.0
            ],
            [
              -64.3117637,
              -31.320937,
              0.0
            ],
            [
              -64.3091721,
              -31.3221182,
              0.0
            ],
            [
              -64.3091623,
              -31.3221623,
              0.0
            ],
            [
              -64.3089822,
              -31.3222423,
              0.0
            ],
            [
              -64.3087623,
              -31.3222923,
              0.0
            ],
            [
              -64.3077522,
              -31.3225423,
              0.0
            ],
            [
              -64.3070022,
              -31.3227222,
              0.0
            ],
            [
              -64.3064922,
              -31.3228923,
              0.0
            ],
            [
              -64.3061623,
              -31.3230723,
              0.0
            ],
            [
              -64.3057822,
              -31.3233823,
              0.0
            ],
            [
              -64.3055822,
              -31.3236823,
              0.0
            ],
            [
              -64.3050522,
              -31.3246923,
              0.0
            ],
            [
              -64.3049322,
              -31.3249923,
              0.0
            ],
            [
              -64.3051523,
              -31.3256823,
              0.0
            ],
            [
              -64.3052823,
              -31.3260223,
              0.0
            ],
            [
              -64.3052223,
              -31.3263023,
              0.0
            ],
            [
              -64.3050623,
              -31.3266423,
              0.0
            ],
            [
              -64.3048323,
              -31.3269523,
              0.0
            ],
            [
              -64.3044922,
              -31.3271523,
              0.0
            ],
            [
              -64.3040523,
              -31.3273224,
              0.0
            ],
            [
              -64.3034023,
              -31.3274424,
              0.0
            ],
            [
              -64.2987021,
              -31.3283925,
              0.0
            ],
            [
              -64.2976621,
              -31.3287226,
              0.0
            ],
            [
              -64.295162,
              -31.3292427,
              0.0
            ],
            [
              -64.295272,
              -31.3293827,
              0.0
            ],
            [
              -64.294222,
              -31.3298929,
              0.0
            ],
            [
              -64.293952,
              -31.3300829,
              0.0
            ],
            [
              -64.293372,
              -31.3309429,
              0.0
            ],
            [
              -64.293142,
              -31.331563,
              0.0
            ],
            [
              -64.2930821,
              -31.331993,
              0.0
            ],
            [
              -64.2930821,
              -31.332613,
              0.0
            ],
            [
              -64.2930521,
              -31.3328431,
              0.0
            ],
            [
              -64.2930521,
              -31.332983,
              0.0
            ],
            [
              -64.2928821,
              -31.333603,
              0.0
            ],
            [
              -64.2926521,
              -31.3340631,
              0.0
            ],
            [
              -64.2923821,
              -31.3343931,
              0.0
            ],
            [
              -64.2921221,
              -31.3346232,
              0.0
            ],
            [
              -64.2919921,
              -31.3347331,
              0.0
            ],
            [
              -64.2914521,
              -31.3351132,
              0.0
            ],
            [
              -64.290662,
              -31.3355634,
              0.0
            ],
            [
              -64.289542,
              -31.3360104,
              0.0
            ],
            [
              -64.289082,
              -31.3363135,
              0.0
            ],
            [
              -64.2885622,
              -31.3365631,
              0.0
            ],
            [
              -64.288481,
              -31.3287117,
              0.0
            ],
            [
              -64.2885117,
              -31.3287034,
              0.0
            ],
            [
              -64.2885017,
              -31.3281234,
              0.0
            ],
            [
              -64.2888017,
              -31.3273834,
              0.0
            ],
            [
              -64.2891017,
              -31.3266533,
              0.0
            ],
            [
              -64.2891017,
              -31.3265233,
              0.0
            ],
            [
              -64.2890916,
              -31.3261333,
              0.0
            ],
            [
              -64.2890617,
              -31.3253933,
              0.0
            ],
            [
              -64.2890516,
              -31.3250433,
              0.0
            ],
            [
              -64.2890216,
              -31.3242733,
              0.0
            ],
            [
              -64.2890016,
              -31.3233133,
              0.0
            ],
            [
              -64.2889715,
              -31.3222732,
              0.0
            ],
            [
              -64.2889515,
              -31.3212732,
              0.0
            ],
            [
              -64.2889415,
              -31.3203731,
              0.0
            ],
            [
              -64.2889315,
              -31.3202332,
              0.0
            ],
            [
              -64.2889215,
              -31.3195232,
              0.0
            ],
            [
              -64.2889014,
              -31.3191831,
              0.0
            ],
            [
              -64.2889014,
              -31.3186432,
              0.0
            ],
            [
              -64.2888914,
              -31.3181831,
              0.0
            ],
            [
              -64.2888714,
              -31.3177831,
              0.0
            ],
            [
              -64.2888714,
              -31.3171832,
              0.0
            ],
            [
              -64.2888614,
              -31.3169032,
              0.0
            ],
            [
              -64.2888413,
              -31.3161132,
              0.0
            ],
            [
              -64.2888213,
              -31.3151531,
              0.0
            ],
            [
              -64.2888013,
              -31.3142531,
              0.0
            ],
            [
              -64.2887913,
              -31.314073,
              0.0
            ],
            [
              -64.2887713,
              -31.3134031,
              0.0
            ],
            [
              -64.2887713,
              -31.3131631,
              0.0
            ],
            [
              -64.2887313,
              -31.311603,
              0.0
            ],
            [
              -64.2887012,
              -31.310653,
              0.0
            ],
            [
              -64.2886812,
              -31.309813,
              0.0
            ],
            [
              -64.2886512,
              -31.308763,
              0.0
            ],
            [
              -64.2886232,
              -31.3078721,
              0.0
            ],
            [
              -64.2924874,
              -31.3083231,
              0.0
            ],
            [
              -64.2937644,
              -31.3081241,
              0.0
            ],
            [
              -64.2938766,
              -31.3081065,
              0.0
            ],
            [
              -64.2944134,
              -31.3080229,
              0.0
            ],
            [
              -64.2950998,
              -31.307916,
              0.0
            ],
            [
              -64.2956749,
              -31.3078263,
              0.0
            ],
            [
              -64.2960456,
              -31.3077686,
              0.0
            ],
            [
              -64.296877,
              -31.307639,
              0.0
            ],
            [
              -64.2972174,
              -31.307586,
              0.0
            ],
            [
              -64.2973434,
              -31.307574,
              0.0
            ],
            [
              -64.2992085,
              -31.3073975,
              0.0
            ],
            [
              -64.3007362,
              -31.307253,
              0.0
            ],
            [
              -64.3011554,
              -31.3072133,
              0.0
            ],
            [
              -64.3035972,
              -31.3069822,
              0.0
            ],
            [
              -64.3038227,
              -31.3069609,
              0.0
            ],
            [
              -64.3055917,
              -31.3070633,
              0.0
            ],
            [
              -64.3078035,
              -31.3071915,
              0.0
            ],
            [
              -64.3091037,
              -31.3071577,
              0.0
            ],
            [
              -64.3091842,
              -31.3071556,
              0.0
            ]
          ]
        ]
      }
    },
    {
      "type": "Feature",
      "properties": {
        "gid": 110,
        "distrito": 4,
        "provincia": "Córdoba",
        "departamen": "Capital",
        "cabecera": "Córdoba",
        "circuito": "014Q",
        "indec_p": 14,
        "indec_d": 14
      },
      "geometry": {
        "type": "Polygon",
        "coordinates": [
          [
            [
              -64.3105665,
              -31.3626363,
              0.0
            ],
            [
              -64.3104827,
              -31.3626932,
              0.0
            ],
            [
              -64.2881069,
              -31.3627071,
              0.0
            ],
            [
              -64.2907542,
              -31.3535096,
              0.0
            ],
            [
              -64.2907992,
              -31.3529256,
              0.0
            ],
            [
              -64.2910708,
              -31.3521909,
              0.0
            ],
            [
              -64.2907523,
              -31.3497598,
              0.0
            ],
            [
              -64.2911893,
              -31.3464612,
              0.0
            ],
            [
              -64.2912023,
              -31.3464565,
              0.0
            ],
            [
              -64.2914263,
              -31.3459774,
              0.0
            ],
            [
              -64.2914824,
              -31.3447804,
              0.0
            ],
            [
              -64.2920493,
              -31.3418003,
              0.0
            ],
            [
              -64.2922254,
              -31.3408742,
              0.0
            ],
            [
              -64.2922114,
              -31.3406623,
              0.0
            ],
            [
              -64.2959674,
              -31.3377409,
              0.0
            ],
            [
              -64.2977614,
              -31.3367348,
              0.0
            ],
            [
              -64.2995554,
              -31.3352507,
              0.0
            ],
            [
              -64.3017423,
              -31.3325686,
              0.0
            ],
            [
              -64.3028634,
              -31.3318984,
              0.0
            ],
            [
              -64.3052184,
              -31.3295994,
              0.0
            ],
            [
              -64.3065074,
              -31.3287384,
              0.0
            ],
            [
              -64.3074044,
              -31.3276364,
              0.0
            ],
            [
              -64.3085814,
              -31.3267744,
              0.0
            ],
            [
              -64.3103424,
              -31.3258224,
              0.0
            ],
            [
              -64.3103428,
              -31.3258591,
              0.0
            ],
            [
              -64.3122518,
              -31.3239409,
              0.0
            ],
            [
              -64.3161785,
              -31.3216287,
              0.0
            ],
            [
              -64.320317,
              -31.3200569,
              0.0
            ],
            [
              -64.3201236,
              -31.3309591,
              0.0
            ],
            [
              -64.3201183,
              -31.3312585,
              0.0
            ],
            [
              -64.3200704,
              -31.3339593,
              0.0
            ],
            [
              -64.3200552,
              -31.3348127,
              0.0
            ],
            [
              -64.3200473,
              -31.3352621,
              0.0
            ],
            [
              -64.3200282,
              -31.3363334,
              0.0
            ],
            [
              -64.320019,
              -31.3368536,
              0.0
            ],
            [
              -64.3200106,
              -31.3373283,
              0.0
            ],
            [
              -64.3193675,
              -31.3426826,
              0.0
            ],
            [
              -64.318982,
              -31.3458906,
              0.0
            ],
            [
              -64.3184183,
              -31.3505806,
              0.0
            ],
            [
              -64.3180159,
              -31.3539272,
              0.0
            ],
            [
              -64.317411,
              -31.3589595,
              0.0
            ],
            [
              -64.3172845,
              -31.3600119,
              0.0
            ],
            [
              -64.317273,
              -31.3601072,
              0.0
            ],
            [
              -64.317273,
              -31.3601074,
              0.0
            ],
            [
              -64.317273,
              -31.3601077,
              0.0
            ],
            [
              -64.3172569,
              -31.3628098,
              0.0
            ],
            [
              -64.3105665,
              -31.3626363,
              0.0
            ]
          ]
        ]
      }
    }
  ]
}